Time_Stamp,HandLeft,WristLeft,ElbowLeft,ShoulderLeft,SpineShoulder,HipLeft,SpineBase,KneeRight,TrimmingId
0,-0.166486;-0.3440076;0.9221723,-0.1794237;-0.2823994;0.966525,-0.2155541;-0.07351447;1.09844,-0.1890816;0.1170389;1.066248,-0.01557814;0.1591157;1.068006,-0.08450369;-0.3631781;1.190764,-0.0005273026;-0.370633;1.222679,0.2065313;-0.3199376;0.8511505,0
36,-0.1687828;-0.3402115;0.92804,-0.1831809;-0.2712831;0.9694456,-0.2161256;-0.05862527;1.095874,-0.1890163;0.1170691;1.066226,-0.01560852;0.1592355;1.067977,-0.08451221;-0.3631798;1.190751,-0.0005568833;-0.3706432;1.222678,0.2069794;-0.3199477;0.8513895,0
68,-0.1682212;-0.3790216;0.888606,-0.180276;-0.3168811;0.9445549,-0.1869045;-0.1307463;1.073531,-0.1892302;0.1173377;1.06641,-0.01563695;0.1593462;1.067984,-0.08468115;-0.3629722;1.19083,-0.0007311999;-0.3704177;1.222881,0.2069633;-0.3207086;0.851725,0
101,-0.1671598;-0.3828487;0.8859208,-0.1775147;-0.3228445;0.9401584,-0.1839256;-0.1272457;1.02453,-0.1886299;0.1190364;1.066092,-0.01565683;0.1594252;1.067991,-0.08475816;-0.3628336;1.190911,-0.0007931969;-0.3703312;1.223053,0.2070296;-0.3211412;0.8520521,0
135,-0.1684941;-0.3591011;0.9032775,-0.1775026;-0.2976232;0.9394162,-0.1868065;-0.054227;0.9738727,-0.1868664;0.1229204;1.065272,-0.01569183;0.1594768;1.067966,-0.08487228;-0.3627265;1.190922,-0.0008663468;-0.370323;1.223074,0.2071602;-0.3213212;0.8521678,0
166,-0.1677275;-0.3907056;0.8781648,-0.1792231;-0.3317022;0.9312291,-0.1852311;-0.1023379;1.019718,-0.1860317;0.1221754;1.065273,-0.01571381;0.1595079;1.067967,-0.08486988;-0.3627377;1.190907,-0.0008359571;-0.3703195;1.223127,0.2071228;-0.3216162;0.8523627,0
200,-0.1671555;-0.3914965;0.8750246,-0.1793453;-0.332341;0.9283301,-0.1852568;-0.1018471;1.019623,-0.1856516;0.1209156;1.064705,-0.01672715;0.1563521;1.065914,-0.085198;-0.3630498;1.190571,-0.0009410315;-0.3704732;1.223077,0.2069666;-0.3219047;0.8523518,0
235,-0.1675448;-0.3886205;0.8784714,-0.1793172;-0.3279287;0.9300321,-0.1870627;-0.09755081;1.021654,-0.1855299;0.1177867;1.064005,-0.01672746;0.1566981;1.066066,-0.08540099;-0.3634863;1.190503,-0.0010333;-0.3707411;1.22319,0.206901;-0.3221189;0.852629,0
266,-0.1664949;-0.3870786;0.8764885,-0.1792499;-0.3278742;0.9299763,-0.1869898;-0.09752268;1.021675,-0.1857664;0.1155454;1.06237,-0.01672978;0.1570374;1.06607,-0.08548528;-0.3636654;1.1901,-0.001030394;-0.3707428;1.223171,0.2067511;-0.3221896;0.8526582,0
307,-0.1679706;-0.3889697;0.8774473,-0.1806349;-0.3276778;0.9288166,-0.1868111;-0.09799884;1.022481,-0.185976;0.1137813;1.059633,-0.01708748;0.1558132;1.065357,-0.08553675;-0.3637799;1.18986,-0.001032082;-0.3707424;1.223169,0.2064525;-0.322223;0.8527213,0
336,-0.1677406;-0.3849592;0.8806756,-0.1806942;-0.3230703;0.9308955,-0.1885684;-0.09390894;1.025954,-0.1860224;0.1131114;1.058488,-0.01724808;0.1552712;1.065018,-0.08558823;-0.3637909;1.18971,-0.001050751;-0.3707069;1.22319,0.2064635;-0.3224243;0.8530959,0
366,-0.1682737;-0.3834233;0.8806844,-0.1823496;-0.3213648;0.9295086,-0.1886852;-0.09284747;1.026417,-0.186209;0.1127151;1.056693,-0.01720162;0.1562017;1.065472,-0.08562674;-0.3637546;1.189602,-0.001070816;-0.3706196;1.223223,0.2063652;-0.3225915;0.853353,0
399,-0.1222772;-0.3054043;1.017342,-0.1545942;-0.2654164;1.059809,-0.1870996;-0.09458811;1.025707,-0.1861014;0.1124408;1.055724,-0.0173152;0.1556514;1.065172,-0.08568542;-0.3637099;1.189506,-0.00110101;-0.3705369;1.223247,0.2063593;-0.322614;0.8535457,0
434,-0.1220111;-0.306228;1.017635,-0.154611;-0.2655726;1.059895,-0.1869093;-0.09473708;1.0257,-0.1860651;0.1123247;1.054716,-0.01713829;0.1565556;1.065638,-0.08570593;-0.3636661;1.189432,-0.001113159;-0.3704379;1.223291,0.2063382;-0.3228878;0.8537698,0
467,-0.1702627;-0.3852192;0.8778054,-0.1864095;-0.3223975;0.9260769,-0.1866214;-0.09498832;1.025918,-0.1861555;0.1123527;1.053975,-0.01699076;0.1571536;1.065923,-0.08569341;-0.3636041;1.189303,-0.001092463;-0.3703509;1.223286,0.2063216;-0.3230096;0.8538181,0
502,-0.1258306;-0.3023036;1.016672,-0.1555468;-0.2659751;1.060215,-0.1864939;-0.09487899;1.026153,-0.1861759;0.1123242;1.053457,-0.01681377;0.157699;1.06627,-0.08570624;-0.3635752;1.189289,-0.001101205;-0.3702592;1.223354,0.2062933;-0.3231448;0.8539918,0
537,-0.1692;-0.3853959;0.8781735,-0.1859114;-0.3218347;0.9258599,-0.1862806;-0.09467884;1.026352,-0.1861207;0.1123406;1.053258,-0.016708;0.1581193;1.06648,-0.08576167;-0.3634937;1.189192,-0.001128753;-0.3701496;1.223383,0.2060538;-0.3233601;0.8540413,0
568,-0.1690692;-0.3836201;0.8796172,-0.1859165;-0.3205322;0.9264214,-0.1867619;-0.09338939;1.026979,-0.1860412;0.1123201;1.053047,-0.01657503;0.1584763;1.066693,-0.08576014;-0.3634603;1.189187,-0.001102691;-0.3700248;1.223479,0.2059776;-0.3234174;0.8542082,0
600,-0.1691107;-0.3840379;0.8799323,-0.185922;-0.3196351;0.9268948,-0.1868594;-0.09255546;1.027628,-0.1859131;0.1122136;1.052776,-0.01653712;0.1574068;1.066461,-0.08577886;-0.3634667;1.189186,-0.001113971;-0.3700194;1.223538,0.2061253;-0.3235265;0.8544078,0
634,-0.1667576;-0.3853733;0.8783756,-0.1758279;-0.3177311;0.92219,-0.186232;-0.09273753;1.027623,-0.1857406;0.1122071;1.052441,-0.01645135;0.1578425;1.066678,-0.08575885;-0.3634269;1.189158,-0.001074925;-0.3699363;1.223565,0.2061726;-0.323577;0.8544641,0
666,-0.1769024;0.1658232;0.8941126,-0.1839735;0.1237754;0.9040985,-0.18604;-0.09311099;1.027322,-0.1829694;0.110068;1.045143,-0.01645754;0.1564465;1.065704,-0.0858096;-0.3634745;1.188978,-0.001068987;-0.3699403;1.223536,0.206135;-0.3234205;0.8544482,0
701,-0.1785064;0.1672262;0.8984531,-0.183971;0.1233257;0.9046932,-0.1860144;-0.09309578;1.027303,-0.1826326;0.110311;1.046384,-0.01643304;0.1559841;1.06578,-0.08581173;-0.3634593;1.188998,-0.001076935;-0.369859;1.22372,0.2059472;-0.3238412;0.8547361,0
735,-0.1740706;0.1436646;0.9024726,-0.165418;0.05479303;0.9139886,-0.1859466;-0.09323777;1.027345,-0.1823694;0.1113123;1.047554,-0.01633336;0.1569409;1.066434,-0.08584276;-0.3633585;1.189035,-0.001128612;-0.3697376;1.223824,0.2058836;-0.3239737;0.8548436,0
766,-0.1719021;0.1441768;0.9047768,-0.1756035;0.114837;0.9036761,-0.1868503;-0.09218092;1.027706,-0.1822022;0.1122563;1.049115,-0.01629367;0.1563;1.066268,-0.08585912;-0.3632586;1.189016,-0.001149945;-0.3696418;1.223843,0.2057405;-0.3240061;0.8548172,0
800,-0.1724179;0.1415274;0.9051414,-0.2113767;0.07348248;0.9088306,-0.186764;-0.09398388;1.028647,-0.1819024;0.113598;1.051351,-0.01614159;0.1570945;1.066764,-0.08588535;-0.3630935;1.189051,-0.0011912;-0.3694738;1.223953,0.2055563;-0.3241431;0.8548932,0
835,-0.1726299;0.1362426;0.9068063,-0.2112958;0.07292116;0.9089292,-0.1869655;-0.09572181;1.029475,-0.1812818;0.1139059;1.051821,-0.01614018;0.1575488;1.066898,-0.08595745;-0.3630626;1.189016,-0.001227291;-0.3694735;1.223938,0.205621;-0.3241423;0.8549068,0
866,-0.1684928;0.1409123;0.9177081,-0.1528293;0.1350561;0.9402508,-0.1880316;-0.09514835;1.030631,-0.180245;0.1140551;1.052115,-0.01609022;0.1581017;1.067372,-0.08598669;-0.3629399;1.189196,-0.001251122;-0.3693128;1.224287,0.205497;-0.3246248;0.855284,0
900,-0.1744594;0.1367185;0.8998097,-0.2172693;0.09073655;0.9484077,-0.1886242;-0.09447837;1.030043,-0.178492;0.1141263;1.051428,-0.01607409;0.1583037;1.067408,-0.08605657;-0.3629151;1.189123,-0.001264629;-0.3693123;1.224266,0.2054834;-0.3244131;0.8552792,0
934,-0.1813293;0.1352954;0.8968929,-0.2125602;0.06891853;0.9005518,-0.2047801;-0.1223932;1.029358,-0.1777396;0.1143657;1.051045,-0.01605346;0.1586323;1.067684,-0.08604678;-0.3628079;1.1892,-0.001249152;-0.3692071;1.22436,0.2054251;-0.3244836;0.8553143,0
968,-0.1864235;0.1355484;0.8940247,-0.2127451;0.06906022;0.9007664,-0.1976215;-0.08065271;1.020068,-0.1766821;0.1139173;1.05062,-0.01614371;0.1568603;1.066866,-0.08603844;-0.3628164;1.189032,-0.001235096;-0.3691989;1.224279,0.2055119;-0.3243156;0.8553068,0
1001,-0.1910133;0.1376477;0.8978423,-0.2214634;0.08327581;0.9247795,-0.210995;-0.1257257;1.024322,-0.1761119;0.1134928;1.050963,-0.01612246;0.1573646;1.067194,-0.08603964;-0.3628179;1.189055,-0.001237632;-0.3691919;1.2243,0.2054658;-0.3243991;0.8552927,0
1037,-0.1948682;0.1391847;0.8978114,-0.2233735;0.0862285;0.9291641,-0.211571;-0.126065;1.024578,-0.1759648;0.1132695;1.051091,-0.01613498;0.1576809;1.06731,-0.08603384;-0.362822;1.189048,-0.001233141;-0.3691893;1.224292,0.2055533;-0.3243806;0.8553023,0
1066,-0.1978123;0.1403882;0.9001516,-0.2248012;0.08703435;0.9303259,-0.2122627;-0.1261541;1.024285,-0.1758843;0.11311;1.051292,-0.01619015;0.1579434;1.067463,-0.08614879;-0.3628375;1.18905,-0.001346805;-0.3691987;1.224268,0.2057517;-0.3243503;0.8553519,0
1102,-0.1998215;0.1403425;0.8995181,-0.2258028;0.08080066;0.9154667,-0.213335;-0.1261807;1.023864,-0.1758781;0.1130873;1.051313,-0.01621892;0.1581455;1.067536,-0.08623596;-0.3628689;1.188896,-0.001438708;-0.3692157;1.224106,0.2057632;-0.3242988;0.8551984,0
1137,-0.2002545;0.1405312;0.8991076,-0.2264586;0.0797495;0.9122332,-0.2141896;-0.126212;1.023792,-0.1758832;0.113036;1.051363,-0.01624608;0.1583157;1.067629,-0.08630405;-0.3629226;1.188903,-0.001498103;-0.3692799;1.224081,0.205872;-0.3242063;0.855192,0
1168,-0.199712;0.1405763;0.8984186,-0.2268138;0.07928115;0.9108098,-0.2149188;-0.1261411;1.023627,-0.1758858;0.1129724;1.051402,-0.01627736;0.1584799;1.06773,-0.08633817;-0.3629172;1.188893,-0.001533003;-0.3692665;1.224069,0.205935;-0.324221;0.8552036,0
1201,-0.1973167;0.1401329;0.8969563,-0.2269108;0.0789279;0.9096216,-0.2150944;-0.1261392;1.023503,-0.1758659;0.1129247;1.051395,-0.01627556;0.1586486;1.067789,-0.08634114;-0.3629181;1.188884,-0.001538684;-0.3692601;1.22404,0.2060173;-0.3242178;0.8551593,0
1233,-0.1932198;0.1384265;0.8973602,-0.226658;0.07840264;0.9084846,-0.2010992;-0.09701454;1.026292,-0.1756425;0.1128388;1.051415,-0.01626841;0.1588644;1.0679,-0.08641333;-0.3628801;1.18889,-0.001608518;-0.3692124;1.224071,0.2060547;-0.3242611;0.8552356,0
1269,-0.1855167;0.1364756;0.8952374,-0.2264064;0.07801874;0.9082385,-0.1997869;-0.09543528;1.027503,-0.1749627;0.1126741;1.051125,-0.01626479;0.1590368;1.068008,-0.08645287;-0.36293;1.188904,-0.001646868;-0.3692906;1.224099,0.2061117;-0.3241028;0.8553344,0
1300,-0.1723472;0.1347983;0.8940809,-0.2230722;0.0910922;0.935488,-0.1979296;-0.09487462;1.027992,-0.1742568;0.1128925;1.049904,-0.01631597;0.1580138;1.067583,-0.08647694;-0.3629174;1.188924,-0.001661155;-0.3692947;1.224132,0.2061019;-0.3241218;0.8553867,0
1336,-0.1599807;0.1292921;0.8901218,-0.2109295;0.0691244;0.902499,-0.1967755;-0.0953785;1.028226,-0.1747656;0.1114152;1.049487,-0.01628096;0.1572265;1.067283,-0.08640292;-0.3630722;1.189054,-0.001555602;-0.3694085;1.224274,0.2059928;-0.3241187;0.8554532,0
1368,-0.1447016;0.1298064;0.884929,-0.1499015;0.1166527;0.8881381,-0.178883;-0.07189807;0.9951764,-0.1778864;0.1087742;1.05002,-0.01614061;0.1565129;1.066974,-0.08619596;-0.3634394;1.189297,-0.001296831;-0.3696677;1.224433,0.2054469;-0.3243538;0.8552153,0
1401,-0.1283789;0.1228679;0.8749563,-0.1361433;0.1592255;0.8474478,-0.1608098;-0.04650122;0.9373593,-0.1825731;0.1072842;1.051264,-0.01596726;0.1569691;1.066844,-0.08595371;-0.3639462;1.18902,-0.0009238587;-0.3700783;1.224142,0.2050816;-0.3240235;0.8545953,0
1434,-0.1107444;0.1128862;0.8741719,-0.0997503;0.1228708;0.8711861,-0.1573914;-0.04274264;0.9392174,-0.1862468;0.1089987;1.054455,-0.01559059;0.1556467;1.065464,-0.08581621;-0.3641938;1.189019,-0.0007435645;-0.3703429;1.224106,0.2050708;-0.32388;0.8544631,0
1466,-0.09378036;0.0978962;0.8690515,-0.09902184;0.07704733;0.8775797,-0.1676894;-0.1188221;1.019269,-0.1875811;0.109842;1.056122,-0.01536747;0.1562009;1.06557,-0.08551608;-0.3645775;1.188833,-0.0004268444;-0.3707333;1.223833,0.2052149;-0.3234566;0.8540906,0
1501,-0.07183437;0.0891745;0.867585,-0.08444946;0.07212512;0.8800267,-0.167534;-0.1189237;1.019547,-0.1886837;0.1108974;1.058514,-0.01523919;0.1569196;1.065935,-0.08520093;-0.3648299;1.188756,-0.0001979718;-0.3709078;1.223855,0.2053006;-0.3235641;0.8541586,0
1535,-0.05059901;0.07895821;0.8584046,-0.0700104;0.0579664;0.8696139,-0.1666987;-0.1189425;1.019902,-0.1889754;0.111315;1.05952,-0.01526223;0.1576009;1.066128,-0.08498383;-0.364832;1.18846,-8.813252E-05;-0.3708859;1.223783,0.2053116;-0.3238689;0.8541341,0
1567,-0.03125117;0.06389835;0.8524676,-0.09891971;0.02270284;0.870016,-0.1653758;-0.1166319;1.020675,-0.1889507;0.1115502;1.060208,-0.01528721;0.1581227;1.066359,-0.08453979;-0.3647308;1.187559,7.33142E-05;-0.370778;1.223628,0.2052978;-0.3239885;0.8542044,0
1602,-0.01203557;0.04896642;0.8487384,-0.09292928;0.01584089;0.8678599,-0.1646206;-0.1146573;1.023012,-0.1888798;0.1116517;1.060634,-0.01532229;0.1584968;1.066556,-0.08397696;-0.3642927;1.186861,0.0003803151;-0.370384;1.223422,0.2054432;-0.3238629;0.8543149,0
1634,0.003457167;0.03278749;0.8506514,-0.07724771;0.003579643;0.8635622,-0.1649905;-0.1177187;1.028116,-0.1887891;0.1116926;1.061163,-0.01571386;0.1574893;1.066605,-0.08357342;-0.363708;1.186668,0.0005588362;-0.3697789;1.223366,0.2055954;-0.3242451;0.854443,0
1667,0.01731626;0.01628397;0.8476606,-0.06834719;-0.01449383;0.8635336,-0.1725463;-0.08229806;1.035601,-0.1886964;0.1116931;1.061507,-0.01565613;0.1580544;1.0669,-0.0831202;-0.3629039;1.186079,0.0007968128;-0.3689261;1.22321,0.2057707;-0.3245865;0.8546939,0
1701,0.03577567;0.005868981;0.8377284,-0.01227345;-0.04624277;0.8827482,-0.1632484;-0.1366542;1.043677,-0.1886619;0.1117333;1.061556,-0.01546921;0.158465;1.066886,-0.0820449;-0.361261;1.18465,0.001517627;-0.3671393;1.222013,0.2062454;-0.3252996;0.8537191,0
1735,0.04293014;-0.009318115;0.8322167,-0.008626249;-0.05154446;0.8798382,-0.1647047;-0.1367768;1.044562,-0.1886046;0.1117412;1.061566,-0.01493344;0.1568476;1.065578,-0.08117826;-0.3601619;1.183585,0.002053017;-0.3659396;1.220912,0.2070034;-0.3256042;0.8527894,0
1767,0.04903362;-0.02264354;0.8271717,0.001071162;-0.06472708;0.8747169,-0.1655695;-0.1355131;1.045332,-0.1884966;0.1116872;1.06163,-0.01473093;0.1575068;1.065825,-0.08072805;-0.3595979;1.183361,0.002254852;-0.3652774;1.220559,0.2076062;-0.3257945;0.8524958,0
1803,0.04774504;-0.04310809;0.8236184,-0.01695657;-0.09288681;0.8848981,-0.1673768;-0.1337557;1.046536,-0.1883493;0.1116726;1.061697,-0.01442211;0.1566664;1.065566,-0.08040746;-0.3590775;1.183291,0.00240585;-0.3646436;1.220414,0.2082155;-0.3259286;0.8524907,0
1834,0.02729329;-0.07631436;0.8274362,-0.05300514;-0.1223521;0.8974595,-0.1680298;-0.1329433;1.046404,-0.1881758;0.1117963;1.061643,-0.0142935;0.157158;1.065634,-0.08015244;-0.3587794;1.182963,0.002533879;-0.3643023;1.219782,0.2089811;-0.3257584;0.8517888,0
1867,0.04541355;-0.07961269;0.8051617,-0.05278308;-0.135352;0.8994743,-0.1707984;-0.07220744;1.031607,-0.187972;0.1119582;1.061622,-0.01412099;0.1577486;1.065786,-0.08001311;-0.3586423;1.182715,0.002538499;-0.3641515;1.219185,0.2095718;-0.3318292;0.8506954,0
1902,0.02562392;-0.1092892;0.8021827,-0.05719652;-0.1417056;0.8989393,-0.1707711;-0.0719379;1.031608,-0.1877443;0.1121263;1.061566,-0.01400185;0.1581334;1.065861,-0.07988526;-0.3587098;1.182265,0.002504024;-0.3643951;1.218379,0.2108223;-0.3338937;0.8500516,0
1935,0.02601241;-0.1220964;0.7899339,-0.06531295;-0.1503305;0.896738,-0.1708629;-0.07225499;1.031392,-0.18745;0.1122889;1.06155,-0.01320984;0.1566494;1.064784,-0.07963739;-0.3594311;1.180649,0.002366366;-0.3656381;1.216036,0.2129214;-0.3332159;0.8482324,0
1966,0.02215742;-0.1357162;0.7778973,-0.0679417;-0.1555226;0.8893645,-0.1750141;-0.1047918;1.035759,-0.1866571;0.1123746;1.061311,-0.01313447;0.1569311;1.064798,-0.07886221;-0.3617802;1.176816,0.002394576;-0.3685668;1.21186,0.2158525;-0.3309502;0.8457125,0
2003,0.0124199;-0.1526112;0.7704386,-0.07842349;-0.1634953;0.8917168,-0.1767849;-0.09041849;1.034568,-0.1864381;0.1125744;1.061278,-0.01298951;0.1572351;1.064805,-0.07814214;-0.3625357;1.174155,0.002822968;-0.3693115;1.209815,0.21715;-0.329831;0.8448764,0
2035,0.001680521;-0.1693936;0.7589104,-0.04785835;-0.1972078;0.8064053,-0.1712613;-0.1333337;1.006167,-0.18618;0.1128084;1.061204,-0.0129208;0.157421;1.064769,-0.07823668;-0.3634281;1.172001,0.002620432;-0.3704081;1.207719,0.2182035;-0.3264195;0.8438771,0
2068,-0.01151338;-0.1848915;0.7532211,-0.04792477;-0.1871115;0.8124206,-0.1787385;-0.1249506;0.9713806,-0.1858427;0.1130799;1.061083,-0.0128607;0.1575881;1.064749,-0.07806527;-0.3638473;1.171272,0.002901849;-0.3709099;1.206872,0.2192282;-0.32409;0.8434842,0
2100,-0.02970159;-0.1995651;0.7504265,-0.0680123;-0.1741192;0.8392996,-0.1858936;-0.07426909;1.037874,-0.1855781;0.1132653;1.061067,-0.01275925;0.1577974;1.064793,-0.07806266;-0.3639593;1.171218,0.002981229;-0.370997;1.206838,0.2196864;-0.3226192;0.8437304,0
2135,-0.0465131;-0.2120886;0.7435233,-0.1293161;-0.1955389;0.8908163,-0.1860499;-0.07464372;1.037873,-0.1843402;0.1133408;1.060694,-0.01267737;0.1579745;1.06487,-0.07816173;-0.364104;1.171429,0.003137351;-0.3710597;1.207223,0.2188741;-0.3218395;0.8440073,0
2166,-0.06601103;-0.2227128;0.7399003,-0.1213043;-0.217916;0.846981,-0.1868288;-0.0769489;1.03874,-0.1841895;0.1134632;1.060645,-0.01177464;0.1559772;1.063887,-0.07814744;-0.3640143;1.173916,0.003736967;-0.3707363;1.209362,0.2171618;-0.3217893;0.8447034,0
2203,-0.08742789;-0.233799;0.7428632,-0.1298148;-0.2195919;0.8515407,-0.1881672;-0.08005589;1.038751,-0.184044;0.1135526;1.060631,-0.0117059;0.1565605;1.06421,-0.07794072;-0.363264;1.178012,0.004775727;-0.3697408;1.21281,0.2148584;-0.3221217;0.8458489,0
2235,-0.1071644;-0.2435971;0.7431551,-0.1553896;-0.2095522;0.8772212,-0.189277;-0.0872205;1.04182,-0.1839168;0.1136134;1.06067,-0.01161866;0.1570098;1.064576,-0.07723531;-0.3630352;1.18148,0.005758226;-0.3695214;1.215557,0.2134258;-0.3223102;0.8468506,0
2268,-0.1275639;-0.2498746;0.7446069,-0.1696949;-0.2116178;0.8911881,-0.1903874;-0.09406503;1.045606,-0.1838315;0.1136341;1.060638,-0.01159634;0.1571791;1.064601,-0.07722792;-0.3629451;1.182276,0.005926161;-0.3694811;1.216011,0.2128372;-0.3217796;0.8467887,0
2301,-0.1453965;-0.2580613;0.7483792,-0.1788692;-0.2127293;0.8929803,-0.1915906;-0.09844735;1.048444,-0.1833046;0.1136536;1.060318,-0.01162656;0.1573595;1.064617,-0.07806075;-0.3628771;1.183359,0.005578515;-0.3696103;1.216553,0.2120143;-0.3214673;0.8467384,0
2333,-0.1898164;-0.2480035;0.8522823,-0.1839626;-0.228903;0.9059149,-0.1939708;-0.1047575;1.051415,-0.1832774;0.1137377;1.060423,-0.01168664;0.1575621;1.064715,-0.07977994;-0.3629068;1.1847,0.00423343;-0.3699778;1.217541,0.211725;-0.3208915;0.8476905,0
2368,-0.1941572;-0.2530152;0.8560387,-0.1881725;-0.2328449;0.9111358,-0.1958727;-0.108082;1.053076,-0.1830044;0.113834;1.060366,-0.01176218;0.1576905;1.064741,-0.08125123;-0.3631709;1.185164,0.002853106;-0.3705552;1.217928,0.2115245;-0.3200226;0.8484827,0
2401,-0.1885559;-0.3012523;0.8603202,-0.1934242;-0.2577074;0.9034203,-0.1982751;-0.1134463;1.055197,-0.1827087;0.1139221;1.060657,-0.01186164;0.1578883;1.064824,-0.08183762;-0.3632851;1.185366,0.002089821;-0.3707967;1.218112,0.2114236;-0.3195195;0.8489646,0
2435,-0.207575;-0.2665344;0.8579506,-0.2043712;-0.2428371;0.9073218,-0.200261;-0.1172066;1.055766,-0.1824985;0.1139459;1.060883,-0.0119806;0.158049;1.064848,-0.08266436;-0.3633781;1.185473,0.001185401;-0.3709998;1.218153,0.2113995;-0.3192067;0.8492891,0
2470,-0.2044901;-0.2842367;0.7605355,-0.2097268;-0.2457043;0.9197352,-0.2019282;-0.1190171;1.057261,-0.1825979;0.1140448;1.061146,-0.01208749;0.1582058;1.064914,-0.08351541;-0.3634848;1.18557,0.0002989158;-0.3711918;1.21824,0.2112677;-0.3191187;0.8496331,0
2500,-0.2071599;-0.2864879;0.761263,-0.2128983;-0.2423011;0.9173961,-0.2036218;-0.1201198;1.059042,-0.1825563;0.1140977;1.061946,-0.01230334;0.1562174;1.064135,-0.0844458;-0.3635931;1.185899,-0.0006770641;-0.3713833;1.218509,0.2112845;-0.3185813;0.8502644,0
2534,-0.2110978;-0.2899359;0.7647625,-0.2175272;-0.2410816;0.9177427,-0.2049544;-0.1206876;1.060688,-0.1826747;0.1141891;1.062201,-0.01254451;0.1565899;1.064358,-0.08509855;-0.3639381;1.186095,-0.001424716;-0.3719255;1.218622,0.2110457;-0.3179575;0.850637,0
2567,-0.212234;-0.2918017;0.7658046,-0.2196603;-0.2408126;0.918565,-0.2058803;-0.1208153;1.061728,-0.1828236;0.1142822;1.062494,-0.01279116;0.1569316;1.064495,-0.08614061;-0.3640626;1.186197,-0.002297844;-0.3721678;1.218594,0.2111176;-0.3177129;0.8508455,0
2601,-0.2130405;-0.2941702;0.7674096,-0.2203282;-0.2404377;0.9192516,-0.2065916;-0.1207384;1.062678,-0.1830217;0.1142872;1.063016,-0.01298787;0.1571593;1.064554,-0.08667111;-0.3643954;1.185821,-0.002949739;-0.3725455;1.218232,0.2110204;-0.3174699;0.8508187,0
2634,-0.2130096;-0.2961127;0.7684505,-0.2206984;-0.2395015;0.9191625,-0.2073034;-0.1213309;1.063945,-0.1831727;0.1142997;1.063157,-0.01325547;0.1574091;1.064641,-0.08800378;-0.364609;1.185901,-0.00422302;-0.3729134;1.218217,0.2110151;-0.317198;0.851247,0
2669,-0.2122392;-0.2999124;0.7712246,-0.221409;-0.2396649;0.9207448,-0.2078676;-0.1212412;1.065289,-0.1833655;0.1143011;1.063343,-0.01349539;0.1576636;1.06471,-0.08877984;-0.3646999;1.185797,-0.00490298;-0.3730442;1.218121,0.2107472;-0.3172936;0.8512638,0
2702,-0.2116775;-0.3058123;0.7759776,-0.2189793;-0.2434592;0.9248594,-0.208403;-0.1214708;1.066528,-0.1836432;0.1143484;1.063712,-0.01380768;0.1579374;1.06493,-0.08909068;-0.3647275;1.185862,-0.005248722;-0.3730513;1.218234,0.2106304;-0.3172229;0.8515199,0
2735,-0.2107609;-0.3118044;0.778681,-0.2158489;-0.2472437;0.9292138,-0.2087625;-0.1218481;1.067962,-0.1842849;0.1143513;1.065642,-0.01410185;0.1582325;1.065245,-0.08945515;-0.3648772;1.186061,-0.005567061;-0.3731848;1.218462,0.2105322;-0.3172537;0.8518332,0
2768,-0.2063406;-0.3156674;0.7764177,-0.2155118;-0.247573;0.9213057,-0.2088056;-0.1219803;1.068893,-0.1844267;0.1143527;1.06573,-0.01427468;0.1584158;1.065333,-0.08943242;-0.3648975;1.18604,-0.005551189;-0.3731799;1.218461,0.2103557;-0.3173251;0.8517644,0
2801,-0.204296;-0.3017798;0.867972,-0.2141171;-0.2511725;0.9203878,-0.2085665;-0.12294;1.069026,-0.1847386;0.1141475;1.066099,-0.01440869;0.1585255;1.065326,-0.08946902;-0.3650157;1.185963,-0.005568423;-0.3732601;1.218396,0.210133;-0.3171769;0.851639,0
2834,-0.1888025;-0.3305966;0.8820164,-0.2045009;-0.2704925;0.9258879,-0.2084159;-0.1243288;1.069676,-0.1848355;0.1141625;1.066149,-0.0146078;0.1587449;1.065414,-0.08945077;-0.3650094;1.185963,-0.005548868;-0.3732202;1.218398,0.2100627;-0.3174182;0.851563,0
2868,-0.180531;-0.3467048;0.8810101,-0.1991839;-0.2829731;0.9245312,-0.2082089;-0.1248261;1.070164,-0.1849797;0.1141838;1.066236,-0.01476603;0.1588862;1.065465,-0.08940657;-0.3649821;1.185939,-0.005507322;-0.3731472;1.21839,0.2102908;-0.3179461;0.8515686,0
2902,-0.1784926;-0.3527772;0.8817726,-0.1981492;-0.2864523;0.9257926,-0.2080766;-0.1260836;1.070942,-0.1851445;0.1142449;1.06645,-0.01496863;0.1591611;1.065689,-0.08924673;-0.3649077;1.186236,-0.005336013;-0.3729544;1.218733,0.2103697;-0.3181961;0.8518432,0
2935,-0.1741554;-0.3532088;0.8814109,-0.1952418;-0.2897745;0.9289744,-0.2076442;-0.1275008;1.071255,-0.1852106;0.1142265;1.066441,-0.01505678;0.1592484;1.065643,-0.0891529;-0.3649032;1.18616,-0.005216347;-0.3728857;1.218632,0.2102908;-0.3184055;0.8515562,1
2968,-0.1753851;-0.3548773;0.8824384,-0.1938665;-0.2920321;0.9322855,-0.2069244;-0.1296531;1.072729,-0.1853075;0.1142183;1.066563,-0.01518958;0.1593999;1.065743,-0.0887792;-0.3648171;1.186628,-0.004860683;-0.3726702;1.219033,0.2105213;-0.320731;0.8515451,1
3000,-0.1741379;-0.3560369;0.885446,-0.19228;-0.2933881;0.936359,-0.2061072;-0.1304892;1.074905,-0.185467;0.1141956;1.066791,-0.01534508;0.1596157;1.066025,-0.08826976;-0.3644298;1.187449,-0.004287208;-0.3720159;1.219976,0.2100803;-0.3214567;0.8519922,1
3037,-0.1710005;-0.356216;0.8819698,-0.1920089;-0.2933657;0.9364427,-0.2049317;-0.1315833;1.076022,-0.1855307;0.1141803;1.066846,-0.01542236;0.1597079;1.06606,-0.08804026;-0.3642604;1.187505,-0.003932439;-0.3716804;1.22007,0.2099023;-0.32168;0.8517749,1
3068,-0.1698823;-0.3569187;0.8778764,-0.1915996;-0.2926509;0.9356413,-0.2041048;-0.131831;1.076885,-0.1855973;0.1141643;1.066877,-0.01546759;0.1597414;1.06606,-0.08784025;-0.3643259;1.187461,-0.003770777;-0.3717014;1.220007,0.2099292;-0.3217085;0.8516451,1
3104,-0.1725781;-0.3584112;0.8705388,-0.1951413;-0.2869951;0.9230953,-0.2031724;-0.1311359;1.078977,-0.1857266;0.1141805;1.067014,-0.01555215;0.1598288;1.066154,-0.08759569;-0.3643304;1.187695,-0.003544442;-0.3716584;1.220174,0.209919;-0.321911;0.8516415,1
3135,-0.1937956;-0.3069798;0.8187247,-0.1949718;-0.2828522;0.9078074,-0.202574;-0.1307995;1.079174,-0.1857793;0.1141741;1.066985,-0.01559905;0.1598877;1.066066,-0.08730524;-0.3643241;1.187326,-0.003278456;-0.3715889;1.219855,0.2095677;-0.3219886;0.8511034,1
3168,-0.1930036;-0.3009022;0.8207055,-0.1941253;-0.2813312;0.9028494,-0.2018429;-0.1300115;1.079872,-0.1858269;0.1141783;1.067006,-0.01564895;0.1599415;1.066059,-0.08719576;-0.3642692;1.187354,-0.003134311;-0.3714963;1.219825,0.2095157;-0.3222269;0.8508497,1
3200,-0.192789;-0.2940442;0.8184942,-0.1941729;-0.2781746;0.8977652,-0.2015423;-0.1297602;1.080133,-0.1862698;0.1141768;1.067878,-0.01569934;0.1600048;1.066067,-0.08697625;-0.3642627;1.187494,-0.002971512;-0.3714621;1.219859,0.209484;-0.322228;0.850737,1
3234,-0.1946201;-0.2893227;0.8163767,-0.1941933;-0.2759761;0.8959442,-0.2012116;-0.1288859;1.081445,-0.1863682;0.1142597;1.068012,-0.01580101;0.1601596;1.066267,-0.08664683;-0.3642223;1.187993,-0.002725901;-0.3713901;1.220213,0.2094538;-0.3222992;0.8508766,1
3268,-0.1933977;-0.2799372;0.8120623,-0.1937781;-0.2730383;0.8914813,-0.2007274;-0.1280767;1.082052,-0.1864051;0.114272;1.068029,-0.01585959;0.160239;1.06632,-0.0866153;-0.3641439;1.188049,-0.002663602;-0.3712795;1.220263,0.209515;-0.322331;0.8508834,1
3302,-0.1816589;-0.3041286;0.8603236,-0.1992052;-0.251291;0.9018495,-0.200406;-0.1269943;1.082284,-0.1864138;0.1142728;1.06803,-0.01589514;0.1602874;1.066335,-0.08656048;-0.3640686;1.188006,-0.002603261;-0.3711798;1.220228,0.209524;-0.3225354;0.8508056,1
3338,-0.1896333;-0.2551474;0.7991765,-0.1907141;-0.2457967;0.8692406,-0.2003316;-0.1257284;1.08282,-0.1864436;0.1142883;1.068063,-0.01593124;0.1603397;1.066404,-0.0864902;-0.3640621;1.188064,-0.002557383;-0.3711602;1.220299,0.2096846;-0.3225029;0.8509489,1
3367,-0.1866371;-0.2343376;0.7931463,-0.1964163;-0.2185252;0.8494248,-0.2000425;-0.124543;1.08264,-0.1864745;0.1142878;1.068064,-0.0159484;0.1603652;1.066406,-0.08644796;-0.3640552;1.188025,-0.002541809;-0.3711514;1.220276,0.2098507;-0.3227171;0.8509784,1
3401,-0.1850007;-0.2067321;0.7744172,-0.1922499;-0.2060547;0.8454959,-0.1993852;-0.1220996;1.082427,-0.1865159;0.1142753;1.068035,-0.01595832;0.1603791;1.066396,-0.08603841;-0.3640144;1.188162,-0.002112998;-0.3710524;1.220339,0.2096184;-0.3229063;0.8506719,1
3435,-0.1796488;-0.1724375;0.7620763,-0.1832605;-0.1528841;0.8661551,-0.1977673;-0.1200049;1.081576,-0.1866032;0.1142323;1.067901,-0.0159639;0.1603804;1.066324,-0.0854811;-0.3640245;1.187974,-0.001435051;-0.3709507;1.220111,0.2093337;-0.3226706;0.8499843,1
3468,-0.1745783;-0.1355415;0.7588317,-0.1831214;-0.1616873;0.8784629,-0.1954265;-0.1221437;1.083746,-0.1867098;0.1141397;1.067862,-0.01597449;0.1603817;1.066327,-0.08518291;-0.364073;1.188175,-0.001109171;-0.3709337;1.220346,0.209176;-0.3225051;0.8500776,1
3502,-0.1725468;-0.0900469;0.7633107,-0.1824744;-0.1646427;0.8813829,-0.194804;-0.1199381;1.084358,-0.1867396;0.1141294;1.067868,-0.01598951;0.160389;1.066346,-0.08512248;-0.3640929;1.188268,-0.001041003;-0.3709484;1.220498,0.2094354;-0.3251371;0.8501285,1
3537,-0.1697288;-0.04779587;0.7762089,-0.1498465;-0.07094756;0.8324023,-0.1916511;-0.1004394;1.078392,-0.1867723;0.114173;1.067998,-0.01603574;0.1603751;1.066334,-0.08515486;-0.3641593;1.188218,-0.001110185;-0.3710475;1.220455,0.2094017;-0.3250155;0.8501577,1
3567,-0.1676124;-0.007794888;0.7937716,-0.158194;-0.04373279;0.8241925,-0.1776049;-0.1337409;1.033533,-0.1864453;0.1150222;1.067458,-0.01608275;0.160356;1.066307,-0.08515666;-0.3641037;1.18815,-0.001096585;-0.3710195;1.220437,0.2091802;-0.3250214;0.850067,1
3600,-0.1669241;0.02775798;0.8122466,-0.1560179;0.03664683;0.7900801,-0.1773869;-0.07020775;0.9440379,-0.1841476;0.1201021;1.066225,-0.01611091;0.1603549;1.066321,-0.08525398;-0.363937;1.188202,-0.001177685;-0.3709565;1.220519,0.2091881;-0.3250564;0.8502496,1
3634,-0.1655443;0.05864276;0.8272317,-0.1665281;0.07396705;0.804163,-0.1752926;-0.05440426;0.9416316,-0.1830776;0.1197813;1.066085,-0.0172276;0.1567013;1.064489,-0.08525108;-0.3639402;1.188192,-0.001167397;-0.37096;1.220538,0.209331;-0.3249843;0.8504221,1
3667,-0.1671567;0.07763634;0.8422517,-0.2150687;0.01107245;0.8279156,-0.1764684;-0.08052317;0.9880206,-0.1819543;0.1155985;1.066006,-0.01720899;0.1569237;1.064633,-0.08529296;-0.364267;1.188128,-0.001155768;-0.3711574;1.220644,0.2090811;-0.3254826;0.8506198,1
3701,-0.166564;0.09662376;0.8550421,-0.207849;0.006109842;0.851854,-0.1770197;-0.1353408;1.031742,-0.1824242;0.1134894;1.065555,-0.01721453;0.1571837;1.064742,-0.08533432;-0.3643793;1.188133,-0.001160074;-0.3712119;1.220739,0.2088561;-0.3254976;0.8507999,1
3738,-0.1660383;0.1082781;0.865168,-0.2116656;0.04738834;0.837859,-0.1752276;-0.06333984;0.9856235,-0.1835333;0.1117296;1.065197,-0.01721264;0.1574433;1.064805,-0.08535473;-0.3644502;1.188111,-0.00115372;-0.3712276;1.220795,0.2086451;-0.3256283;0.8509451,1
3768,-0.1834165;0.1787064;0.864998,-0.1982098;0.1454792;0.81443,-0.1710307;-0.03491624;0.9340858,-0.1835287;0.1103245;1.060599,-0.01720102;0.1576145;1.064749,-0.08551873;-0.3645011;1.187872,-0.00117321;-0.371217;1.220777,0.2082888;-0.3263914;0.8507909,1
3801,-0.1654086;0.1276008;0.8813013,-0.1691477;0.05509896;0.9080258,-0.1745357;-0.06501528;0.986398,-0.183594;0.1105045;1.058954,-0.01721199;0.1578923;1.064917,-0.08556081;-0.3644916;1.187874,-0.001254031;-0.3711412;1.220986,0.2083025;-0.3276626;0.8513969,1
3837,-0.1696679;0.1275495;0.8843796,-0.1987953;0.147894;0.8199661,-0.1721867;-0.04395081;0.942205,-0.1833583;0.1101074;1.057153,-0.01717917;0.1581557;1.065054,-0.08558335;-0.3644806;1.18787,-0.001272645;-0.3710161;1.221237,0.2081491;-0.327196;0.8521821,1
3867,-0.1672361;0.1320509;0.8839141,-0.169651;0.05845727;0.9109523,-0.1729692;-0.06675182;0.9865761,-0.1831031;0.1099083;1.055584,-0.01713491;0.1583026;1.065069,-0.08560532;-0.3644692;1.187797,-0.001270903;-0.3709865;1.221252,0.2079049;-0.3268934;0.8522311,1
3904,-0.1747096;0.128165;0.8814887,-0.2110178;0.06653097;0.8890561,-0.1767888;-0.1082831;1.016283,-0.182884;0.1097675;1.054712,-0.01710208;0.1584591;1.065095,-0.08562671;-0.3644659;1.187723,-0.001271549;-0.3709697;1.22126,0.2079519;-0.3262814;0.8523936,1
3934,-0.1689254;0.1509835;0.8827438,-0.1707703;0.1030381;0.8944157,-0.1769433;-0.1080273;1.016123,-0.1827397;0.1099001;1.053555,-0.01707072;0.1586093;1.065139,-0.0856602;-0.3644088;1.187629,-0.001272336;-0.3709145;1.221261,0.2078913;-0.326092;0.85242,1
3973,-0.1691708;0.1505664;0.8839042,-0.1706451;0.1030507;0.8943912,-0.1772924;-0.1041414;1.015363,-0.1825112;0.1097795;1.052872,-0.01699002;0.1588232;1.065237,-0.08566148;-0.3643997;1.187625,-0.0012503;-0.3708482;1.221346,0.207815;-0.3260038;0.8525797,1
4004,-0.1693867;0.1514188;0.8842958,-0.1705824;0.1030501;0.8944092,-0.1774277;-0.1041162;1.015944,-0.1823225;0.1099454;1.05256,-0.01692776;0.1589951;1.065347,-0.08566729;-0.3643709;1.18762,-0.001240844;-0.3707846;1.221406,0.2079619;-0.3271681;0.8526393,1
4034,-0.1701635;0.1520478;0.885861,-0.1706526;0.1031233;0.8945138,-0.1776165;-0.1037207;1.016225,-0.1819803;0.109958;1.052856,-0.01686154;0.159235;1.065593,-0.08566367;-0.3643436;1.1877,-0.001210683;-0.3706965;1.221705,0.2078674;-0.3270248;0.8530424,1
4069,-0.1706569;0.1518448;0.8840341,-0.1706841;0.1031968;0.8944666,-0.1779623;-0.1040306;1.016925,-0.1815269;0.109333;1.052881,-0.01692535;0.1575507;1.0647,-0.08565818;-0.3643518;1.187697,-0.001172729;-0.3706854;1.221765,0.2077849;-0.3269474;0.853124,1
4100,-0.1717907;0.1525609;0.8816854,-0.1710649;0.1038284;0.8939329,-0.1784678;-0.1044903;1.017862,-0.1812403;0.1095215;1.052679,-0.01683109;0.1579268;1.064927,-0.08562013;-0.3642771;1.187696,-0.001110469;-0.3705801;1.221807,0.2077345;-0.3268226;0.8531277,1
4137,-0.1715581;0.1549244;0.8812937,-0.171925;0.104844;0.8935201,-0.179395;-0.1045697;1.01889,-0.1807758;0.1097345;1.053184,-0.01670792;0.1583327;1.065165,-0.08562219;-0.3642243;1.187699,-0.001114432;-0.3705104;1.221853,0.2078016;-0.3267324;0.8532131,1
4170,-0.1725731;0.1562814;0.8830302,-0.1722572;0.1059443;0.8941247,-0.1824678;-0.1034161;1.022454,-0.1801109;0.1105569;1.054134,-0.01660246;0.1587942;1.065595,-0.08560096;-0.3639721;1.18797,-0.001096961;-0.3702511;1.222221,0.20768;-0.3268708;0.8534804,1
4205,-0.1727021;0.1543455;0.8833672,-0.1723277;0.1060947;0.8942319,-0.183581;-0.1035662;1.023611,-0.1791726;0.1117574;1.054717,-0.01656552;0.1590361;1.06574,-0.08558395;-0.3638259;1.187957,-0.001090639;-0.3701513;1.22224,0.2077737;-0.32672;0.8535422,1
4233,-0.1716622;0.153061;0.8903361,-0.1734921;0.1079882;0.8949902,-0.1849285;-0.1032313;1.02458,-0.1778545;0.1121298;1.05509,-0.01652512;0.1592845;1.065924,-0.08559795;-0.3636739;1.188153,-0.001089028;-0.370019;1.222466,0.2077392;-0.3267492;0.8536955,1
4270,-0.1695281;0.1432787;0.8843288,-0.1817208;0.09706382;0.8977252,-0.1856373;-0.1032954;1.024397,-0.1758633;0.1122027;1.052544,-0.01651455;0.1593646;1.065883,-0.08567143;-0.3636676;1.188071,-0.001112518;-0.370052;1.222378,0.207513;-0.3263654;0.8534566,1
4303,-0.1709408;0.1390196;0.8828244,-0.1852128;0.09300067;0.8977406,-0.1864891;-0.103266;1.024474,-0.1747766;0.1121082;1.051611,-0.01651748;0.1594851;1.065955,-0.08574352;-0.3636582;1.188149,-0.001138299;-0.3700707;1.222427,0.2074862;-0.3261761;0.8534891,1
4336,-0.1757854;0.1291592;0.8769684,-0.188154;0.08930229;0.8959023,-0.191471;-0.0717252;1.004444,-0.1730131;0.1124842;1.050352,-0.0165168;0.159594;1.06601,-0.08579951;-0.363606;1.188143,-0.001168211;-0.3700489;1.222426,0.2074691;-0.3261494;0.8534844,1
4371,-0.1785505;0.1272269;0.8706121,-0.1905093;0.08495498;0.8927177,-0.1942618;-0.0867146;1.013698,-0.168507;0.1090904;1.048328,-0.01650647;0.1596867;1.066098,-0.08575562;-0.363667;1.188233,-0.001064058;-0.370078;1.222531,0.2073836;-0.3261143;0.8534895,1
4404,-0.1830841;0.1246866;0.8670418,-0.1939854;0.08142614;0.8890204,-0.1952213;-0.08976127;1.014973,-0.1669195;0.1080811;1.046835,-0.01652887;0.1597812;1.066243,-0.08579525;-0.363731;1.188286,-0.001085907;-0.3701246;1.22258,0.2073909;-0.3260338;0.8535345,1
4437,-0.1872392;0.1184836;0.8688588,-0.1972782;0.07866806;0.8860134,-0.195813;-0.09093351;1.015326,-0.1660344;0.1078231;1.046085,-0.01656356;0.1598522;1.066322,-0.08582199;-0.3637648;1.188334,-0.001089479;-0.3701454;1.22262,0.2073913;-0.3260101;0.853555,1
4469,-0.1886408;0.1190918;0.8683643,-0.2117696;0.06147808;0.882102,-0.1965949;-0.09198219;1.014987,-0.1655183;0.1074332;1.045628,-0.01659783;0.1598992;1.066393,-0.0858966;-0.3638783;1.188335,-0.001150496;-0.3702411;1.222619,0.2074137;-0.3259666;0.8535777,1
4502,-0.188919;0.1189701;0.868845,-0.2133809;0.06009039;0.8817663,-0.1973319;-0.09319143;1.014773,-0.1650431;0.1071362;1.045075,-0.01662269;0.1599218;1.066433,-0.08596563;-0.3639418;1.188372,-0.001187579;-0.3702834;1.222648,0.2074136;-0.3259295;0.8536005,1
4537,-0.1881018;0.1182927;0.868309,-0.2170703;0.05816339;0.8727951,-0.197613;-0.09346332;1.014587,-0.1646348;0.1069084;1.044479,-0.01664359;0.1599333;1.066466,-0.08608997;-0.3641535;1.188405,-0.001267976;-0.3705101;1.222661,0.207431;-0.3257832;0.8536286,1
4569,-0.1866527;0.1171391;0.866688,-0.2178632;0.05772371;0.8714522,-0.1977991;-0.09370881;1.014436,-0.1642508;0.1066373;1.043984,-0.01666506;0.1599512;1.066481,-0.08609566;-0.3642804;1.188376,-0.001275044;-0.3706161;1.222636,0.2074509;-0.325715;0.8536193,1
4603,-0.1852858;0.1162936;0.866109,-0.2176815;0.05705828;0.8727136,-0.1979973;-0.09435756;1.014295,-0.163908;0.1062725;1.043876,-0.01717982;0.1572368;1.065477,-0.08611656;-0.364374;1.188409,-0.001278046;-0.3706787;1.222666,0.2074238;-0.3256831;0.8536317,1
4637,-0.1819588;0.1149064;0.8643613,-0.1811147;0.04356649;0.8780304,-0.198047;-0.09466382;1.01421,-0.1634642;0.1054145;1.043712,-0.01715941;0.1574621;1.065637,-0.08610342;-0.3645263;1.188439,-0.001251571;-0.3707807;1.222703,0.2073846;-0.3256457;0.8536456,1
4669,-0.1781799;0.1132349;0.8648748,-0.2035311;0.04715643;0.878541,-0.1884685;-0.1422869;1.042992,-0.1628543;0.1048556;1.043707,-0.01744404;0.1562167;1.065498,-0.08603841;-0.3647071;1.188804,-0.001142488;-0.3709212;1.223044,0.2072545;-0.3255728;0.853842,1
4700,-0.1699024;0.1094872;0.8571479,-0.204602;0.04665731;0.8792281,-0.1877412;-0.1427851;1.043494,-0.160988;0.1042203;1.044336,-0.01734193;0.1564764;1.065529,-0.08599446;-0.3649555;1.188702,-0.001043267;-0.3711895;1.222926,0.207164;-0.3253411;0.8536382,1
4733,-0.1556548;0.1073619;0.8582175,-0.2040898;0.04398846;0.8802412,-0.1865496;-0.1439397;1.046181,-0.1602877;0.1028731;1.044227,-0.01721188;0.1568005;1.065696,-0.08575091;-0.365458;1.189267,-0.000672307;-0.3716242;1.223431,0.2067631;-0.3251867;0.8537921,1
4769,-0.1402927;0.1015147;0.8585867,-0.1972241;0.04361125;0.8805182,-0.1866028;-0.1420785;1.049586,-0.170601;0.1060032;1.051327,-0.01718943;0.1549574;1.064922,-0.08566771;-0.3656157;1.189649,-0.0005576665;-0.3717963;1.22365,0.2067309;-0.3277332;0.8536175,1
4802,-0.1222676;0.09328938;0.8568326,-0.1903534;0.05672663;0.8658549,-0.1789604;-0.08164437;0.9923709,-0.1747417;0.1085162;1.051373,-0.01698847;0.1554223;1.064881,-0.08564652;-0.3656272;1.189643,-0.0004854371;-0.3718667;1.223572,0.2065874;-0.3269105;0.8533252,1
4837,-0.1028881;0.08235474;0.8580542,-0.1763052;0.04409276;0.8707077,-0.1813282;-0.123179;1.012151,-0.1773626;0.109924;1.052106,-0.01682342;0.1557987;1.064696,-0.0856654;-0.365738;1.189297,-0.0004522505;-0.3720447;1.22318,0.2062945;-0.3261392;0.8528094,1
4867,-0.08144949;0.07564019;0.8577631,-0.1547623;0.0251596;0.8704742,-0.1801592;-0.1272377;1.013771,-0.1778271;0.1101005;1.052241,-0.0162621;0.1533505;1.061779,-0.08550258;-0.3658878;1.188984,-0.0002585927;-0.3721915;1.222898,0.206076;-0.3250957;0.8524973,1
4902,-0.06218365;0.06397285;0.8638468,-0.1373149;0.02079873;0.8700607,-0.1814664;-0.1316286;1.021636,-0.1781626;0.1103395;1.052779,-0.0161953;0.1546777;1.062633,-0.0854382;-0.3658739;1.18899,-0.0002138935;-0.3721791;1.222938,0.2061393;-0.3250374;0.8526117,1
4938,-0.04341448;0.05412814;0.8624973,-0.1220056;0.01090836;0.8753688,-0.1816975;-0.1326107;1.024071,-0.1782348;0.1103642;1.052935,-0.01615422;0.1553787;1.06307,-0.08521944;-0.3656834;1.18844,-0.0001404246;-0.3720518;1.222839,0.2060488;-0.3251398;0.8526311,1
4970,-0.02688038;0.04389172;0.8619812,-0.1087292;0.001406533;0.8764133,-0.1810344;-0.1319471;1.025944,-0.1783299;0.1103214;1.053194,-0.01611925;0.1558986;1.063513,-0.08487004;-0.3654385;1.18802,3.748123E-06;-0.371841;1.222825,0.2059906;-0.3250898;0.8529243,1
5002,-0.01185019;0.03028691;0.8662934,-0.09328058;-0.006430376;0.8743979,-0.1794562;-0.1337504;1.028879,-0.1783508;0.110269;1.053475,-0.01615239;0.156446;1.064127,-0.0846283;-0.3652354;1.187792,9.621021E-05;-0.3716157;1.222897,0.2060719;-0.3250887;0.8535341,1
5036,0.004835496;0.01807365;0.8614875,-0.08305008;-0.02060449;0.8754525,-0.1799398;-0.1375246;1.034653,-0.1783485;0.1102655;1.053551,-0.01610569;0.1567363;1.064325,-0.08397831;-0.364605;1.187065,0.00055034;-0.3709289;1.222707,0.2060364;-0.3253178;0.8535387,1
5070,0.01946653;0.003418184;0.8606457,-0.06860619;-0.03032526;0.8735917,-0.1794264;-0.1390532;1.037897,-0.178363;0.1103361;1.053611,-0.0161036;0.1544657;1.063409,-0.08345709;-0.3641178;1.186172,0.000778043;-0.3704832;1.222437,0.206322;-0.3247482;0.8537139,1
5101,0.03254795;-0.01150149;0.8584671,-0.0562094;-0.04085829;0.8726931,-0.1779521;-0.1389432;1.039718,-0.1783402;0.1104436;1.053747,-0.01588174;0.1535682;1.063188,-0.08287014;-0.3630788;1.185784,0.001003405;-0.3694081;1.22208,0.2067905;-0.3250189;0.8535523,1
5136,0.05472203;-0.01861657;0.8432793,0.004687172;-0.06741383;0.8836474,-0.1770453;-0.1389669;1.039708,-0.1783063;0.1104281;1.053768,-0.0155869;0.15252;1.062633,-0.08264802;-0.3625344;1.185419,0.001072865;-0.3686971;1.221756,0.2070165;-0.3254709;0.8533485,1
5168,0.0617779;-0.03796896;0.8347992,0.01032757;-0.07473966;0.8799711,-0.1709809;-0.1268016;1.036219,-0.1782191;0.1104072;1.053735,-0.01540375;0.1537515;1.062921,-0.08222394;-0.361353;1.184884,0.001254168;-0.3672103;1.220918,0.2077549;-0.3261455;0.8523672,1
5201,-0.009095605;-0.1015015;0.8800091,-0.04653979;-0.12067;0.8967201,-0.1712301;-0.1289726;1.03766,-0.1780946;0.1105617;1.053751,-0.01493928;0.1524148;1.062201,-0.08179177;-0.3607505;1.184572,0.001410695;-0.3665905;1.220375,0.2083088;-0.3271132;0.8516935,1
5236,0.06623019;-0.08148935;0.8226424,-0.007674371;-0.1184672;0.8805792,-0.1712825;-0.1288547;1.037613,-0.1779548;0.1106447;1.053709,-0.01481193;0.1534584;1.062601,-0.0816287;-0.3606066;1.184052,0.001361261;-0.366519;1.219475,0.2086595;-0.3320071;0.8503096,1
5271,0.07196189;-0.1000005;0.8159227,-0.006521242;-0.1217278;0.8785104,-0.1707573;-0.1278782;1.036404,-0.1777798;0.1107669;1.053664,-0.01460023;0.1541346;1.062806,-0.08111273;-0.3609941;1.182529,0.001566642;-0.3671101;1.217785,0.2091533;-0.3338192;0.8487164,1
5302,0.06480009;-0.1248528;0.8082241,-0.05370446;-0.1549994;0.8908509,-0.1706561;-0.1274762;1.035884,-0.1774648;0.1109195;1.053429,-0.01358773;0.1514383;1.060652,-0.07912783;-0.363194;1.177643,0.002833394;-0.3693827;1.213254,0.2100923;-0.3375262;0.8447653,1
5335,0.06779945;-0.1411534;0.8006199,-0.05428416;-0.1580649;0.890355,-0.1708697;-0.1255351;1.034613,-0.1771755;0.1111347;1.053162,-0.0128481;0.1499466;1.059119,-0.07807516;-0.3647473;1.172044,0.003410685;-0.3712869;1.207488,0.2142732;-0.3346136;0.8408704,1
5368,0.06378455;-0.1593925;0.7950219,-0.05673572;-0.1655415;0.8899843,-0.1712048;-0.123053;1.033284,-0.1768603;0.1113082;1.052926,-0.01229736;0.148668;1.057832,-0.07808172;-0.3661211;1.167681,0.002952933;-0.3731163;1.202724,0.2185027;-0.3272834;0.8385916,1
5403,0.05779267;-0.1785743;0.792511,-0.003604067;-0.1777168;0.8543504,-0.1714282;-0.1227112;1.033423,-0.1766264;0.1115518;1.052973,-0.01217996;0.1483777;1.057843,-0.07853843;-0.365987;1.167315,0.002538797;-0.3730864;1.202395,0.2211836;-0.3225649;0.8400618,1
5435,0.01993995;-0.1989134;0.8004715,-0.07118312;-0.1932221;0.890292,-0.1712548;-0.1222024;1.032874,-0.1763798;0.1116798;1.052824,-0.01177225;0.1476514;1.057244,-0.07880402;-0.3661592;1.166917,0.002223974;-0.3733494;1.201957,0.2221883;-0.3211736;0.8403766,1
5469,0.03152769;-0.2138134;0.7815421,-0.05430802;-0.2040246;0.8763945,-0.1747614;-0.1355647;1.003246,-0.1760877;0.1117734;1.052683,-0.01160329;0.1471577;1.056927,-0.07918411;-0.3663464;1.166254,0.00197866;-0.3734879;1.201477,0.2249964;-0.318166;0.8417202,1
5504,0.02389727;-0.2271318;0.7681344,-0.04738394;-0.2213477;0.867927,-0.1689902;-0.1305761;0.9777079,-0.1757658;0.1118624;1.052336,-0.01106058;0.1462753;1.055685,-0.0801174;-0.3666113;1.165156,0.001572565;-0.3736497;1.2009,0.2262053;-0.3163302;0.8423225,1
5536,0.01493121;-0.2405479;0.7618381,-0.05422384;-0.2389536;0.8577269,-0.1611186;-0.1251274;0.9604027,-0.1754819;0.1120116;1.052192,-0.01095842;0.1460441;1.055514,-0.08039915;-0.3665521;1.165317,0.001546517;-0.373552;1.201128,0.2259695;-0.316613;0.8425471,1
5569,-0.01069789;-0.2514205;0.7666889,-0.06639805;-0.2328603;0.8592033,-0.1779507;-0.1268762;0.9656865,-0.175712;0.1121771;1.052399,-0.0107756;0.1458671;1.055387,-0.08067787;-0.3658411;1.166639,0.002336108;-0.3720878;1.203239,0.2231794;-0.3181143;0.8430538,1
5601,-0.02428869;-0.2611306;0.7642644,-0.07667533;-0.2349128;0.8585089,-0.1832904;-0.1275828;0.9688098,-0.1754574;0.1123016;1.052211,-0.01063753;0.1457284;1.055394,-0.08083183;-0.3639005;1.17153,0.003885462;-0.3699752;1.207717,0.2194374;-0.3198078;0.8439028,1
5634,-0.04016419;-0.2693888;0.7615057,-0.08829465;-0.2415618;0.8573639,-0.1864254;-0.1272275;0.9684041,-0.1755948;0.1123095;1.05248,-0.01044868;0.1455275;1.055444,-0.08001223;-0.3626839;1.176108,0.00554831;-0.3683214;1.212206,0.2159469;-0.321063;0.8454782,1
5668,-0.05699508;-0.2768018;0.7625182,-0.1018096;-0.2493551;0.8562511,-0.1877456;-0.127192;0.9689412,-0.1752417;0.1124759;1.052258,-0.01064573;0.1497757;1.058385,-0.07965977;-0.3611302;1.181111,0.00627716;-0.3669383;1.216124,0.2140641;-0.3216998;0.847125,1
5703,-0.07120891;-0.2832038;0.7538702,-0.127191;-0.2338729;0.8726974,-0.1916869;-0.09754705;1.034781,-0.1750384;0.1125491;1.05218,-0.01042201;0.1490645;1.058276,-0.07904628;-0.3611137;1.184098,0.006801853;-0.3671193;1.218278,0.2131351;-0.3216009;0.84807,1
5736,-0.08640933;-0.2883478;0.7504736,-0.1449822;-0.2455978;0.8805854,-0.1919712;-0.0978977;1.035081,-0.1748577;0.1126118;1.052076,-0.01026346;0.1484925;1.058084,-0.07825323;-0.360922;1.185718,0.007497821;-0.3669346;1.219474,0.2123077;-0.321883;0.8482912,1
5768,-0.114455;-0.2917295;0.764662,-0.1514908;-0.2456632;0.8818164,-0.1928425;-0.1002492;1.037937,-0.1752943;0.1126414;1.052793,-0.01013993;0.1479942;1.057935,-0.07825217;-0.361232;1.187258,0.007410988;-0.3673902;1.220462,0.2100887;-0.322748;0.8480849,1
5804,-0.1260478;-0.296691;0.7643424,-0.160156;-0.2473779;0.883322,-0.1945612;-0.1038131;1.043103,-0.1757183;0.1127523;1.053565,-0.01067671;0.1503508;1.059657,-0.0783131;-0.361787;1.188173,0.007145543;-0.3681701;1.221144,0.2099997;-0.3222993;0.8488221,1
5835,-0.1395843;-0.3016671;0.7630841,-0.1658564;-0.2552529;0.8938009,-0.1964428;-0.1068216;1.045828,-0.1763396;0.1127638;1.054677,-0.01068663;0.1495914;1.059474,-0.07863854;-0.362047;1.188888,0.006746141;-0.3686166;1.221592,0.2100769;-0.3222614;0.849297,1
5867,-0.1492377;-0.3039176;0.7644347,-0.1718625;-0.2588126;0.9015167,-0.1981434;-0.1101692;1.049065,-0.176139;0.1128116;1.054601,-0.0108018;0.149018;1.059348,-0.07909969;-0.3621685;1.189659,0.006300571;-0.3689127;1.222123,0.2093984;-0.3230662;0.8494738,1
5902,-0.1614321;-0.3076456;0.7596996,-0.1823184;-0.2569947;0.8980508,-0.1997247;-0.1120188;1.051404,-0.1759996;0.1128728;1.054508,-0.01129348;0.1509561;1.060542,-0.08003266;-0.3626195;1.189816,0.004923784;-0.3698439;1.222164,0.2088499;-0.3229274;0.8498802,1
5935,-0.1914041;-0.2934836;0.8450525,-0.1881471;-0.2566451;0.899716,-0.2017309;-0.1141805;1.05344,-0.1772686;0.1127056;1.056116,-0.01179946;0.1522103;1.061346,-0.08134199;-0.3631181;1.189962,0.003244878;-0.3706705;1.222146,0.2087413;-0.3227204;0.8504156,1
5969,-0.1933191;-0.2971278;0.8505626,-0.1913184;-0.2586686;0.9036438,-0.2032474;-0.1156394;1.054669,-0.1771137;0.1127534;1.056017,-0.01217742;0.150603;1.060491,-0.08303525;-0.363544;1.189809,0.001370017;-0.3714107;1.221912,0.2087709;-0.3216176;0.8510092,1
6070,-0.2013298;-0.2958241;0.8564574,-0.2007193;-0.2589776;0.9117618,-0.2076035;-0.1184567;1.059866,-0.1769065;0.1128937;1.055998,-0.01375623;0.1540329;1.062823,-0.08597407;-0.3643144;1.189503,-0.001703442;-0.3725541;1.221611,0.2088035;-0.3199336;0.8521761,1
6099,-0.1998106;-0.2963747;0.8600131,-0.2017941;-0.259691;0.9142966,-0.2087683;-0.1188186;1.061184,-0.1795179;0.112511;1.059269,-0.01409778;0.1547155;1.063236,-0.08617297;-0.3643564;1.189427,-0.001946314;-0.3725349;1.22154,0.2086351;-0.3192771;0.852217,1
6135,-0.1982552;-0.2972102;0.8634877,-0.2028182;-0.2593274;0.9151508,-0.2091517;-0.1189538;1.061253,-0.1792103;0.1125404;1.058894,-0.01432519;0.1550522;1.06334,-0.08718819;-0.3647902;1.18888,-0.002919993;-0.3730541;1.220991,0.2087807;-0.3185646;0.8522086,1
6168,-0.1987516;-0.2971774;0.8622136,-0.2030606;-0.2593803;0.914995,-0.2096699;-0.1194647;1.061891,-0.1790592;0.1125132;1.058728,-0.01454314;0.1553993;1.063475,-0.08763907;-0.3649768;1.18844,-0.003349144;-0.373163;1.220671,0.2089812;-0.3183701;0.8522419,1
6201,-0.1944957;-0.3004589;0.8720068,-0.203007;-0.2595853;0.9227099,-0.209987;-0.1198979;1.062528,-0.1788981;0.1125088;1.058409,-0.01476922;0.1556747;1.063446,-0.08827091;-0.3655393;1.187401,-0.003918479;-0.3737127;1.219719,0.2090353;-0.3179451;0.8516976,1
6233,-0.1980495;-0.3022915;0.868111,-0.2033387;-0.2602735;0.9227276,-0.210675;-0.1212169;1.065336,-0.1788132;0.1125212;1.058363,-0.01579767;0.1540902;1.062696,-0.08837117;-0.3655704;1.187398,-0.004096012;-0.3737258;1.219729,0.209279;-0.3182463;0.8518879,1
6267,-0.1852644;-0.3164782;0.8771241,-0.1986539;-0.2692201;0.9258972,-0.2108807;-0.1218017;1.065754,-0.1787364;0.112449;1.058168,-0.0160179;0.1546732;1.062814,-0.08853629;-0.3656553;1.187104,-0.00427804;-0.3737548;1.219463,0.2093324;-0.3183446;0.8517203,1
6301,-0.1816236;-0.3222788;0.8778613,-0.1965407;-0.2732639;0.9283549,-0.211144;-0.1222953;1.066603,-0.178678;0.1124313;1.058053,-0.01619731;0.1551815;1.062992,-0.08861298;-0.3657057;1.186993,-0.004380203;-0.3737788;1.219337,0.2095317;-0.3202614;0.8514695,1
6334,-0.1814347;-0.3244857;0.8779437,-0.1952807;-0.2757296;0.930837,-0.2117133;-0.1232176;1.068823,-0.1786665;0.1124216;1.058048,-0.01697523;0.1538603;1.062402,-0.08862634;-0.3657374;1.187021,-0.004406363;-0.3737869;1.219355,0.2097763;-0.3203083;0.851598,1
6369,-0.1830114;-0.3248043;0.8774628,-0.1943982;-0.2775064;0.9335828,-0.2120788;-0.1236373;1.069868,-0.1786618;0.1124165;1.058045,-0.01722018;0.1547238;1.062856,-0.088734;-0.3657403;1.187029,-0.004520058;-0.3737547;1.219367,0.2098123;-0.3204755;0.8516477,1
6400,-0.1828857;-0.3312744;0.8816456,-0.1939489;-0.2806528;0.9355707,-0.2124351;-0.1243741;1.07268,-0.1786468;0.1124223;1.058079,-0.01775325;0.1539385;1.062749,-0.08871364;-0.3656681;1.187301,-0.004524196;-0.3736181;1.21959,0.2098831;-0.3207564;0.8518208,1
6434,-0.181035;-0.3354666;0.8846276,-0.1937059;-0.2834781;0.9371609,-0.212475;-0.1251115;1.073797,-0.1786472;0.1124189;1.05808,-0.01784345;0.1548527;1.063243,-0.08866312;-0.3656856;1.187359,-0.004494556;-0.3736046;1.219626,0.2100625;-0.3206745;0.8519185,1
6468,-0.1790208;-0.3416519;0.8851837,-0.1927808;-0.286666;0.9391266,-0.2126257;-0.1257685;1.074857,-0.1786553;0.1124036;1.058083,-0.01837137;0.1539468;1.062709,-0.08861154;-0.3656866;1.187388,-0.004434256;-0.3735596;1.219662,0.2100888;-0.3206199;0.8519428,1
6500,-0.1783766;-0.3397994;0.8883694,-0.1913083;-0.2888929;0.9412264,-0.2126783;-0.1262579;1.075426,-0.1786772;0.1123815;1.058088,-0.01833362;0.1548643;1.063207,-0.0885586;-0.3656938;1.187425,-0.004363472;-0.3735155;1.219706,0.2100636;-0.3206272;0.8519357,1
6535,-0.1776976;-0.3388758;0.8887768,-0.190341;-0.2903969;0.9417166,-0.2125772;-0.1270697;1.07638,-0.1786957;0.1123708;1.058104,-0.01838583;0.1556018;1.063652,-0.08847961;-0.3657145;1.187531,-0.004322068;-0.3734991;1.219739,0.2102202;-0.320501;0.851996,2
6569,-0.1755044;-0.3372643;0.8892525,-0.1898084;-0.2907192;0.942709,-0.2124633;-0.1274348;1.07669,-0.1787039;0.1123512;1.058108,-0.01843395;0.1561524;1.063929,-0.08843214;-0.3657297;1.187578,-0.004284302;-0.3734817;1.219763,0.2102396;-0.3204647;0.8519934,2
6602,-0.1712743;-0.3355083;0.8906254,-0.1893022;-0.2910832;0.9423785,-0.2122042;-0.1279067;1.07668,-0.1787212;0.1123019;1.058063,-0.01842963;0.1564654;1.063965,-0.08835236;-0.3657764;1.187517,-0.004197691;-0.3734823;1.219682,0.2101103;-0.3207993;0.8517268,2
6634,-0.1685466;-0.337972;0.8968948,-0.1890932;-0.2911135;0.9424412,-0.2120545;-0.1282514;1.077233,-0.1787348;0.1122547;1.05807,-0.01905498;0.1551837;1.06323,-0.0882322;-0.3657812;1.187652,-0.004084096;-0.373428;1.219769,0.210132;-0.3212069;0.851683,2
6667,-0.1595493;-0.3574186;0.8911529,-0.1886114;-0.2910039;0.9421762,-0.2118903;-0.1288667;1.077777,-0.1787472;0.1121676;1.05806,-0.01962959;0.1539153;1.062289,-0.08820108;-0.3657793;1.187734,-0.004059668;-0.3733994;1.2198,0.2101716;-0.3214839;0.8516533,2
6701,-0.1612457;-0.3630573;0.8856232,-0.1879498;-0.2907037;0.9418998,-0.2113282;-0.1292327;1.078597,-0.1787665;0.1121264;1.058019,-0.02008704;0.1529825;1.061447,-0.08803003;-0.3657964;1.187798,-0.003882891;-0.3733611;1.219818,0.2101055;-0.3216308;0.8514835,2
6763,-0.1715045;-0.3578655;0.8625408,-0.1906109;-0.2746122;0.9058384,-0.2098617;-0.1292854;1.07971,-0.17879;0.1120667;1.057975,-0.02059654;0.1519819;1.060346,-0.08788782;-0.3658504;1.187747,-0.003744537;-0.3733621;1.21975,0.2100617;-0.3216506;0.8513007,2
6787,-0.1728838;-0.3624576;0.8759242,-0.1721596;-0.3163093;0.9193473,-0.2079528;-0.1280122;1.080319,-0.1788139;0.1120169;1.05791,-0.02107118;0.1510615;1.059193,-0.08773536;-0.3659116;1.187628,-0.003566103;-0.3733733;1.219582,0.2100181;-0.3216099;0.8509563,2
6816,-0.1819675;-0.2130614;0.7836363,-0.2098837;-0.1958343;0.8391415,-0.2049449;-0.1260671;1.080658,-0.1788647;0.1119569;1.057809,-0.02126248;0.1501613;1.057905,-0.08723098;-0.3661021;1.187292,-0.003103579;-0.3734466;1.219241,0.2095604;-0.3221096;0.8501953,2
6835,-0.1784488;-0.1715258;0.7800438,-0.1822635;-0.1516498;0.8804744,-0.1998786;-0.1190516;1.085374,-0.178891;0.1119459;1.057822,-0.0213325;0.1499573;1.057865,-0.08636537;-0.3662819;1.187663,-0.002318323;-0.3734573;1.219556,0.2092725;-0.3222053;0.8500593,2
6868,-0.1699494;-0.1267988;0.7743407,-0.1795215;-0.1628562;0.8884063,-0.1957918;-0.07145204;1.100089,-0.1790162;0.1118183;1.057733,-0.0207761;0.1519504;1.05891,-0.08600556;-0.366356;1.187618,-0.001889209;-0.373429;1.219517,0.2091182;-0.3221488;0.8497621,2
6900,-0.1647055;-0.08597731;0.7881991,-0.1508042;-0.1270097;0.8623751,-0.2084072;-0.06008998;1.097726,-0.1790534;0.1118265;1.057707,-0.02118412;0.1508603;1.057981,-0.08598606;-0.3664241;1.187512,-0.001890649;-0.3734675;1.21948,0.2091348;-0.3222712;0.8497572,2
6934,-0.1599167;-0.05003528;0.7962135,-0.1670465;-0.08590917;0.8733177,-0.1787709;-0.1366712;1.018493,-0.1791402;0.1117724;1.057613,-0.02090212;0.1521595;1.058632,-0.08602636;-0.3665343;1.18716,-0.00192281;-0.3735388;1.219277,0.2087405;-0.322318;0.8495181,2
6967,-0.1577123;-0.01783642;0.8132818,-0.1543977;-0.03119094;0.8202826,-0.1776921;-0.1367447;1.024206,-0.1791746;0.1121784;1.057404,-0.02132672;0.1511401;1.057984,-0.08600601;-0.3664714;1.187143,-0.001875288;-0.3734576;1.219308,0.2085972;-0.3225427;0.8495071,2
7002,-0.15403;0.01269188;0.8271321,-0.1528019;-0.01991403;0.8486266,-0.1721372;-0.1318791;1.072895,-0.1788539;0.1151266;1.057149,-0.02068094;0.1529521;1.059576,-0.0859765;-0.3661742;1.187326,-0.001823436;-0.3731905;1.219627,0.2085353;-0.3227071;0.8499286,2
7035,-0.1525218;0.03220854;0.8385798,-0.2018033;-0.04790733;0.8519359,-0.1789043;-0.1277132;1.089206,-0.1789017;0.1163348;1.057099,-0.02109818;0.1516757;1.058874,-0.08596087;-0.3661374;1.18734,-0.001796276;-0.3731599;1.219665,0.2085297;-0.3234356;0.8499048,2
7066,-0.15086;0.04994945;0.8489181,-0.2001278;-0.0377464;0.8535556,-0.1783523;-0.1279953;1.08718,-0.1790422;0.1165155;1.057181,-0.0206865;0.1528126;1.059488,-0.085942;-0.3661258;1.187083,-0.001752852;-0.3731427;1.219595,0.2082574;-0.3236192;0.8497592,2
7100,-0.1521802;0.06652734;0.8642336,-0.1966642;-0.02002758;0.8603093,-0.1772998;-0.1291543;1.085988,-0.1794429;0.1156832;1.057615,-0.02100695;0.15191;1.059547,-0.08586855;-0.366233;1.187504,-0.001559008;-0.3731498;1.220397,0.2078505;-0.3250165;0.8506655,2
7134,-0.1510192;0.08170484;0.8662948,-0.1954666;-0.001392601;0.870839,-0.1772576;-0.13282;1.08443,-0.1807806;0.1120969;1.056742,-0.02060672;0.1529151;1.060124,-0.085738;-0.3665875;1.187278,-0.001387539;-0.3732855;1.22034,0.2076165;-0.3251999;0.8505131,2
7167,-0.1516;0.09300831;0.8740912,-0.1926249;0.009260353;0.8798445,-0.1772875;-0.1364233;1.084207,-0.1821709;0.1084967;1.056911,-0.02025787;0.1537685;1.060791,-0.08564904;-0.3670246;1.187251,-0.001256057;-0.3734927;1.220415,0.2074415;-0.3253209;0.8505574,2
7202,-0.1525666;0.1006374;0.8843073,-0.1934112;0.02863562;0.8743525,-0.1768041;-0.1030411;1.034828,-0.1885186;0.1005626;1.05933,-0.02000668;0.1546363;1.061959,-0.08542994;-0.3677536;1.187774,-0.0009485203;-0.37388;1.221334,0.2068062;-0.3264183;0.8516631,2
7235,-0.1528959;0.105525;0.8839654,-0.1943886;0.03514822;0.8813537,-0.1762105;-0.1055583;1.034603,-0.190621;0.09828579;1.059461,-0.01984881;0.1550967;1.062307,-0.08535867;-0.3680133;1.18771,-0.0008555873;-0.3739398;1.221401,0.2066202;-0.3266978;0.8517567,2
7268,-0.1537908;0.1085101;0.8859917,-0.1947818;0.04038524;0.8835797,-0.1762839;-0.1057963;1.034329,-0.1921155;0.09662285;1.06006,-0.0196786;0.1555642;1.062665,-0.08526804;-0.3682888;1.187671,-0.0007469835;-0.3740129;1.221455,0.2065176;-0.3267463;0.8517968,2
7300,-0.154084;0.1102412;0.887722,-0.1956874;0.04254545;0.8861155,-0.1761126;-0.1064488;1.034272,-0.1924379;0.09605183;1.059873,-0.01953193;0.1559754;1.063087,-0.08522747;-0.3685479;1.187776,-0.0006522287;-0.37414;1.221724,0.2064006;-0.3265065;0.8522397,2
7334,-0.155196;0.1124478;0.8891002,-0.1968991;0.04425643;0.8876808,-0.1761026;-0.1073048;1.034468,-0.1926734;0.09573613;1.059786,-0.01992991;0.1542066;1.06256,-0.08517933;-0.3687451;1.187949,-0.0005631372;-0.3742318;1.222023,0.2062002;-0.3266087;0.8525415,2
7367,-0.156385;0.1130614;0.8916103,-0.1991407;0.04660997;0.8894265,-0.177319;-0.1067362;1.035872,-0.1927752;0.09543829;1.059717,-0.02013804;0.1533703;1.062457,-0.08513629;-0.3688631;1.188233,-0.0004206157;-0.3742149;1.222524,0.2063009;-0.3288577;0.8529946,2
7400,-0.1564655;0.1148932;0.8924017,-0.2036487;0.06136863;0.917109,-0.177249;-0.1068177;1.035867,-0.1929079;0.09528083;1.05963,-0.02018826;0.1526419;1.062315,-0.08504613;-0.3690262;1.188442,-0.0002735032;-0.3742748;1.222853,0.206068;-0.3287744;0.8532763,2
7434,-0.1556858;0.1145405;0.8886511,-0.2036442;0.05791277;0.9083161,-0.1769687;-0.1081603;1.035691,-0.1928762;0.09505221;1.059155,-0.0197838;0.1536308;1.062773,-0.08502969;-0.3691002;1.188382,-0.0002474798;-0.3742874;1.222846,0.2059608;-0.3286411;0.8532435,2
7468,-0.1558551;0.1147766;0.8875247,-0.2039503;0.05654136;0.9025075,-0.1768636;-0.1089504;1.035245,-0.1929246;0.09469102;1.059175,-0.0194723;0.1542432;1.063006,-0.0850518;-0.3692153;1.188194,-0.0002216385;-0.3743059;1.222766,0.2059311;-0.3280736;0.8532016,2
7501,-0.1568388;0.1149389;0.888007,-0.2039509;0.05603052;0.9002542,-0.177224;-0.1092944;1.035394,-0.1929577;0.09450281;1.059129,-0.01923185;0.154786;1.06328,-0.08504001;-0.3693077;1.188171,-0.0001951051;-0.3743353;1.222774,0.205872;-0.3283108;0.8531708,2
7533,-0.1572219;0.1151696;0.8828836,-0.2042453;0.05592049;0.8984004,-0.1783191;-0.1085906;1.035296,-0.1928876;0.09414449;1.059112,-0.01905349;0.1551629;1.063417,-0.08506646;-0.369424;1.188112,-0.0001895723;-0.3743632;1.222774,0.2057756;-0.3282063;0.8531607,2
7567,-0.1590379;0.1158221;0.8794726,-0.2043105;0.05618926;0.8963877,-0.1786902;-0.11008;1.035033,-0.1924409;0.09382346;1.059146,-0.01882765;0.1555364;1.063642,-0.08499298;-0.3695365;1.188123,-0.0001113591;-0.3744165;1.222812,0.205697;-0.3281344;0.853164,2
7599,-0.1606467;0.1144779;0.8781418,-0.2039736;0.05574436;0.8950625,-0.1795788;-0.111981;1.035169,-0.1917403;0.09364015;1.059124,-0.01879865;0.1530787;1.061766,-0.08485859;-0.3696509;1.188048,6.377739E-05;-0.3744879;1.222734,0.2055653;-0.3278691;0.8529707,2
7633,-0.1634353;0.1125053;0.8852213,-0.2038686;0.05446311;0.8935837,-0.1824645;-0.1119935;1.03652,-0.1884878;0.09235284;1.058197,-0.0184548;0.1537757;1.062307,-0.08466686;-0.3699495;1.188083,0.0002920956;-0.3747086;1.222815,0.2054149;-0.3278302;0.8529573,2
7675,-0.1650536;0.1102478;0.8855351,-0.203167;0.05470906;0.9074669,-0.1835878;-0.1128307;1.037232,-0.1849333;0.0915314;1.056454,-0.0182015;0.1542784;1.062691,-0.08447053;-0.3703748;1.188069,0.0005206509;-0.3750821;1.222814,0.2053991;-0.3275402;0.8529232,2
7702,-0.1667638;0.1097185;0.8836946,-0.2034516;0.05312302;0.90163,-0.1892874;-0.09209788;1.01937,-0.1806958;0.09118539;1.054281,-0.01802526;0.1547127;1.062974,-0.08453017;-0.3705287;1.188058,0.0005181967;-0.3752258;1.222817,0.2053929;-0.327329;0.852944,2
7734,-0.1705479;0.1089268;0.8800408,-0.2041945;0.05018694;0.8994292,-0.192784;-0.103307;1.03378,-0.1788341;0.09108335;1.053273,-0.01790822;0.1549947;1.063231,-0.08457766;-0.3706609;1.188099,0.0004972075;-0.3753774;1.222828,0.205377;-0.3271824;0.8529385,2
7767,-0.174453;0.1071332;0.8746369,-0.2044516;0.05194737;0.9049484,-0.1933111;-0.1039145;1.033649,-0.1763127;0.09122204;1.052135,-0.0178235;0.1552022;1.063384,-0.08465365;-0.3707859;1.188063,0.0004391944;-0.3755277;1.222779,0.2053857;-0.3270591;0.8529136,2
7801,-0.178923;0.1076031;0.873872,-0.2061116;0.04825843;0.8962647,-0.1944368;-0.1040271;1.033511,-0.1756288;0.09120633;1.052203,-0.01817605;0.1528612;1.062788,-0.08471777;-0.3708319;1.188129,0.0004031816;-0.3755661;1.222839,0.2054337;-0.3287822;0.8528323,2
7833,-0.1831574;0.1078684;0.8715684,-0.2072857;0.05009084;0.9014653,-0.1953224;-0.1040873;1.032814,-0.1752892;0.09134574;1.052078,-0.01871193;0.1513297;1.062295,-0.08479305;-0.3708618;1.188174,0.0003657159;-0.3755929;1.222848,0.2054462;-0.3286895;0.8528419,2
7870,-0.1864866;0.1086961;0.8710963,-0.2103654;0.04726187;0.8945933,-0.1966316;-0.1036666;1.031468,-0.1749712;0.09158395;1.051982,-0.0190484;0.1503198;1.061972,-0.08487418;-0.3708645;1.188248,0.0003201644;-0.3756055;1.222865,0.2054677;-0.3285822;0.8528552,2
7901,-0.1860175;0.1093289;0.8704217,-0.2121028;0.04685385;0.8915476,-0.1976835;-0.1027083;1.030202,-0.1747131;0.09180114;1.051713,-0.01938165;0.1495119;1.06172,-0.08512715;-0.3710268;1.188337,8.316361E-05;-0.3758477;1.222896,0.2055473;-0.3283346;0.8529741,2
7934,-0.1830206;0.1088673;0.8714176,-0.219157;0.06246366;0.9105731,-0.1981383;-0.1023937;1.029292,-0.1743808;0.09178107;1.051448,-0.01908562;0.151113;1.062537,-0.08525617;-0.3711218;1.188382,8.922249E-06;-0.3759555;1.222898,0.2055463;-0.3280306;0.8529853,2
7968,-0.1779483;0.108443;0.8703008,-0.2174408;0.05689949;0.8871404,-0.2001878;-0.08782902;1.005063,-0.1734556;0.09196533;1.051044,-0.01917056;0.1500489;1.061851,-0.08530262;-0.3711587;1.188365,7.508441E-06;-0.3760182;1.222853,0.2055116;-0.3277585;0.8528685,2
8000,-0.1728033;0.1077289;0.8724469,-0.2163354;0.05555132;0.8847483,-0.1999864;-0.08767726;1.004724,-0.1723722;0.0920746;1.050149,-0.01909836;0.1496546;1.061839,-0.08542057;-0.3712285;1.188681,-9.267229E-05;-0.3761595;1.223159,0.205472;-0.3276041;0.8532075,2
8036,-0.1635171;0.1061789;0.8679929,-0.2134463;0.07242927;0.9086696,-0.1982078;-0.08775991;1.003327,-0.1716317;0.09188595;1.05038,-0.0184702;0.1512398;1.062412,-0.08536679;-0.3712526;1.188663,7.673814E-06;-0.3761938;1.223121,0.2053698;-0.3274506;0.8530658,2
8067,-0.1510941;0.1035836;0.8652552,-0.2028013;0.05321881;0.8770063,-0.1952493;-0.08799527;1.00048,-0.1718714;0.09167735;1.050075,-0.01799417;0.1522619;1.062564,-0.08523323;-0.371299;1.188623,0.0002946975;-0.3762723;1.222922,0.2050989;-0.3270475;0.8523583,2
8102,-0.1386812;0.1014579;0.8675557,-0.1981179;0.05416165;0.8742816,-0.1894572;-0.08856889;0.9958727,-0.1763793;0.09086705;1.052078,-0.01779476;0.1509541;1.061787,-0.08496061;-0.371528;1.188885,0.0005583515;-0.3764526;1.223032,0.2049832;-0.3269607;0.8522505,2
8134,-0.1247515;0.09836048;0.868382,-0.1898773;0.07044639;0.8912161,-0.1820411;-0.08343954;0.9975362,-0.1853415;0.09664918;1.054042,-0.01738556;0.1500672;1.060948,-0.08490963;-0.3714708;1.188908,0.0005983144;-0.3764311;1.223005,0.2050114;-0.3268418;0.8521484,2
8168,-0.1084756;0.09076365;0.8724582,-0.1753226;0.04855837;0.8826581,-0.1783632;-0.131658;1.022969,-0.1873377;0.09855227;1.055196,-0.01683542;0.1518044;1.06185,-0.08486566;-0.3714251;1.188935,0.0006289461;-0.3764137;1.223022,0.2050155;-0.3267874;0.8521602,2
8200,-0.0891829;0.08452627;0.872568,-0.1649569;0.03735772;0.8829377,-0.1780283;-0.1322539;1.023025,-0.1882176;0.09953072;1.056209,-0.01639615;0.1528292;1.062219,-0.08467326;-0.3713911;1.188912,0.0008033736;-0.3764013;1.222996,0.2050142;-0.3267743;0.8520889,2
8234,-0.06949761;0.07825842;0.8748751,-0.146487;0.02795343;0.8824372,-0.176313;-0.1343756;1.023936,-0.1885231;0.09999153;1.056878,-0.01616178;0.1517758;1.061268,-0.08442798;-0.3713293;1.188732,0.000943398;-0.376348;1.222983,0.2049518;-0.3267983;0.8521241,2
8267,-0.04807255;0.0716612;0.8747377,-0.1287017;0.0240908;0.8837485,-0.1745039;-0.1351811;1.024233,-0.1885324;0.1001086;1.057212,-0.01603416;0.1530315;1.061773,-0.08414769;-0.3711531;1.188234,0.001039884;-0.3762377;1.222908,0.2049555;-0.3264789;0.8522453,2
8302,-0.02953546;0.06097698;0.8720068,-0.1086012;0.0205266;0.8812993,-0.1742605;-0.1358555;1.027889,-0.1884563;0.1002559;1.057511,-0.01602438;0.1519111;1.061026,-0.08349276;-0.370669;1.187201,0.001326431;-0.375883;1.222706,0.2048198;-0.3265887;0.8523423,2
8336,-0.01436923;0.04893679;0.8656212,-0.09249408;0.01257697;0.8802491,-0.1736062;-0.1375959;1.031041,-0.1883765;0.1003663;1.057706,-0.01593179;0.1531175;1.061697,-0.08298227;-0.3700955;1.186211,0.001549225;-0.3754288;1.222512,0.2047599;-0.325977;0.8526516,2
8368,-3.28909E-05;0.03278669;0.8593698,-0.08031418;0.004419756;0.876429,-0.1725067;-0.1388144;1.032652,-0.1882992;0.1003986;1.057759,-0.0160853;0.1516296;1.060695,-0.08205599;-0.3692741;1.184508,0.002074591;-0.3746261;1.221765,0.2048405;-0.3257088;0.8525277,2
8400,0.01184956;0.01545532;0.8600864,-0.07169002;-0.01601665;0.87322,-0.1748655;-0.1442913;1.04326,-0.1881619;0.1004567;1.058045,-0.01577732;0.1532078;1.061873,-0.08123293;-0.3685636;1.18426,0.002729541;-0.3737355;1.221706,0.2048278;-0.3261855;0.8525503,2
8433,0.02453806;-0.002560793;0.8553346,-0.06119546;-0.03404808;0.8749568,-0.1743929;-0.1443284;1.044341,-0.1880492;0.1007209;1.058234,-0.01543736;0.1520058;1.061444,-0.0804031;-0.3671758;1.183814,0.003204405;-0.3722306;1.221416,0.2050734;-0.3267896;0.8524635,2
8469,0.04151177;-0.02406489;0.8514365,-0.007515758;-0.06977128;0.8938741,-0.1731811;-0.1433464;1.044715,-0.187806;0.1010472;1.058559,-0.0150156;0.1532353;1.061914,-0.07994307;-0.3658556;1.183048,0.003344957;-0.3707277;1.220458,0.2060226;-0.3269673;0.8517927,2
8500,0.06060791;-0.03432959;0.8407498,0.003549054;-0.07756235;0.8892106,-0.1730037;-0.1430884;1.044774,-0.1876093;0.1010828;1.058552,-0.01473769;0.1540791;1.062261,-0.07944718;-0.3644308;1.182694,0.003572095;-0.3690966;1.219572,0.2070368;-0.3275558;0.850629,2
8536,0.06931368;-0.05764742;0.8414658,0.0002011872;-0.09540542;0.8962624,-0.1726328;-0.1428605;1.045038,-0.1873598;0.1013051;1.058581,-0.01448655;0.1547398;1.062619,-0.07924037;-0.3638063;1.182548,0.003666823;-0.3684589;1.219138,0.2077545;-0.3276599;0.8501654,2
8567,0.07576516;-0.08336829;0.8415668,0.001487639;-0.1125541;0.8981969,-0.1599074;-0.08157282;1.033357,-0.1871026;0.1012802;1.058537,-0.01433723;0.1551097;1.062759,-0.07921303;-0.36376;1.182261,0.003559842;-0.3684964;1.218392,0.2079409;-0.331585;0.848875,2
8600,0.05582181;-0.1271405;0.8571465,0.005523742;-0.1273624;0.894047,-0.1597388;-0.08139963;1.033013,-0.1867514;0.1014807;1.058236,-0.01415991;0.1552885;1.06269,-0.07878508;-0.3649927;1.179173,0.00362011;-0.3700997;1.21488,0.2088753;-0.3331846;0.8457643,2
8633,0.0854971;-0.135317;0.8459256,0.007709082;-0.1483902;0.9018687,-0.1596062;-0.08117918;1.033345,-0.1864237;0.1017404;1.058343,-0.01395494;0.1555429;1.062893,-0.0778768;-0.3663156;1.177723,0.004118246;-0.3714764;1.213502,0.2098919;-0.3375222;0.8447391,2
8668,0.09142865;-0.1530657;0.8466481,0.01598334;-0.1608113;0.9029099,-0.1587103;-0.08094846;1.032937,-0.186143;0.1018774;1.058234,-0.01384379;0.1556313;1.062882,-0.07746528;-0.3677474;1.174533,0.004416368;-0.3732245;1.209953,0.2120201;-0.3372645;0.8418966,2
8700,0.09873885;-0.1690278;0.8443731,0.02650877;-0.1756393;0.9010593,-0.1567441;-0.08262264;1.031902,-0.1857776;0.1019821;1.057977,-0.0122138;0.1511195;1.059453,-0.07787459;-0.3681764;1.171742,0.004087052;-0.3738256;1.207351,0.2144338;-0.3328324;0.8409195,2
8734,0.0819669;-0.1904967;0.8573438,0.03115788;-0.1852358;0.9002459,-0.1564621;-0.08349665;1.03192,-0.1855613;0.1020841;1.057908,-0.01218837;0.1520301;1.059987,-0.07804038;-0.3683172;1.171342,0.003878723;-0.3740503;1.20694,0.216;-0.3279314;0.8416505,2
8768,0.08208291;-0.1980917;0.8510824,0.02740088;-0.1899724;0.8976444,-0.1561043;-0.08430136;1.032064,-0.1853522;0.1021429;1.057774,-0.01212278;0.1525625;1.060205,-0.07830421;-0.3684389;1.170825,0.00357747;-0.3742369;1.206479,0.2165157;-0.3245915;0.8419277,2
8799,0.08188836;-0.2061043;0.845239,0.02534591;-0.1950067;0.898913,-0.156141;-0.08508307;1.03259,-0.1852135;0.1021844;1.057731,-0.01136385;0.1502036;1.059035,-0.07842855;-0.3684794;1.170861,0.003421261;-0.37431;1.206527,0.217801;-0.3202853;0.8430707,2
8835,0.07763427;-0.2142117;0.835844,0.02247196;-0.2005359;0.8995082,-0.1563168;-0.08603305;1.032922,-0.1850722;0.1021842;1.05763,-0.01143222;0.1512141;1.059467,-0.07887623;-0.3683612;1.170565,0.003058952;-0.3742613;1.2063,0.2188175;-0.3185793;0.84364,2
8867,0.06541839;-0.2244886;0.8241872,-0.05823218;-0.2077318;0.9328839,-0.1572798;-0.08597609;1.033898,-0.1849678;0.1022071;1.057575,-0.01087582;0.1490541;1.058217,-0.07926488;-0.3684732;1.169787,0.002594726;-0.3744576;1.205531,0.2213049;-0.3175803;0.844318,2
8900,0.05030888;-0.2335831;0.8124777,-0.05337884;-0.211557;0.9218038,-0.1596615;-0.08736485;1.036261,-0.1848739;0.1022234;1.057526,-0.01030714;0.14743;1.056998,-0.07947238;-0.3692288;1.168,0.002330036;-0.3752151;1.204113,0.2231723;-0.3170855;0.8443323,2
8934,0.035379;-0.2421086;0.7986462,-0.04332529;-0.2351599;0.8859684,-0.1650825;-0.105281;1.040146,-0.1847933;0.1022774;1.057502,-0.00998878;0.1467045;1.056635,-0.07977258;-0.3693918;1.167364,0.002229736;-0.3753423;1.203748,0.2236771;-0.3168087;0.8444219,2
8969,0.002131113;-0.2511433;0.8036544,-0.05288078;-0.2362669;0.8875975,-0.1709673;-0.1193696;1.041991,-0.1847305;0.1023285;1.05748,-0.009813661;0.1459911;1.056292,-0.0799525;-0.369344;1.167356,0.002220405;-0.3753065;1.203766,0.2239339;-0.3168311;0.8445514,2
9000,-0.01732062;-0.2594687;0.7911981,-0.08679178;-0.2302718;0.8941891,-0.1729212;-0.1206751;1.041258,-0.1846252;0.1023779;1.05737,-0.009952084;0.1486667;1.057559,-0.07961659;-0.3687011;1.168147,0.004090275;-0.3736585;1.205069,0.2210739;-0.3183273;0.8428202,2
9033,-0.03982736;-0.2696038;0.7839069,-0.09743104;-0.2321624;0.8947873,-0.1758561;-0.1189726;1.040838,-0.1841043;0.1030343;1.057009,-0.01008778;0.1504959;1.058654,-0.07949266;-0.3666742;1.171682,0.005595161;-0.3715732;1.208432,0.2168958;-0.3195919;0.8430376,2
9068,-0.06466173;-0.2789564;0.7827198,-0.1148296;-0.2376066;0.8978039,-0.180737;-0.1115092;1.042807,-0.1840928;0.1030469;1.057053,-0.01024233;0.152123;1.060076,-0.07882623;-0.3648098;1.177557,0.006973402;-0.3695179;1.213796,0.2139535;-0.3209909;0.845718,2
9100,-0.08516403;-0.2896061;0.7685811,-0.1358062;-0.2389433;0.9019101,-0.1830778;-0.1095928;1.043223,-0.1840474;0.1030808;1.057014,-0.01033597;0.152835;1.060561,-0.07788664;-0.3647269;1.180197,0.00761239;-0.3694929;1.215276,0.2133906;-0.321004;0.8460419,2
9136,-0.1081566;-0.3018996;0.7656274,-0.1442596;-0.2459905;0.8975215,-0.1850292;-0.1090246;1.044837,-0.1840365;0.1031197;1.057027,-0.01011783;0.1506979;1.059645,-0.07762446;-0.3650512;1.182315,0.007783185;-0.3699576;1.216695,0.2108313;-0.3227881;0.8458363,2
9168,-0.1554786;-0.2909833;0.8498346,-0.1554805;-0.2628012;0.9069511,-0.1892425;-0.1104835;1.050666,-0.1835573;0.1042405;1.057965,-0.01019167;0.1496921;1.05964,-0.07777872;-0.3654515;1.185212,0.007400582;-0.3707753;1.218835,0.2104713;-0.322118;0.8476428,2
9201,-0.1538177;-0.3216955;0.7713183,-0.1648193;-0.2723009;0.8937712,-0.1915607;-0.1128635;1.053411,-0.1834359;0.1048502;1.058388,-0.01033126;0.1487735;1.059382,-0.07832631;-0.3655528;1.186512,0.006847603;-0.3711591;1.219819,0.2096442;-0.3223822;0.8482937,2
9235,-0.170064;-0.3173096;0.8615861,-0.1728016;-0.275498;0.9108561,-0.1940294;-0.1159597;1.055047,-0.1834229;0.1053973;1.058733,-0.01092064;0.1505202;1.060309,-0.07908887;-0.3655709;1.18691,0.005904024;-0.3713695;1.22013,0.2091184;-0.3221067;0.8487549,2
9267,-0.1720506;-0.3265676;0.8687685,-0.1766673;-0.2771392;0.9135429,-0.19642;-0.1201282;1.057276,-0.1834908;0.1053488;1.05881,-0.01136401;0.1515149;1.060892,-0.08006632;-0.366159;1.186711,0.004797998;-0.3722018;1.219944,0.2086049;-0.3215231;0.8489441,2
9300,-0.1765492;-0.3339887;0.8639612,-0.1835622;-0.2796839;0.9102125,-0.1983778;-0.1237242;1.058937,-0.1836075;0.105297;1.058896,-0.01177205;0.152274;1.06126,-0.08125613;-0.3668524;1.186215,0.003233875;-0.3731494;1.219395,0.2088541;-0.3201552;0.8493412,2
9335,-0.1788414;-0.3410905;0.8638394,-0.1864986;-0.2820096;0.9105583,-0.1997206;-0.1251497;1.059747,-0.1836821;0.1052617;1.058936,-0.01206678;0.1527331;1.061413,-0.08225393;-0.3677464;1.185446,0.002095707;-0.3743165;1.218573,0.2086851;-0.3185752;0.849156,2
9366,-0.1910774;-0.3322626;0.8704826,-0.1994274;-0.2766041;0.9215838,-0.2013447;-0.1262945;1.06162,-0.1838382;0.1051883;1.059149,-0.01239926;0.1532469;1.061688,-0.08312816;-0.3683402;1.184832,0.001042524;-0.3749797;1.218049,0.208844;-0.3179386;0.8493708,2
9402,-0.2143573;-0.3134334;0.8605568,-0.2023674;-0.2763996;0.9242482,-0.2030737;-0.1285221;1.064097,-0.1841364;0.1050833;1.059572,-0.01285002;0.1537305;1.062126,-0.0841846;-0.3689277;1.18477,-0.0001385125;-0.3757436;1.217996,0.2089547;-0.3200732;0.8496678,2
9435,-0.2148358;-0.3148305;0.8662263,-0.2054282;-0.2753356;0.9283397,-0.2042274;-0.1291086;1.0659,-0.1843468;0.104961;1.059792,-0.01316561;0.15397;1.062317,-0.08503848;-0.3696056;1.184605,-0.001156237;-0.3766448;1.217733,0.2092576;-0.3193029;0.8500602,2
9467,-0.2106764;-0.3138433;0.8792561,-0.2044286;-0.2766264;0.9363937,-0.2050799;-0.1299407;1.066918,-0.1845202;0.1048833;1.059973,-0.01347247;0.1541989;1.062407,-0.08551505;-0.369951;1.184191,-0.001734144;-0.3770052;1.217372,0.2094366;-0.3188983;0.8501628,2
9500,-0.2104814;-0.3157476;0.8798634,-0.2048674;-0.2778372;0.936002,-0.2057834;-0.1305422;1.06807,-0.1847163;0.104776;1.060195,-0.01468312;0.1506623;1.060279,-0.08576875;-0.3700684;1.184138,-0.002011911;-0.3770933;1.21734,0.2095671;-0.318791;0.8503315,2
9533,-0.2084599;-0.3145833;0.8831465,-0.2034019;-0.2798151;0.9379413,-0.2061004;-0.1306124;1.068572,-0.184858;0.1046874;1.060295,-0.01496314;0.1514063;1.060528,-0.08604935;-0.3701688;1.1839,-0.002259127;-0.3771501;1.217111,0.2092819;-0.3185785;0.8500956,2
9568,-0.2070408;-0.3164811;0.88293,-0.2021546;-0.281471;0.9396225,-0.2064085;-0.1307505;1.068998,-0.1849625;0.1046181;1.060347,-0.01517585;0.1519451;1.060652,-0.08638079;-0.3704668;1.183615,-0.002580511;-0.3774991;1.216715,0.208822;-0.3181875;0.8495963,2
9600,-0.2075873;-0.3209813;0.8863043,-0.2011638;-0.2838158;0.9421711,-0.2072163;-0.1309686;1.071756,-0.1851898;0.1045114;1.060714,-0.01589439;0.1501059;1.060076,-0.08647481;-0.3705035;1.183707,-0.002686382;-0.3775006;1.2168,0.2087379;-0.318341;0.8496647,2
9639,-0.206048;-0.3209746;0.8883479,-0.2002889;-0.2852869;0.9439282,-0.2077348;-0.1303356;1.073445,-0.1853803;0.1044074;1.060908,-0.01611338;0.1511898;1.060707,-0.08652955;-0.3705164;1.183744,-0.002740834;-0.3774878;1.216819,0.2089452;-0.3216036;0.8493549,2
9669,-0.2043508;-0.3230623;0.8904917,-0.1991446;-0.2869411;0.9456948,-0.2081733;-0.1306893;1.074315,-0.1855982;0.1043205;1.061138,-0.0167503;0.149428;1.059925,-0.08655787;-0.3705574;1.183763,-0.002773475;-0.3775032;1.216828,0.2091764;-0.3212743;0.8495027,2
9701,-0.2024743;-0.3240976;0.8905225,-0.1979312;-0.2881968;0.947028,-0.2084112;-0.1309088;1.075383,-0.1858251;0.1042143;1.061401,-0.01688053;0.1506706;1.060711,-0.08657885;-0.3705745;1.183815,-0.002789772;-0.3774948;1.21685,0.2091475;-0.3215159;0.8494743,2
9733,-0.2030906;-0.3266087;0.8911546,-0.1970969;-0.2893439;0.9486952,-0.2088309;-0.1302535;1.077898,-0.1860956;0.1041826;1.061921,-0.01701507;0.1517152;1.061683,-0.08676909;-0.3709351;1.184366,-0.00297635;-0.3778396;1.217342,0.2088084;-0.3217735;0.8498372,2
9768,-0.2003032;-0.3240473;0.8877073,-0.1961262;-0.2900121;0.9487668,-0.2088012;-0.1301064;1.078073,-0.186209;0.104125;1.061993,-0.01704573;0.1521478;1.061829,-0.08676659;-0.3709675;1.184323,-0.002978205;-0.3778498;1.21728,0.2086511;-0.3216972;0.8496812,2
9800,-0.2016432;-0.3265169;0.8910115,-0.1957895;-0.2904176;0.9495625,-0.2090759;-0.1300719;1.079173,-0.1864183;0.104096;1.062321,-0.01714797;0.1527865;1.062374,-0.08683492;-0.3709596;1.184512,-0.003045891;-0.3778104;1.217395,0.2090281;-0.3214677;0.8499396,2
