Time_Stamp,Accel,Gyro,Head,SpineShoulder,ShoulderRight,ElbowRight,WristRight,HandRight,SpineBase,TrimmingId
0,15176;1004;-796,904;-2419;-4362,-0.168031;0.1346141;1.290224,-0.1764165;-0.08224747;1.329086,-0.01097586;-0.1037535;1.353497,0.04084673;-0.3511356;1.302284,0.1130029;-0.4511199;1.153487,0.1263778;-0.45324;1.051066,-0.1553119;-0.544916;1.391717,0
31,14924;1688;-1144,1126;-3091;-5844,-0.167955;0.1345624;1.290102,-0.1764163;-0.08224688;1.329086,-0.01093105;-0.1037798;1.353494,0.04093308;-0.3511006;1.301919,0.1238258;-0.4840813;1.102607,0.1254595;-0.457779;1.051261,-0.1554221;-0.5448806;1.391687,0
66,14964;2948;-1424,442;-3690;-6667,-0.1677415;0.1344934;1.289554,-0.1762788;-0.08229243;1.328628,-0.01104752;-0.1036418;1.353205,0.04087047;-0.3508468;1.3009,0.1181517;-0.4414202;1.069385,0.1266886;-0.4481521;1.044969,-0.1553684;-0.5448268;1.391314,0
97,15040;3960;-1932,1140;-4686;-7512,-0.1677438;0.1344935;1.289663,-0.1762489;-0.08229286;1.328654,-0.01069495;-0.1038454;1.353818,0.04129878;-0.3507962;1.29998,0.1192023;-0.4363125;1.066708,0.1284449;-0.4503065;1.043494,-0.155324;-0.5448841;1.391524,0
132,15280;5376;-3384,2192;-4743;-7344,-0.1677435;0.1345069;1.289697,-0.1762941;-0.08226106;1.328811,-0.01054874;-0.1037886;1.354242,0.04113537;-0.3508163;1.30049,0.1189625;-0.4346178;1.066556,0.1275104;-0.4479896;1.044802,-0.1554759;-0.5447282;1.391876,0
165,15372;6408;-3664,1090;-4160;-7218,-0.1677193;0.1345004;1.289597,-0.1762496;-0.08225338;1.328796,-0.01068129;-0.1036784;1.354086,0.04117967;-0.350597;1.299857,0.1091428;-0.4355786;1.123497,0.1276072;-0.4472045;1.042676,-0.155488;-0.5447268;1.391866,0
198,14988;6508;-3896,2209;-3862;-7704,-0.1676809;0.1344748;1.28918,-0.1762224;-0.08222891;1.328676,-0.01086972;-0.1035654;1.353771,0.04119114;-0.3503063;1.298668,0.1183866;-0.4456114;1.069077,0.125861;-0.4434978;1.03734,-0.1556365;-0.5446979;1.391724,0
231,14108;7160;-3744,1297;-3974;-7922,-0.1676883;0.1344846;1.289122,-0.1762118;-0.08223667;1.328667,-0.01098741;-0.1034561;1.353691,0.04131838;-0.3500672;1.298093,0.1190287;-0.4429369;1.067654,0.1265755;-0.4384747;1.036002,-0.155655;-0.5446859;1.391681,0
267,13660;7892;-4444,2186;-4352;-7881,-0.1676494;0.1344011;1.288604,-0.1761621;-0.08218487;1.328294,-0.01118384;-0.103233;1.353337,0.04107154;-0.3497059;1.29681,0.119941;-0.4399644;1.065704,0.1263349;-0.4325925;1.032702,-0.1557179;-0.5445064;1.391251,0
298,12964;8548;-4880,2025;-4199;-7819,-0.1676736;0.1343928;1.28835,-0.1761529;-0.08216355;1.327989,-0.01117044;-0.1031775;1.353305,0.04217204;-0.3487327;1.292864,0.1214679;-0.4294724;1.058313,0.1279303;-0.4221018;1.022777,-0.1557372;-0.5444193;1.390933,0
331,12344;8476;-5156,1682;-3764;-9055,-0.1676795;0.1343946;1.288359,-0.1761641;-0.08215968;1.327996,-0.01132929;-0.1030092;1.353245,0.044339;-0.3476622;1.290733,0.1185166;-0.4102491;1.09157,0.129025;-0.4116464;1.020257,-0.1557905;-0.54439;1.390973,0
365,11800;9344;-4708,-352;-3752;-9491,-0.1677601;0.1344164;1.288557,-0.176209;-0.08215831;1.328093,-0.01125613;-0.1027507;1.35401,0.04487649;-0.3468548;1.289264,0.1201784;-0.4064018;1.081362,0.1287781;-0.4023215;1.022452,-0.1559673;-0.5444331;1.391034,0
399,11108;10056;-5300,2175;-5188;-9403,-0.1677828;0.1344275;1.288566,-0.176277;-0.08213002;1.328016,-0.01141792;-0.1026119;1.353863,0.04604813;-0.3459401;1.286866,0.121672;-0.3932847;1.068496,0.1293709;-0.386788;1.014188,-0.1562294;-0.5445014;1.39094,0
432,10952;11264;-5644,1252;-4683;-10030,-0.1682723;0.134766;1.289596,-0.1766119;-0.08203611;1.329018,-0.01136573;-0.102469;1.355601,0.04807607;-0.3446303;1.285486,0.1205182;-0.3814652;1.068284,0.1306843;-0.3744745;1.014718,-0.1565621;-0.5447896;1.391609,0
466,10068;11388;-6060,1443;-5348;-9980,-0.1684708;0.1349182;1.289817,-0.1767022;-0.08197311;1.329077,-0.01140507;-0.102226;1.355932,0.04897084;-0.3435154;1.283075,0.1173469;-0.3712151;1.06388,0.1313113;-0.3579018;1.007701,-0.1567336;-0.5447977;1.391692,0
501,9776;12576;-6500,1794;-5411;-10421,-0.1686931;0.1350686;1.289892,-0.1767405;-0.08189647;1.329124,-0.01141088;-0.1020524;1.356195,0.04956205;-0.3426452;1.281112,0.1179864;-0.3612228;1.062476,0.132429;-0.34412;1.00886,-0.1569012;-0.5447677;1.39173,0
531,8920;13392;-7332,329;-5402;-9846,-0.1691524;0.1353825;1.290215,-0.1768666;-0.08180673;1.329244,-0.01167358;-0.1017897;1.356035,0.05070908;-0.3411772;1.277673,0.1213515;-0.3537826;1.059914,0.1329878;-0.3285482;1.00514,-0.1570379;-0.544787;1.391789,0
565,8100;13744;-7448,1514;-5114;-9725,-0.1697266;0.1357176;1.290999,-0.1774652;-0.08168363;1.329835,-0.0119975;-0.1010504;1.357247,0.05091633;-0.3398254;1.277121,0.120943;-0.3435162;1.066066,0.1348294;-0.3126457;1.005707,-0.1573115;-0.5447979;1.392017,0
598,7268;14332;-7412,1165;-4892;-9304,-0.1699754;0.1358169;1.291022,-0.1774903;-0.08165698;1.329807,-0.01223107;-0.1007035;1.357254,0.05471978;-0.3359916;1.269027,0.1210944;-0.3248234;1.06387,0.133595;-0.294223;0.9979365,-0.1575262;-0.5447109;1.391801,0
631,6292;14424;-7828,806;-5119;-8862,-0.1702715;0.1359411;1.291125,-0.1776323;-0.08156099;1.329869,-0.01257833;-0.1004114;1.356897,0.05610434;-0.3345111;1.266501,0.1200555;-0.3181714;1.066288,0.1333974;-0.2811549;0.9988839,-0.1577814;-0.5447294;1.391758,0
665,5504;15128;-8524,1653;-4636;-8569,-0.1706176;0.1360646;1.291269,-0.1777521;-0.08147354;1.32998,-0.01286946;-0.10023;1.356618,0.06200363;-0.3308776;1.261642,0.1185815;-0.3079807;1.069052,0.1323749;-0.2679906;0.9989017,-0.1579751;-0.5447841;1.391729,0
701,4916;15168;-8592,1322;-4062;-7479,-0.1712197;0.1364419;1.291952,-0.1778794;-0.08136833;1.330286,-0.0130314;-0.09999948;1.356956,0.06358091;-0.3297466;1.261043,0.1183072;-0.2952895;1.067433,0.1323425;-0.2559854;1.001111,-0.1580753;-0.5447837;1.391797,0
735,4128;14992;-8352,956;-3892;-7409,-0.1715974;0.1365928;1.292282,-0.1780595;-0.08128056;1.330456,-0.01324808;-0.09972224;1.357274,0.06364369;-0.3286633;1.259392,0.1175773;-0.2851859;1.066708,0.1312228;-0.2466711;1.000839,-0.158145;-0.5447565;1.391804,0
767,3452;15100;-8612,1927;-3460;-7020,-0.1720751;0.1367771;1.292732,-0.1782629;-0.08117232;1.33071,-0.01341148;-0.09964795;1.357149,0.06437492;-0.3268122;1.255369,0.1171814;-0.2774082;1.066262,0.1314479;-0.2376408;0.9989611,-0.1581738;-0.5447636;1.391817,0
799,3152;15396;-8512,1132;-3522;-6689,-0.1723593;0.1368369;1.292849,-0.178446;-0.0810646;1.33071,-0.01361038;-0.09951595;1.357229,0.06436104;-0.3265217;1.255201,0.1170103;-0.2745167;1.066044,0.1311167;-0.2339862;0.9987365,-0.1582385;-0.5447175;1.391733,0
830,2400;15556;-8760,653;-3228;-5855,-0.1732221;0.1371743;1.294262,-0.1791222;-0.08072397;1.332069,-0.01420597;-0.09900022;1.358953,0.0652734;-0.3246994;1.254945,0.116986;-0.2718285;1.067717,0.1322668;-0.2311095;1.002887,-0.1584748;-0.5445927;1.392404,0
865,2068;15468;-8696,1519;-3108;-4894,-0.1736839;0.1373104;1.294506,-0.1795306;-0.0805017;1.332588,-0.0144474;-0.0987632;1.359566,0.06664421;-0.3243732;1.256761,0.1168566;-0.2703754;1.068279,0.1328937;-0.2334581;1.000949,-0.1585765;-0.5445764;1.392613,0
900,1988;15564;-9152,1939;-2617;-4255,-0.1740766;0.1373799;1.294349,-0.1796327;-0.08043383;1.332474,-0.01457932;-0.09858877;1.359481,0.06618437;-0.3242095;1.256402,0.1167964;-0.2699018;1.068115,0.1315641;-0.2380083;1.00217,-0.1586959;-0.5445076;1.392357,0
935,1256;15160;-8844,263;-1759;-3979,-0.1744769;0.1374185;1.294565,-0.1798782;-0.08034748;1.332639,-0.01472029;-0.09849297;1.359675,0.06604447;-0.3241854;1.256776,0.1170075;-0.2699397;1.069221,0.1324876;-0.2387086;1.004731,-0.1587861;-0.5445042;1.392436,0
965,1056;15016;-8800,1706;-1558;-3587,-0.1747771;0.1374526;1.294612,-0.1800705;-0.08030777;1.332763,-0.01498916;-0.09821948;1.36003,0.06607682;-0.3238375;1.257209,0.117144;-0.2703952;1.069354,0.1332168;-0.2437583;1.006171,-0.1588784;-0.5444944;1.392462,0
998,744;15572;-8256,884;-1301;-3167,-0.1750261;0.1374182;1.294329,-0.1801767;-0.08027889;1.332422,-0.01516272;-0.09806992;1.359818,0.06606088;-0.3237635;1.257322,0.1172253;-0.2717398;1.069578,0.1323472;-0.2494259;1.005743,-0.1590957;-0.5444427;1.392002,0
1031,636;14964;-8300,1397;-1356;-2680,-0.1756226;0.1376659;1.295153,-0.1804512;-0.08020815;1.33299,-0.01550979;-0.09794236;1.360928,0.06545831;-0.3239405;1.258979,0.1179529;-0.2773835;1.072319,0.1344194;-0.256983;1.009985,-0.1593914;-0.5444382;1.392466,0
1066,444;15272;-8360,1014;-1316;-2166,-0.1757585;0.1376705;1.295076,-0.1805482;-0.08018521;1.332935,-0.01566941;-0.09795199;1.36018,0.06552536;-0.3243478;1.259452,0.118275;-0.2855058;1.073102,0.1331762;-0.2655958;1.009121,-0.1595172;-0.5445053;1.392452,0
1100,44;14920;-8404,1295;-989;-1672,-0.1758668;0.1376507;1.294979,-0.1806044;-0.08018018;1.332883,-0.01578873;-0.09799356;1.359499,0.06562329;-0.324852;1.260175,0.1186246;-0.2920003;1.073863,0.1353289;-0.2734989;1.005251,-0.1596066;-0.544534;1.39234,0
1134,-8;14752;-8596,1448;-905;-1582,-0.1759153;0.1376434;1.294986,-0.180795;-0.08018534;1.333068,-0.01584858;-0.09792028;1.359666,0.06136803;-0.3276529;1.264221,0.1190391;-0.2972783;1.074018,0.135831;-0.2839627;1.00729,-0.1596945;-0.5445482;1.392413,0
1168,-300;14568;-8704,1340;-538;-1315,-0.1759286;0.137644;1.295,-0.1808087;-0.08018196;1.333063,-0.01588236;-0.09790473;1.359799,0.06029055;-0.32842;1.265593,0.1201622;-0.301908;1.074587,0.1370587;-0.2929802;1.005633,-0.1597219;-0.5445572;1.392431,0
1199,128;14504;-8336,1138;-335;-1054,-0.1759419;0.1376539;1.295003,-0.1808357;-0.08017927;1.333056,-0.01595341;-0.09798611;1.359304,0.05634177;-0.3316531;1.270839,0.1209638;-0.3108684;1.076122,0.1368776;-0.3039177;1.008196,-0.1597576;-0.5445566;1.392446,0
1231,48;14544;-8020,1416;-432;-1004,-0.1759489;0.1376533;1.29499,-0.1809048;-0.0801708;1.33308,-0.01599574;-0.09809034;1.358898,0.05546651;-0.3325131;1.272024,0.1211949;-0.3206609;1.077086,0.1370654;-0.3149358;1.006992,-0.1597718;-0.5445536;1.39247,0
1266,140;14772;-8540,1837;-584;-601,-0.1759491;0.1376436;1.294987,-0.1809119;-0.08017284;1.333076,-0.01606293;-0.09818696;1.358477,0.0549551;-0.3330106;1.272465,0.1224808;-0.3305478;1.068593,0.1371977;-0.3277105;1.005746,-0.1597695;-0.5445511;1.392481,0
1299,4;14632;-8704,1063;-331;-583,-0.1759311;0.1376382;1.294925,-0.1809072;-0.08015992;1.332992,-0.01605706;-0.09829092;1.358129,0.05441426;-0.3335039;1.272857,0.1228827;-0.3365935;1.069119,0.1374058;-0.339674;1.009652,-0.1597672;-0.5445478;1.392483,0
1334,-148;14520;-8384,1006;-133;-546,-0.1759254;0.1376297;1.294896,-0.1809061;-0.08015461;1.332989,-0.01604488;-0.09840265;1.357895,0.05392271;-0.334071;1.273645,0.1232769;-0.345393;1.071172,0.1372796;-0.3523746;1.007994,-0.1597663;-0.544542;1.39249,0
1368,0;14164;-8312,1426;-239;-492,-0.1759085;0.137624;1.294883,-0.1808966;-0.08015835;1.332961,-0.01599746;-0.0984597;1.358022,0.05339911;-0.3350215;1.276268,0.1256222;-0.3613199;1.056584,0.1378948;-0.3651697;1.009395,-0.1597699;-0.5445302;1.392488,0
1399,-168;14056;-8240,956;-98;-542,-0.1756724;0.1374955;1.294121,-0.1808321;-0.08013303;1.332237,-0.01591266;-0.09853312;1.357933,0.05306689;-0.335559;1.277395,0.124671;-0.3656247;1.066101,0.1370469;-0.3777537;1.009361,-0.1597366;-0.5444511;1.391972,0
1430,-20;14192;-8312,971;-187;-600,-0.175629;0.1374764;1.294094,-0.1807788;-0.08015548;1.332224,-0.0159004;-0.09859737;1.357737,0.05176376;-0.3367684;1.280022,0.1258751;-0.381888;1.072969,0.1384919;-0.3902425;1.015748,-0.1597366;-0.5444509;1.391974,0
1469,32;14188;-8364,1289;-159;-875,-0.1755487;0.1374877;1.294142,-0.1807475;-0.0801812;1.332282,-0.01556576;-0.09897579;1.358453,0.05133531;-0.3379755;1.283134,0.1225142;-0.3970713;1.08845,0.1377044;-0.4021543;1.020079,-0.1597473;-0.5445359;1.392092,0
1498,-80;14156;-8264,699;-236;-759,-0.1754719;0.1374612;1.294107,-0.1807014;-0.0801791;1.33227,-0.01550935;-0.09909376;1.358172,0.04963031;-0.3395637;1.286893,0.1227087;-0.4001496;1.092222,0.1371874;-0.4120657;1.022995,-0.1597437;-0.5445417;1.392099,0
1534,52;14464;-8528,1256;-58;-794,-0.1754241;0.1374803;1.294111,-0.1806619;-0.08017319;1.332217,-0.01546728;-0.09923824;1.357856,0.04832533;-0.341125;1.291303,0.1234013;-0.4090561;1.09849,0.1374583;-0.4216205;1.030219,-0.1597208;-0.5445414;1.392063,0
1569,368;14132;-8608,1009;-61;-1024,-0.1752928;0.137478;1.294042,-0.1805673;-0.0801838;1.3322,-0.01542246;-0.09938324;1.357583,0.04832611;-0.3415229;1.292178,0.1288839;-0.4245806;1.075461,0.1371071;-0.4252097;1.031332,-0.1596925;-0.5445055;1.392064,0
1599,308;15812;-9524,749;498;-882,-0.1749316;0.1373508;1.293426,-0.180401;-0.08019866;1.331824,-0.01533017;-0.0996085;1.357099,0.04707627;-0.3424487;1.293432,0.1215311;-0.428381;1.105021,0.137414;-0.4324043;1.034562,-0.1596468;-0.5444814;1.391904,0
1632,700;16440;-9792,902;1248;131,-0.1748051;0.1373256;1.293444,-0.1802927;-0.08027624;1.331786,-0.01492626;-0.1000934;1.357792,0.04515289;-0.3443021;1.298301,0.1139474;-0.4280075;1.136312,0.1379524;-0.4378842;1.038336,-0.1595243;-0.5445533;1.391962,0
1666,1124;17308;-9960,487;2137;1314,-0.1746193;0.137273;1.293436,-0.1801171;-0.08033545;1.331738,-0.01489612;-0.1002211;1.357638,0.04443413;-0.3450103;1.300417,0.1147047;-0.4295833;1.13355,0.1371139;-0.4432161;1.045313,-0.1594868;-0.5445695;1.391971,0
1698,1940;17252;-9520,1103;2951;3180,-0.1744822;0.1372335;1.293454,-0.1799872;-0.08041517;1.331697,-0.0146077;-0.1006215;1.358037,0.04433719;-0.3455159;1.300932,0.1152991;-0.4312344;1.132021,0.1375485;-0.4457371;1.044526,-0.159402;-0.5446078;1.391988,0
1731,2248;17372;-9104,781;3572;4890,-0.1743187;0.1372466;1.293702,-0.1798189;-0.08047342;1.331832,-0.01422151;-0.1011858;1.358957,0.04360841;-0.3466339;1.303658,0.115525;-0.4329859;1.132159,0.137946;-0.4474853;1.047418,-0.1593034;-0.5446852;1.392083,0
1768,2760;16748;-9160,1067;4086;6005,-0.1741385;0.1372492;1.293766,-0.1797649;-0.08048633;1.331872,-0.01427616;-0.1011808;1.358757,0.04333173;-0.3470476;1.305781,0.1157135;-0.4339871;1.13182,0.137382;-0.4489784;1.051253,-0.1592222;-0.5446939;1.39219,0
1799,3340;15880;-8756,991;4716;6981,-0.1739661;0.1371789;1.293676,-0.179675;-0.08058534;1.331876,-0.01427098;-0.1012691;1.358444,0.0429453;-0.3473266;1.30613,0.1157762;-0.4345803;1.131256,0.1370695;-0.4509704;1.051042,-0.1591569;-0.5447218;1.392232,0
1832,3940;15112;-8268,1038;4795;7338,-0.1738288;0.1371192;1.293657,-0.1794846;-0.08062178;1.33182,-0.01426775;-0.1013209;1.35811,0.04235512;-0.3478368;1.30802,0.1161125;-0.4357091;1.130797,0.1370144;-0.4506617;1.052138,-0.1590928;-0.5447208;1.392226,0
1867,4316;15140;-7836,764;4518;7630,-0.1735906;0.1369712;1.293366,-0.1792637;-0.08068114;1.331486,-0.0142647;-0.1013567;1.357753,0.04230169;-0.3479453;1.308087,0.1162452;-0.4360079;1.129686,0.1357759;-0.4492421;1.051432,-0.1590083;-0.5447204;1.392064,0
1898,5284;14580;-7852,466;4473;8115,-0.1734542;0.137015;1.293153,-0.1790876;-0.08072185;1.331199,-0.0142677;-0.1014445;1.357278,0.04210848;-0.3480792;1.307628,0.1162647;-0.436294;1.129174,0.1354855;-0.4498487;1.052405,-0.1589054;-0.5447159;1.391824,0
1933,5892;13836;-8188,2223;4684;8284,-0.173335;0.1370006;1.293273,-0.179065;-0.08074648;1.331358,-0.01426291;-0.1014549;1.35727,0.04207895;-0.3481556;1.308046,0.11634;-0.4365409;1.129186,0.1367908;-0.4497644;1.051654,-0.1588996;-0.5448149;1.392154,0
1966,6568;14336;-7896,-35;4912;8686,-0.1732409;0.1369648;1.293204,-0.1790091;-0.08076159;1.33131,-0.01413886;-0.101764;1.35744,0.04212097;-0.3484492;1.308001,0.1163629;-0.4366818;1.129141,0.1358014;-0.4478569;1.050918,-0.1588401;-0.5448174;1.39215,0
2001,7628;12844;-7352,240;5236;8675,-0.1731527;0.1369007;1.293137,-0.178949;-0.08083086;1.331257,-0.01412924;-0.1018293;1.357181,0.04181982;-0.3487172;1.308723,0.1163284;-0.4370922;1.129401,0.1353332;-0.4503434;1.054273,-0.1587603;-0.5448004;1.392161,0
2035,8140;13336;-6724,-453;5217;8532,-0.1730933;0.1368724;1.293161,-0.1789188;-0.0808484;1.331277,-0.01414089;-0.1018271;1.357113,0.04170619;-0.3487392;1.308663,0.1164161;-0.4373377;1.129198,0.1354593;-0.4478699;1.05096,-0.1587171;-0.5447917;1.392203,1
2067,9392;12040;-6200,639;4960;8937,-0.1729724;0.1368738;1.293247,-0.1789138;-0.08085591;1.331331,-0.01394034;-0.1022176;1.357737,0.04167853;-0.3490973;1.308717,0.1164334;-0.437492;1.129206,0.1361527;-0.4500213;1.053444,-0.158708;-0.5448354;1.392274,1
2098,10860;11760;-6064,567;4738;8613,-0.1727955;0.1368971;1.293594,-0.1788686;-0.08087269;1.331603,-0.01394037;-0.1022162;1.357738,0.04130204;-0.3492973;1.3096,0.116489;-0.4376955;1.129246,0.1358172;-0.4519605;1.055846,-0.1586837;-0.5448806;1.39272,1
2132,11276;11216;-6136,61;4763;8308,-0.1726227;0.136833;1.293343,-0.1787888;-0.08094562;1.33144,-0.01396439;-0.1021889;1.35736,0.0414411;-0.3492393;1.309252,0.1164686;-0.4378034;1.129106,0.1341625;-0.4463531;1.054296,-0.158563;-0.5448288;1.392531,1
2166,11960;10500;-5284,1152;4911;8269,-0.1725585;0.136831;1.293248,-0.1787156;-0.08100599;1.331305,-0.0139668;-0.1021843;1.35712,0.04138844;-0.3491873;1.308562,0.1164178;-0.4377326;1.128666,0.1350552;-0.4487969;1.050969,-0.158425;-0.5448722;1.392417,1
2199,12564;9716;-4452,-123;4549;7907,-0.1725179;0.136828;1.293336,-0.1786844;-0.08101011;1.331367,-0.01377659;-0.1024353;1.357905,0.04151206;-0.3493772;1.308827,0.1164323;-0.4375431;1.128463,0.1349977;-0.4495663;1.055514,-0.1583881;-0.5448603;1.392505,1
2234,12804;9116;-4692,1091;4605;7910,-0.1724123;0.1367863;1.293137,-0.1786985;-0.08101436;1.331326,-0.01379516;-0.1024152;1.357655,0.04137169;-0.3494232;1.308859,0.11608;-0.4374992;1.128928,0.1334629;-0.4464655;1.053723,-0.158338;-0.5448542;1.392451,1
2266,13684;8772;-3964,794;4521;7957,-0.172405;0.136782;1.293139,-0.1786762;-0.08102361;1.331321,-0.01367497;-0.1024332;1.358082,0.04124697;-0.3494639;1.309067,0.1160203;-0.4376105;1.128873,0.1332332;-0.4454127;1.055185,-0.1583251;-0.5448419;1.392464,1
2298,14548;7032;-3260,-585;4003;7466,-0.1723716;0.1367511;1.293065,-0.1785761;-0.08103317;1.331113,-0.01371679;-0.1023575;1.357721,0.04102523;-0.3494598;1.308927,0.1160683;-0.4375234;1.128284,0.1324563;-0.4455889;1.054212,-0.1582862;-0.5448101;1.392399,1
2332,14572;6604;-2956,2048;3895;6961,-0.1723372;0.1367485;1.293045,-0.1785665;-0.0810347;1.331112,-0.01362418;-0.1024911;1.357893,0.04121495;-0.3494148;1.307964,0.1158861;-0.4369814;1.127663,0.1321142;-0.44159;1.052767,-0.1582671;-0.5448325;1.39241,1
2366,14628;6116;-2848,406;3784;6402,-0.172314;0.136752;1.293145,-0.1785797;-0.08102918;1.331183,-0.01341165;-0.1027252;1.358979,0.04134454;-0.349508;1.307972,0.1274697;-0.4349965;1.077658,0.1348886;-0.4373311;1.046042,-0.1582497;-0.5448354;1.392502,1
2399,14804;4976;-2364,-794;3651;5421,-0.1722437;0.1367555;1.292923,-0.1785136;-0.0809978;1.331006,-0.01355168;-0.1025702;1.358328,0.04171961;-0.348752;1.304059,0.114806;-0.4089412;1.061304,0.1410996;-0.4255731;1.015113,-0.1582455;-0.5448273;1.392477,1
2433,14624;4136;-2264,985;3712;5029,-0.1721357;0.1367094;1.292654,-0.1785087;-0.08099168;1.33082,-0.01365674;-0.1024241;1.357718,0.05069515;-0.3384665;1.340896,0.1201584;-0.4121498;1.100921,0.1341293;-0.4208631;1.031258,-0.1581765;-0.5447674;1.392159,1
2468,14520;4440;-1580,1425;3293;4724,-0.1720455;0.1366843;1.292284,-0.1783826;-0.08097322;1.330362,-0.01362368;-0.1025105;1.3577,0.0462072;-0.3459259;1.293893,0.1259665;-0.418086;1.081579,0.1333409;-0.4113776;1.032534,-0.1582772;-0.5447019;1.391707,1
2499,14720;3472;-1616,-307;3187;4564,-0.1720353;0.1366916;1.292294,-0.1783736;-0.08096386;1.33036,-0.0137217;-0.1023789;1.357544,0.04616849;-0.3458399;1.294026,0.1242127;-0.413662;1.088606,0.1348136;-0.4037074;1.02885,-0.1582911;-0.5446914;1.391738,1
2532,14700;2180;-552,196;3296;3625,-0.1720213;0.1366944;1.292303,-0.1785388;-0.08097544;1.330491,-0.01373705;-0.1023758;1.358177,0.04630262;-0.3456656;1.293999,0.1241585;-0.4037438;1.083475,0.1339067;-0.3928621;1.026315,-0.1583652;-0.5447313;1.391814,1
2567,14996;1568;384,-538;2683;2635,-0.1720068;0.1367098;1.292328,-0.1786188;-0.08090373;1.330514,-0.01375103;-0.1022259;1.358527,0.04667843;-0.345179;1.293169,0.1214982;-0.3946191;1.087934,0.1338125;-0.3796775;1.022469,-0.1584253;-0.5446733;1.39184,1
2598,15580;1116;496,524;1633;2008,-0.1720036;0.1367362;1.292502,-0.178648;-0.08090714;1.330748,-0.0138103;-0.1021443;1.358439,0.04679548;-0.3449937;1.292786,0.1214999;-0.3788258;1.083874,0.1332661;-0.3687579;1.025728,-0.1586221;-0.5446596;1.392122,1
2633,15432;2056;744,974;1186;1401,-0.1719673;0.1367572;1.292404,-0.1785672;-0.08098541;1.330474,-0.01388905;-0.1019468;1.357985,0.04759478;-0.3441909;1.2905,0.1186813;-0.3693531;1.073485,0.1321569;-0.3523748;1.019456,-0.1586277;-0.5446419;1.391943,1
2667,16032;1264;900,247;304;1074,-0.1721279;0.1370536;1.293244,-0.1787627;-0.08079507;1.33131,-0.01380527;-0.1016154;1.360039,0.04755211;-0.3435338;1.290951,0.1202711;-0.3614166;1.078794,0.1332556;-0.3408255;1.021193,-0.1586788;-0.5446506;1.392606,1
2698,16068;976;1204,173;-242;359,-0.1721327;0.1370611;1.293172,-0.1787072;-0.080835;1.33117,-0.01391397;-0.101371;1.359244,0.04830658;-0.3424237;1.287329,0.1187123;-0.3546326;1.081219,0.1307219;-0.3266016;1.017173,-0.1588147;-0.5446732;1.392223,1
2732,16372;1152;1224,1240;-524;-431,-0.1721409;0.137065;1.293197,-0.1787023;-0.08084738;1.331229,-0.01386392;-0.1011331;1.359611,0.04844025;-0.3418887;1.286543,0.1179437;-0.3431344;1.082012,0.1311042;-0.3133648;1.016168,-0.1588113;-0.5446759;1.392262,1
2767,16132;900;664,718;-1441;-1099,-0.1722113;0.1371547;1.293311,-0.1787234;-0.08084344;1.331292,-0.01384344;-0.1009984;1.359781,0.04957177;-0.3411019;1.285232,0.1167169;-0.3302968;1.082958,0.1304228;-0.2988246;1.018113,-0.1588679;-0.5446825;1.392367,1
2799,15936;1520;260,1054;-1080;-2169,-0.1722539;0.1371519;1.293395,-0.1787691;-0.08080864;1.331353,-0.01394773;-0.1008431;1.359432,0.05024893;-0.3407069;1.284737,0.1163139;-0.321323;1.082259,0.1307662;-0.2865958;1.015347,-0.1590503;-0.5447334;1.392411,1
2832,15960;900;432,641;-1475;-2979,-0.172339;0.1372814;1.293874,-0.1790101;-0.0807616;1.331944,-0.01405412;-0.1006945;1.359245,0.05047015;-0.3406346;1.285196,0.1154989;-0.312198;1.082188,0.1299897;-0.274184;1.017118,-0.1592712;-0.5447848;1.392735,1
2866,15416;1504;736,641;-1750;-3481,-0.172419;0.137311;1.293935,-0.1790598;-0.08072061;1.332022,-0.01410542;-0.1005144;1.359378,0.05991986;-0.3351951;1.276076,0.1152425;-0.3029702;1.080906,0.1285258;-0.2645268;1.016155,-0.1593643;-0.5447947;1.392767,1
2901,15936;1848;420,1541;-2623;-3994,-0.1726027;0.1373764;1.29414,-0.1791988;-0.0806664;1.332063,-0.01419272;-0.100352;1.359145,0.06173808;-0.334248;1.275231,0.1137906;-0.2938616;1.080957,0.127929;-0.2554077;1.015163,-0.159401;-0.5447885;1.392773,1
2933,15592;2428;224,135;-3400;-4348,-0.1726445;0.1373976;1.294129,-0.179212;-0.08065975;1.332025,-0.01427414;-0.09999602;1.359331,0.06222162;-0.3332029;1.273733,0.1134248;-0.2893896;1.08062,0.1269087;-0.2460022;1.013993,-0.1594489;-0.5447845;1.392623,1
2966,15280;2176;-344,2067;-3507;-5161,-0.1726979;0.1374325;1.294133,-0.1792353;-0.08063453;1.332016,-0.01448168;-0.09977096;1.358777,0.06188511;-0.3323995;1.27117,0.1136197;-0.2851284;1.079628,0.1266255;-0.2420162;1.015844,-0.1594831;-0.544749;1.392554,1
2999,15144;2396;-1180,1792;-4327;-5985,-0.172851;0.1374904;1.294166,-0.1793092;-0.08060644;1.33209,-0.01458013;-0.09949796;1.358981,0.0626456;-0.3313793;1.269915,0.1136325;-0.281231;1.079803,0.1278186;-0.2357187;1.013718,-0.1594951;-0.5447158;1.392567,1
3032,14728;3336;-2028,1659;-4071;-7161,-0.1731639;0.1376206;1.294572,-0.1796097;-0.08053549;1.332434,-0.01475248;-0.09914039;1.359609,0.06329879;-0.3305881;1.27005,0.1139508;-0.2779336;1.080369,0.1279392;-0.2319103;1.015049,-0.1595703;-0.5446242;1.392808,1
3066,15096;4624;-2184,1256;-3977;-7696,-0.1736417;0.1377636;1.295206,-0.1799734;-0.08035958;1.333036,-0.01489941;-0.09881116;1.360293,0.06327356;-0.3300034;1.270078,0.114314;-0.2746423;1.081631,0.12751;-0.230154;1.016948,-0.1596251;-0.5445611;1.393064,1
3102,14404;5492;-1764,1140;-4329;-8023,-0.1737939;0.1377622;1.295232,-0.180051;-0.08031428;1.333064,-0.01494954;-0.09872041;1.360337,0.06326157;-0.3297533;1.269677,0.1141427;-0.2736639;1.082155,0.1268;-0.2285939;1.015059,-0.1596497;-0.5445321;1.393076,1
3133,14556;6024;-2292,2690;-4743;-8613,-0.1742608;0.137914;1.2956,-0.1802401;-0.08022244;1.333244,-0.01507639;-0.0985292;1.360683,0.06329226;-0.3294077;1.269716,0.1142766;-0.2719101;1.082287,0.1283317;-0.2291615;1.015552,-0.1596969;-0.5445161;1.393128,1
3166,13800;6288;-3452,2280;-5131;-9038,-0.1744876;0.1379324;1.295672,-0.1803271;-0.08014818;1.333317,-0.0151838;-0.09841779;1.360851,0.06377418;-0.328761;1.268885,0.1142877;-0.2717493;1.082348,0.1283187;-0.2317606;1.015673,-0.1597356;-0.5444888;1.393176,1
3199,12804;6772;-4340,2157;-4848;-10259,-0.1747048;0.1379015;1.295537,-0.180377;-0.08013538;1.333254,-0.01523389;-0.0983317;1.360824,0.06337034;-0.3287142;1.268617,0.1142785;-0.2714499;1.081967,0.1287074;-0.2315911;1.014367,-0.1597621;-0.5444783;1.393117,1
3232,12876;8416;-3960,707;-4256;-11276,-0.1749393;0.1378674;1.295409,-0.18048;-0.08005943;1.333168,-0.01533101;-0.09828275;1.360744,0.06306523;-0.3286884;1.268395,0.1141988;-0.271462;1.081989,0.1289492;-0.2349178;1.014819,-0.1597576;-0.5444492;1.393025,1
3266,11860;9624;-3896,2266;-4701;-11783,-0.1751099;0.1378791;1.295369,-0.1805781;-0.08005726;1.333089,-0.01535468;-0.09830864;1.360692,0.06263342;-0.3292068;1.269392,0.1143651;-0.2718654;1.082814,0.1290527;-0.2387698;1.017832,-0.1597973;-0.5444229;1.39286,1
3302,11060;10076;-4644,2691;-5689;-11525,-0.1752599;0.1378322;1.295142,-0.1806726;-0.08005866;1.332953,-0.01543864;-0.09823824;1.360549,0.06327201;-0.3291435;1.269995,0.1144931;-0.2742736;1.082061,0.1286832;-0.2459435;1.016987,-0.1598278;-0.5444565;1.39271,1
3331,10608;10248;-5204,2737;-5949;-12662,-0.1754828;0.1379207;1.29529,-0.1809192;-0.08001625;1.333171,-0.01555796;-0.09820959;1.360832,0.06379978;-0.329496;1.272112,0.1148388;-0.2781498;1.0833,0.1308005;-0.2555195;1.020142,-0.1600583;-0.5444562;1.392938,1
3365,9724;11984;-5036,1519;-5923;-14176,-0.1757158;0.1379758;1.295573,-0.1810479;-0.08000439;1.333431,-0.01568752;-0.09811009;1.361409,0.06399181;-0.3296193;1.273729,0.1153854;-0.2827222;1.084118,0.1319821;-0.2642955;1.021192,-0.1602837;-0.5444939;1.393213,1
3398,8352;14832;-5588,1955;-7026;-13296,-0.1759611;0.1379812;1.296032,-0.1812468;-0.07993744;1.333711,-0.0157733;-0.09812306;1.361858,0.06411139;-0.3299992;1.275571,0.1166617;-0.2912734;1.086551,0.133298;-0.2760047;1.023575,-0.160597;-0.5446119;1.393725,1
3432,7696;15532;-7272,4286;-7621;-12039,-0.1759866;0.1379586;1.295989,-0.1812751;-0.07994824;1.33371,-0.01584917;-0.09832884;1.360862,0.057306;-0.334904;1.283265,0.1170051;-0.2980017;1.08502,0.1327816;-0.2843863;1.018502,-0.1606338;-0.5446084;1.393718,1
3467,6496;15844;-8844,2578;-7008;-10791,-0.1760059;0.1379605;1.295993,-0.1812708;-0.0799543;1.333694,-0.01585829;-0.09831607;1.360869,0.05649816;-0.3353861;1.28422,0.1186174;-0.3034734;1.08101,0.1345728;-0.2934336;1.017008,-0.1606543;-0.5446068;1.393714,1
3499,5940;16644;-8660,727;-6021;-9547,-0.1759914;0.1379469;1.295957,-0.1812981;-0.0799671;1.333668,-0.01589301;-0.09830421;1.360878,0.05625734;-0.3346361;1.281255,0.1208877;-0.3120359;1.076214,0.1369014;-0.3055461;1.015296,-0.160652;-0.5445786;1.393694,1
3534,4664;16464;-9344,2164;-5239;-7541,-0.176002;0.1379353;1.295896,-0.1813271;-0.07998634;1.333582,-0.01589321;-0.09830365;1.36087,0.05621436;-0.3346742;1.28134,0.122555;-0.3195374;1.07382,0.1377656;-0.3170268;1.016781,-0.1607293;-0.5446374;1.393522,1
3566,4680;15860;-9180,2995;-4757;-6129,-0.1760042;0.1379301;1.2959,-0.1813355;-0.07999897;1.33357,-0.01591316;-0.0984133;1.360356,0.05537292;-0.3353256;1.281901,0.1245248;-0.3280575;1.071013,0.1385336;-0.3283435;1.018686,-0.16068;-0.5446389;1.393556,1
3598,4216;15060;-9056,1782;-4147;-5720,-0.1759591;0.137853;1.295742,-0.1813356;-0.07998867;1.333518,-0.01589386;-0.09854463;1.359842,0.05441272;-0.3363572;1.283689,0.1250232;-0.3369052;1.074437,0.1397451;-0.3385556;1.017879,-0.1606697;-0.5445954;1.393552,1
3632,3616;15644;-8876,1904;-3477;-5265,-0.1758534;0.1377261;1.295401,-0.1812814;-0.08005431;1.333108,-0.01582764;-0.09873639;1.359111,0.05364644;-0.3370712;1.284045,0.1254649;-0.3429745;1.074621,0.1392883;-0.3496991;1.019891,-0.1604638;-0.5446203;1.393304,1
3666,2988;15440;-8832,2104;-3058;-4353,-0.1756315;0.1375962;1.294931,-0.1812391;-0.08010343;1.33289,-0.01570487;-0.09893942;1.359121,0.05297048;-0.3376896;1.284802,0.1313418;-0.3588424;1.037056,0.1404193;-0.3585577;1.019399,-0.1603815;-0.5445925;1.393107,1
3699,2952;15656;-8956,1153;-2566;-3958,-0.1755846;0.1375602;1.295044,-0.1812314;-0.08012408;1.332966,-0.01544985;-0.09923308;1.35992,0.05848726;-0.3279776;1.345831,0.1222562;-0.3834655;1.099338,0.1422738;-0.3699602;1.023053,-0.1603041;-0.5445724;1.393244,1
3731,2352;15548;-8936,1427;-2256;-3242,-0.1755027;0.137522;1.295052,-0.1812405;-0.08013263;1.332984,-0.01533758;-0.09949691;1.360347,0.04951632;-0.3413772;1.295153,0.1257311;-0.3815745;1.087644,0.1424445;-0.3771313;1.025642,-0.1603058;-0.5445594;1.39328,1
3767,2476;15484;-9016,1078;-1723;-2869,-0.1754018;0.1374365;1.294984,-0.1812798;-0.08014777;1.333054,-0.01520517;-0.09964812;1.360681,0.04945958;-0.3416864;1.296026,0.1252469;-0.3827696;1.09464,0.1445466;-0.3874731;1.02639,-0.1602734;-0.5445509;1.393342,1
3799,1628;14836;-8904,1487;-1496;-2229,-0.1748738;0.1371234;1.293859,-0.1807947;-0.08028325;1.332198,-0.01500929;-0.09986281;1.360483,0.0496404;-0.3419995;1.296301,0.1251996;-0.385797;1.096794,0.1435772;-0.391121;1.025878,-0.1602029;-0.5444877;1.392622,1
3832,1544;13868;-8836,1199;-1346;-2274,-0.1745903;0.1369844;1.29353,-0.1806968;-0.08037698;1.332072,-0.01497615;-0.1000386;1.35972,0.04968284;-0.3424011;1.296673,0.1261012;-0.3929749;1.101855,0.1450048;-0.4011551;1.031303,-0.1601609;-0.544524;1.392603,1
3866,1408;14260;-8368,1165;-1121;-2382,-0.1743895;0.1369156;1.293329,-0.1805217;-0.08046223;1.331942,-0.01493013;-0.1000837;1.359739,0.04978713;-0.3425114;1.297105,0.1267664;-0.3960765;1.103746,0.1453464;-0.4065749;1.0315,-0.1601445;-0.5445375;1.392599,1
3900,1652;14220;-8368,1549;-1590;-2353,-0.1740398;0.1367601;1.292986,-0.1803628;-0.08056942;1.331726,-0.01483695;-0.1003193;1.359633,0.04989885;-0.3428999;1.297824,0.1272733;-0.4010426;1.105343,0.1454641;-0.4117439;1.033481,-0.1600977;-0.5445706;1.392511,1
3933,1328;14728;-8968,1044;-1361;-2174,-0.1737399;0.1366254;1.292758,-0.1801623;-0.08067193;1.331601,-0.01482967;-0.1003696;1.35908,0.0497222;-0.3432938;1.298825,0.1277661;-0.4047609;1.106507,0.1457031;-0.4176761;1.038628,-0.1600108;-0.544587;1.392432,1
3967,1124;15224;-9140,1509;-1106;-1633,-0.1735089;0.1365977;1.292623,-0.1800682;-0.08075312;1.33146,-0.01469654;-0.1006866;1.359266,0.04942363;-0.3441322;1.301298,0.1277763;-0.4091019;1.110844,0.1452656;-0.4237376;1.043152,-0.1599815;-0.5446131;1.392428,1
3999,1008;14904;-8756,1072;-674;-1190,-0.1733038;0.1366057;1.292574,-0.1800309;-0.08073833;1.331366,-0.01468375;-0.1008384;1.358932,0.04934358;-0.3444856;1.301992,0.1230085;-0.418617;1.128352,0.1461185;-0.4250325;1.044706,-0.1599891;-0.5446043;1.392441,1
4032,1192;14676;-8672,1673;-625;-934,-0.1730598;0.1365252;1.292488,-0.1799797;-0.08074932;1.331356,-0.01449613;-0.1012142;1.359267,0.0489718;-0.3450809;1.3028,0.1224893;-0.420642;1.131245,0.1462076;-0.4304378;1.046229,-0.1599738;-0.5446263;1.39245,1
4066,948;14264;-8724,1144;-446;-779,-0.1727367;0.1364207;1.292478,-0.1799603;-0.0807502;1.331354,-0.01421268;-0.1018263;1.359933,0.04846884;-0.3461249;1.30492,0.1264882;-0.4238468;1.121802,0.1473213;-0.4323389;1.046058,-0.1599475;-0.5446442;1.392511,1
4100,932;14264;-8432,1288;-378;-913,-0.1719778;0.1361662;1.29144,-0.1796676;-0.08080714;1.33076,-0.01398794;-0.1021651;1.359678,0.04838512;-0.3466114;1.305118,0.1229089;-0.4248745;1.13072,0.1462906;-0.4321434;1.043176,-0.1598626;-0.5447255;1.392094,1
4133,836;13888;-8232,1292;-474;-919,-0.1716785;0.1360586;1.291596,-0.1796318;-0.08084548;1.33081,-0.01401587;-0.102207;1.35945,0.04825018;-0.3468024;1.305657,0.1219732;-0.4261654;1.135639,0.1474874;-0.4356519;1.047851,-0.1598627;-0.5447595;1.392192,1
4168,624;13936;-8564,1163;-646;-991,-0.1713383;0.1360117;1.291358,-0.1794411;-0.08096309;1.33049,-0.01377946;-0.1026832;1.359329,0.04811699;-0.3474399;1.306013,0.1216179;-0.4267477;1.136647,0.1470006;-0.435633;1.04702,-0.1596902;-0.5448293;1.391948,1
4201,664;13876;-8564,963;-529;-1090,-0.1711321;0.135962;1.29136,-0.1793692;-0.08098933;1.330478,-0.01354323;-0.1030899;1.359627,0.04733391;-0.3482831;1.307559,0.1207237;-0.4284032;1.141608,0.146719;-0.4385119;1.052473,-0.1597702;-0.5448995;1.391981,1
4232,516;13792;-8464,1102;-529;-1505,-0.1708221;0.1358175;1.291243,-0.1791672;-0.08114152;1.330453,-0.01348653;-0.1031692;1.359705,0.04698603;-0.3485924;1.308535,0.1204206;-0.4285904;1.142739,0.1468495;-0.4399435;1.050424,-0.1597472;-0.5449193;1.391982,1
4265,864;14544;-8772,1214;-575;-1373,-0.1706541;0.1357988;1.291251,-0.1790124;-0.08121485;1.330483,-0.01339242;-0.1033976;1.3599,0.0460671;-0.3493622;1.310864,0.1196758;-0.4287081;1.145307,0.1472161;-0.4422019;1.053131,-0.1597497;-0.5449604;1.391985,1
4299,868;14500;-8840,1180;-493;-1233,-0.1704613;0.1357064;1.291261,-0.1789899;-0.08122897;1.330475,-0.01346216;-0.1033727;1.359481,0.04465446;-0.350094;1.313848,0.1185575;-0.4291596;1.149088,0.1466035;-0.4422375;1.056307,-0.1596687;-0.5450118;1.392006,1
4332,932;14940;-9032,1055;-306;-786,-0.1702792;0.1357008;1.291298,-0.1789574;-0.08123202;1.330492,-0.01353511;-0.1033142;1.359129,0.0446467;-0.3500731;1.31392,0.1185629;-0.4291986;1.149163,0.1469904;-0.4450916;1.056598,-0.1596833;-0.5450214;1.392031,2
4365,1008;15564;-9744,1190;148;-368,-0.1699481;0.1355581;1.291036,-0.178707;-0.08130537;1.330083,-0.01336221;-0.1036292;1.35914,0.04462627;-0.350437;1.313997,0.1184336;-0.4290854;1.149361,0.1455562;-0.4424757;1.054388,-0.1596949;-0.5450541;1.391854,2
4402,1452;16016;-10172,657;1025;267,-0.1697663;0.1355271;1.291029,-0.1786598;-0.08128725;1.330055,-0.01323378;-0.1038735;1.359532,0.04465701;-0.3506552;1.314019,0.118465;-0.429579;1.149319,0.1467717;-0.4440579;1.054575,-0.1597237;-0.5450551;1.391858,2
4432,2208;16688;-9992,700;2221;1161,-0.1696239;0.1355246;1.291075,-0.1786332;-0.08129156;1.330035,-0.01312139;-0.1041566;1.359761,0.04479685;-0.3508983;1.314006,0.1184573;-0.4295804;1.149451,0.1464684;-0.442641;1.054986,-0.1597503;-0.5450572;1.391861,2
4465,2220;17192;-9568,142;2901;2528,-0.1695199;0.1354993;1.291089,-0.1785742;-0.08128021;1.33007,-0.01295987;-0.1044176;1.360078,0.04478116;-0.3512455;1.314734,0.1185005;-0.4298809;1.149568,0.1466674;-0.4430715;1.057007,-0.1597483;-0.5450837;1.391868,2
4499,2772;16820;-9468,373;3209;4083,-0.1693865;0.1354688;1.291081,-0.1784674;-0.08131675;1.330015,-0.01305948;-0.1042989;1.359609,0.04466037;-0.3511845;1.314682,0.1181859;-0.4296371;1.150424,0.1464941;-0.4426769;1.056339,-0.1596666;-0.5451058;1.391753,2
4532,3436;16176;-9424,806;3780;4989,-0.1692083;0.1355328;1.291196,-0.178553;-0.08132914;1.330136,-0.01292135;-0.1045512;1.360085,0.04463965;-0.3514448;1.314957,0.118225;-0.429876;1.150457,0.1469488;-0.4432646;1.056019,-0.1596756;-0.5451108;1.391759,2
4565,4048;16284;-8876,-196;4153;5817,-0.1691085;0.1354897;1.291228,-0.178454;-0.08132732;1.3301,-0.0130209;-0.104439;1.3597,0.04465631;-0.3513352;1.314797,0.1182345;-0.4299523;1.150521,0.1465228;-0.4427682;1.05478,-0.1596534;-0.5451119;1.391778,2
4601,4740;16236;-8560,546;4441;6982,-0.1690163;0.1354583;1.291309,-0.1784325;-0.08132897;1.330126,-0.01277345;-0.1046832;1.360359,0.04371631;-0.3520515;1.317262,0.118167;-0.4301163;1.150683,0.1464263;-0.4431981;1.056668,-0.1596658;-0.5451307;1.391832,2
4633,4800;15500;-8320,-136;4470;7718,-0.1689003;0.1354333;1.291313,-0.1784008;-0.08132181;1.330092,-0.01271022;-0.104785;1.36046,0.04374889;-0.3521484;1.317272,0.1180304;-0.4301798;1.151053,0.1453266;-0.4427506;1.058027,-0.1595882;-0.5451626;1.391743,2
4668,5236;14176;-8044,53;4845;8079,-0.1687601;0.1355221;1.291739,-0.1783211;-0.08132952;1.330398,-0.01255085;-0.1050979;1.36139,0.04391834;-0.3523616;1.317396,0.1180077;-0.4301887;1.151211,0.1452924;-0.4409004;1.056284,-0.1597029;-0.5452307;1.392036,2
4698,6176;14212;-7744,-98;5036;8091,-0.1686911;0.135568;1.291888,-0.1782508;-0.08133614;1.33043,-0.01268633;-0.1049101;1.360926,0.04384369;-0.3522114;1.317351,0.129158;-0.4309607;1.113839,0.1443327;-0.4364248;1.05533,-0.1596747;-0.5452187;1.392127,2
4732,6900;13584;-7272,174;4759;8210,-0.1686439;0.1355712;1.291888,-0.1782208;-0.08132973;1.330444,-0.01258972;-0.1051842;1.361214,0.04401349;-0.3522969;1.316184,0.129353;-0.429938;1.113216,0.1434835;-0.4318471;1.053319,-0.1597115;-0.5452348;1.392128,2
4765,7980;13512;-7048,-68;4495;8113,-0.1685555;0.1355538;1.291788,-0.1782053;-0.08132473;1.330398,-0.01258705;-0.1052044;1.361214,0.04457983;-0.351981;1.314485,0.1296126;-0.4278232;1.110157,0.1428198;-0.4264458;1.048658,-0.159672;-0.5452604;1.392002,2
4798,8524;13496;-7308,292;5071;8369,-0.1685057;0.1355633;1.291849,-0.1781843;-0.08128465;1.33042,-0.01278313;-0.104881;1.360729,0.04490085;-0.3515182;1.313794,0.1298137;-0.4225682;1.106985,0.1423825;-0.4181498;1.046233,-0.1596581;-0.545216;1.392043,2
4834,8916;13396;-6676,142;5103;9123,-0.1684275;0.1356161;1.292042,-0.17815;-0.08126314;1.33055,-0.01291704;-0.1046642;1.360427,0.04576287;-0.3507127;1.310778,0.1285116;-0.4180706;1.107978,0.1424386;-0.4076288;1.042031,-0.1596825;-0.5451705;1.392128,2
4867,9972;11904;-6552,962;5266;9401,-0.1683872;0.1356523;1.292091,-0.1781444;-0.08122971;1.330586,-0.01289192;-0.1046467;1.360704,0.04701701;-0.3500601;1.308685,0.1275678;-0.4076272;1.107903,0.1414516;-0.3954963;1.040835,-0.1596714;-0.5451494;1.392107,2
4898,10792;11360;-5540,222;5372;9491,-0.1683279;0.1359439;1.293279,-0.1782005;-0.08110204;1.33117,-0.01317358;-0.1038364;1.362955,0.04722925;-0.3487214;1.308277,0.126972;-0.4001485;1.10727,0.1425776;-0.3826656;1.036775,-0.1597593;-0.5451233;1.392701,2
4932,11332;10804;-5172,341;5327;9395,-0.1682615;0.1360173;1.293687,-0.1782562;-0.08100971;1.331456,-0.01313617;-0.1037993;1.363476,0.04817628;-0.3480802;1.306512,0.1259712;-0.3939492;1.104828,0.1418477;-0.3712563;1.036292,-0.1597614;-0.5451398;1.392881,2
4966,11788;9928;-4792,617;5259;9600,-0.1682491;0.1360472;1.29378,-0.1782566;-0.08095891;1.331468,-0.01312012;-0.1037357;1.363549,0.04913977;-0.3466883;1.300643,0.1239603;-0.3666559;1.097766,0.1429436;-0.3511747;1.028542,-0.1597871;-0.5451456;1.392862,2
4998,12480;9136;-4476,134;5545;9600,-0.1681632;0.1360718;1.293974,-0.178233;-0.08084571;1.331709,-0.01310879;-0.1035295;1.363993,0.04935168;-0.3460008;1.29895,0.1241148;-0.36263;1.097381,0.1423243;-0.3378155;1.030471,-0.1597495;-0.5450952;1.392984,2
5032,13604;7824;-3612,-234;5485;9637,-0.1681886;0.1362294;1.294759,-0.178401;-0.08075532;1.332413,-0.0131057;-0.1029797;1.365355,0.04929709;-0.3452372;1.299212,0.12435;-0.3549279;1.096237,0.1412786;-0.3237229;1.031845,-0.1598663;-0.545112;1.393305,2
5071,13988;6436;-2908,795;5211;9137,-0.1681728;0.1362493;1.29481,-0.1784027;-0.08075259;1.332506,-0.01337637;-0.1026064;1.364138,0.04980883;-0.3445897;1.297608,0.1249546;-0.3301668;1.091796,0.1407867;-0.3064403;1.023913,-0.1600832;-0.5451475;1.393317,2
5101,14388;5284;-2000,1073;4841;8861,-0.1681684;0.1362942;1.294795,-0.1784165;-0.08067776;1.332479,-0.01337497;-0.1025125;1.364183,0.05191122;-0.3424805;1.291247,0.1248476;-0.3222277;1.088382,0.1391496;-0.2911552;1.024011,-0.1601174;-0.545121;1.393276,2
5133,14420;4024;-1288,392;4621;7532,-0.168198;0.1363762;1.294935,-0.1784142;-0.0806426;1.332525,-0.01337626;-0.1023101;1.364406,0.05284284;-0.341675;1.290048,0.1250678;-0.3123003;1.08722,0.139357;-0.2762608;1.020537,-0.1601693;-0.5451177;1.393324,2
5167,14448;2784;-844,573;3766;6301,-0.1682197;0.1364685;1.295027,-0.1784061;-0.08064768;1.332551,-0.01337015;-0.1021439;1.364594,0.06016291;-0.3359856;1.278138,0.1239096;-0.300822;1.084138,0.1374247;-0.2652877;1.0219,-0.1601867;-0.5451207;1.393314,2
5198,14468;2444;64,223;2990;4967,-0.1682523;0.1365227;1.295184,-0.1783714;-0.08065296;1.332748,-0.01333394;-0.1020313;1.364748,0.06450738;-0.3324195;1.271982,0.1239692;-0.2892607;1.082254,0.1376237;-0.249724;1.015168,-0.1601918;-0.5451056;1.393409,2
5231,14960;2044;-144,710;2374;3993,-0.16827;0.1365805;1.295282,-0.1784017;-0.08060752;1.332838,-0.01338472;-0.1018451;1.364835,0.06444161;-0.3318977;1.271078,0.1232916;-0.2802497;1.080851,0.1362627;-0.2392779;1.016174,-0.1601803;-0.5450614;1.393461,2
5266,15316;2084;-168,540;2121;2901,-0.1682916;0.1366066;1.295282,-0.1783941;-0.08059611;1.332836,-0.01364821;-0.1015033;1.363335,0.06779101;-0.3293048;1.266735,0.1221423;-0.2738353;1.07922,0.1349961;-0.2278046;1.011868,-0.1601711;-0.5450187;1.393417,2
5298,15276;1696;348,68;1632;2291,-0.1683962;0.1366551;1.295606,-0.1784779;-0.08053537;1.33314,-0.01364462;-0.1011469;1.364055,0.06754604;-0.3287242;1.266601,0.1215784;-0.2649911;1.077765,0.1345405;-0.2198541;1.014186,-0.1601945;-0.5449717;1.393601,2
5334,15676;1088;1184,614;779;1611,-0.1684764;0.1367156;1.295687,-0.1784781;-0.08051164;1.333134,-0.0136422;-0.1011121;1.364088,0.06737996;-0.3281113;1.264924,0.1207374;-0.2593939;1.07671,0.1330455;-0.212018;1.015938,-0.1601868;-0.5449444;1.393602,2
5366,15232;652;788,389;-72;580,-0.1685502;0.1367855;1.295763,-0.1784893;-0.08043727;1.333203,-0.01383464;-0.1009387;1.363139,0.06733274;-0.3280178;1.264306,0.1198737;-0.2540468;1.076944,0.1314239;-0.2089897;1.014833,-0.1601839;-0.5448544;1.393641,2
5398,15172;496;948,278;157;-610,-0.1687652;0.1368662;1.295947,-0.1785005;-0.08042913;1.333259,-0.01389159;-0.100827;1.363343,0.06733657;-0.3276526;1.263895,0.1193664;-0.2510861;1.077401,0.131511;-0.2047745;1.015762,-0.1601712;-0.5448079;1.393746,2
5432,15124;344;1040,346;-843;-1520,-0.1689742;0.1369465;1.296032,-0.1786075;-0.08039045;1.333393,-0.01411414;-0.1006241;1.362673,0.06762956;-0.3260442;1.260062,0.1189103;-0.2490876;1.077211,0.1305874;-0.2049979;1.015297,-0.1601763;-0.5447842;1.393764,2
5467,14816;-824;1284,571;-1973;-3244,-0.1691363;0.1369666;1.295843,-0.1787574;-0.08031434;1.333124,-0.01432731;-0.1004005;1.361699,0.0676162;-0.3244937;1.255971,0.1188047;-0.248566;1.077027,0.1304783;-0.2040761;1.013879,-0.1600892;-0.5446558;1.393589,2
5501,14196;-604;1264,944;-2970;-5577,-0.1693872;0.1370388;1.295835,-0.1788148;-0.08029826;1.333141,-0.0143865;-0.1003008;1.361956,0.06753728;-0.3243641;1.256138,0.1185863;-0.2484046;1.077305,0.1308679;-0.2055392;1.014997,-0.160091;-0.5446357;1.393578,2
5533,14284;424;792,654;-4274;-7547,-0.1696112;0.1370808;1.295797,-0.1788618;-0.08028959;1.333155,-0.0145443;-0.1001887;1.3613,0.06754651;-0.3245043;1.256231,0.118525;-0.2484377;1.077218,0.1309545;-0.2088281;1.015893,-0.1600722;-0.5445979;1.393542,2
5565,13876;1816;-348,1623;-5122;-9162,-0.1698118;0.1371137;1.295855,-0.1789788;-0.08028783;1.33323,-0.01465139;-0.1000895;1.361025,0.0674796;-0.324593;1.256446,0.118457;-0.2489889;1.077299,0.1316082;-0.2147675;1.016177,-0.1600754;-0.5445986;1.393546,2
5599,13820;3100;-1516,1747;-5753;-9939,-0.1700029;0.1371702;1.295941,-0.1790875;-0.08027577;1.333298,-0.01477989;-0.09996121;1.360772,0.06698795;-0.3249598;1.257085,0.1183384;-0.2499375;1.077558,0.1323382;-0.2189649;1.014037,-0.160092;-0.5445712;1.393553,2
5633,14128;4360;-2356,1888;-5721;-11226,-0.170217;0.1372323;1.295928,-0.1791566;-0.08027884;1.333282,-0.01491328;-0.09989607;1.361175,0.06607942;-0.3262134;1.260126,0.1180374;-0.2536614;1.078246,0.1327036;-0.2267442;1.014791,-0.1601122;-0.5445483;1.393554,2
5667,13844;6676;-2812,972;-5663;-11712,-0.1704706;0.1373065;1.29602,-0.1792269;-0.08027611;1.333299,-0.01501912;-0.09984379;1.360982,0.06529348;-0.3275037;1.262831,0.1181826;-0.2604694;1.079847,0.1332329;-0.2370384;1.017197,-0.1601573;-0.5445426;1.393568,2
5699,13588;7964;-3200,2265;-5847;-11425,-0.1705776;0.1373053;1.296029,-0.1793115;-0.08027638;1.33331,-0.01511071;-0.09980468;1.360698,0.06554496;-0.328613;1.266038,0.1175535;-0.2700257;1.08102,0.1337374;-0.2470764;1.018415,-0.1602393;-0.5445411;1.393519,2
5732,13536;8276;-4216,1974;-5763;-11637,-0.1708038;0.137307;1.296144,-0.1795034;-0.08022837;1.33339,-0.01518523;-0.0997715;1.360564,0.06589139;-0.3289709;1.267439,0.1186971;-0.2773369;1.081443,0.1352753;-0.2581449;1.018299,-0.1602935;-0.5445326;1.393523,2
5766,12472;10060;-4836,2980;-5437;-12052,-0.1709575;0.1373373;1.296148,-0.1795744;-0.0802044;1.333368,-0.01537431;-0.09982106;1.361204,0.06575842;-0.3292343;1.268764,0.1192688;-0.2884765;1.082292,0.136625;-0.2710204;1.017511,-0.1604505;-0.544581;1.393508,2
5799,11724;11444;-4928,2346;-5053;-11696,-0.1710328;0.1373168;1.295916,-0.1796797;-0.08022094;1.333088,-0.01538006;-0.09983113;1.361226,0.05498457;-0.3378343;1.285962,0.1200319;-0.2986917;1.082657,0.13766;-0.2833515;1.016491,-0.1605532;-0.544494;1.393112,2
5831,11684;12668;-5220,2248;-4773;-11290,-0.171129;0.1373016;1.295801,-0.1799833;-0.08022712;1.333015,-0.01540883;-0.09988949;1.361407,0.05481008;-0.3379672;1.286272,0.1218472;-0.3069756;1.083764,0.1392605;-0.2981682;1.01791,-0.1606165;-0.5444887;1.393042,2
5867,10548;12368;-4760,1398;-5316;-10732,-0.1714565;0.137317;1.296339,-0.1803726;-0.08029734;1.333728,-0.01559681;-0.100104;1.364082,0.05444128;-0.3381672;1.28873,0.1230014;-0.3209974;1.091562,0.1416783;-0.3135609;1.023896,-0.1607508;-0.5444734;1.393711,2
5899,9888;13728;-5828,3424;-6004;-10361,-0.1715491;0.1373321;1.296376,-0.1804128;-0.08030091;1.33376,-0.01569949;-0.1001627;1.363286,0.05364715;-0.338846;1.28959,0.1224941;-0.3330371;1.093701,0.1413206;-0.3268542;1.024256,-0.1607352;-0.5444469;1.393747,2
5935,9016;13472;-6692,2271;-6006;-9929,-0.1715872;0.137313;1.296315,-0.18048;-0.08024333;1.33372,-0.01576869;-0.1001078;1.36278,0.05319336;-0.3392613;1.290546,0.1223674;-0.3393354;1.095243,0.1416395;-0.3394783;1.025865,-0.1607211;-0.5444291;1.393743,2
5966,8736;14716;-6844,386;-5010;-10244,-0.171605;0.1372898;1.296285,-0.1805058;-0.08029053;1.333682,-0.01580558;-0.1001159;1.362283,0.05326535;-0.3393549;1.290529,0.1226903;-0.3447057;1.096065,0.1421311;-0.3536433;1.027144,-0.160774;-0.54443;1.393677,2
6000,6876;15584;-6868,743;-4230;-9625,-0.1715854;0.1372406;1.296194,-0.1805306;-0.08028122;1.333684,-0.01578315;-0.1001572;1.361961,0.05337768;-0.3395598;1.291004,0.1268231;-0.3584982;1.089727,0.1427324;-0.3648779;1.030267,-0.1607741;-0.5444005;1.39369,2
6031,6372;15780;-7376,2716;-5175;-8414,-0.1714771;0.1371399;1.295936,-0.1805847;-0.08031948;1.333488,-0.01575779;-0.1002399;1.361323,0.05292809;-0.3402028;1.292202,0.1245837;-0.376286;1.097218,0.1427621;-0.3733747;1.028976,-0.1608382;-0.544363;1.393323,2
6067,6132;15700;-7752,1795;-4675;-7101,-0.1713271;0.1371009;1.296244,-0.1805554;-0.08031769;1.333709,-0.01574521;-0.1002747;1.361289,0.05157814;-0.3422095;1.299779,0.1251977;-0.3823505;1.10547,0.1451695;-0.3842683;1.036529,-0.1608372;-0.5443726;1.393731,2
6100,5716;14340;-7608,1742;-4321;-7182,-0.1709688;0.1369013;1.295899,-0.1803528;-0.0804196;1.333566,-0.01567351;-0.1003723;1.360875,0.05122708;-0.3426327;1.30047,0.1254028;-0.3867508;1.107902,0.1452251;-0.3893929;1.035233,-0.1608047;-0.544338;1.393607,2
6132,4232;14636;-8076,834;-3652;-7730,-0.1703018;0.1365572;1.295195,-0.1800414;-0.08048176;1.332896,-0.01545852;-0.1004934;1.361156,0.05110131;-0.3429439;1.30129,0.1258145;-0.3908748;1.108843,0.1453371;-0.3954241;1.038467,-0.1606802;-0.5442973;1.393213,2
6167,3788;15184;-7372,263;-3336;-7698,-0.1697647;0.136424;1.295057,-0.1797169;-0.080597;1.332826,-0.01483854;-0.1011702;1.362345,0.05090898;-0.3441553;1.304302,0.1264684;-0.3959328;1.112071,0.1465943;-0.4005736;1.042975,-0.1606412;-0.5443233;1.39323,2
6199,2884;14616;-7496,1334;-4071;-7542,-0.1688505;0.1361512;1.295032,-0.179456;-0.08064671;1.332831,-0.01470528;-0.1013131;1.362044,0.05041515;-0.3449629;1.306942,0.1263507;-0.4013236;1.115821,0.1480867;-0.4021039;1.043054,-0.1606326;-0.544327;1.393238,2
6231,2616;16076;-7920,2561;-4235;-6345,-0.167412;0.135885;1.294764,-0.1790953;-0.08073109;1.332675,-0.01381848;-0.1022547;1.362923,0.05063923;-0.346167;1.308467,0.1266614;-0.4026313;1.116004,0.147809;-0.4048822;1.045175,-0.1606337;-0.5443311;1.393232,2
6267,2152;15892;-8776,1484;-3463;-5894,-0.165855;0.135481;1.294267,-0.178632;-0.08074837;1.332323,-0.01371113;-0.1024388;1.362363,0.0504148;-0.3467153;1.309687,0.1268726;-0.4052851;1.117957,0.1481906;-0.4067608;1.046634,-0.1605893;-0.5443678;1.39322,2
6298,1736;16008;-8468,1177;-2906;-4948,-0.1641939;0.1351359;1.293569,-0.1776719;-0.0809058;1.331999,-0.01236869;-0.1037104;1.363096,0.05068351;-0.3482703;1.310599,0.1270525;-0.4053629;1.118417,0.1484912;-0.4091675;1.046569,-0.1605018;-0.5443966;1.393104,2
6334,1272;16508;-8248,889;-2131;-4245,-0.1620311;0.1347276;1.293553,-0.1769042;-0.08085024;1.331896,-0.0122488;-0.1038256;1.362693,0.05046421;-0.3487542;1.312118,0.1273541;-0.4087178;1.120365,0.1491623;-0.4120183;1.049304,-0.1604681;-0.5444043;1.39311,2
6367,884;15704;-8332,1138;-2113;-3435,-0.1599898;0.1345555;1.293352,-0.1761084;-0.08076892;1.331437,-0.01213705;-0.1038389;1.36229,0.05002941;-0.3491496;1.313463,0.1285326;-0.4093336;1.118253,0.1483631;-0.4115414;1.050704,-0.1604354;-0.5444072;1.393087,2
6399,588;15552;-8104,1122;-1991;-2838,-0.1574846;0.1341268;1.292742,-0.1749893;-0.08082321;1.331133,-0.01194003;-0.1039305;1.361844,0.04989329;-0.3493947;1.313539,0.128654;-0.4100944;1.118312,0.1480857;-0.4119541;1.048083,-0.1603588;-0.5444251;1.393077,2
6432,280;15020;-8844,3149;-1959;-2027,-0.1542695;0.1337717;1.291445,-0.1733603;-0.08079054;1.329805,-0.01156515;-0.104143;1.361232,0.04996815;-0.3497418;1.313391,0.1284607;-0.4107796;1.118439,0.1470841;-0.4130979;1.049799,-0.1601574;-0.5444166;1.392613,2
6464,-96;15460;-8720,2913;-1226;-2003,-0.1519975;0.1332962;1.290641,-0.1721172;-0.08087202;1.32927,-0.0111721;-0.1043175;1.360802,0.05005353;-0.3500199;1.313184,0.1284046;-0.4114061;1.11811,0.1475954;-0.4115991;1.046641,-0.1600182;-0.5444356;1.392443,2
6499,-624;14400;-8648,2061;-216;-1282,-0.1496463;0.1330631;1.290955,-0.1711323;-0.08080896;1.329322,-0.007066531;-0.1064202;1.36382,0.05139042;-0.3523733;1.313452,0.1285377;-0.4117011;1.118165,0.1495228;-0.4117996;1.047744,-0.1599229;-0.5445678;1.392585,2
6532,-264;14300;-8208,2718;-321;-1360,-0.1474761;0.1328757;1.290998,-0.170224;-0.08078992;1.329496,-0.00700745;-0.1063976;1.363399,0.05163142;-0.3523703;1.313465,0.128789;-0.4120244;1.118044,0.1499791;-0.4117953;1.044864,-0.159772;-0.5446075;1.392804,2
6569,424;13792;-7796,497;731;-1565,-0.1453805;0.1325433;1.291231,-0.1686623;-0.08063183;1.329724,-0.006928948;-0.1063999;1.363122,0.05187314;-0.3523495;1.313296,0.1318353;-0.411282;1.111665,0.1508037;-0.4106875;1.047374,-0.1593169;-0.5447173;1.393269,2
6599,20;14348;-7428,-67;776;-2052,-0.1432518;0.132422;1.291322,-0.1673407;-0.08042199;1.329888,-0.00316964;-0.1083506;1.36488,0.05293045;-0.3546348;1.313274,0.1319739;-0.411451;1.112297,0.1511947;-0.4107063;1.045535,-0.1586013;-0.5446938;1.393656,2
