Time_Stamp,HandLeft,WristLeft,ElbowLeft,ShoulderLeft,SpineShoulder,SpineBase,TrimmingId
0,0.05539512;-0.3933169;1.279337,0.00680337;-0.3664176;1.348327,-0.02160281;-0.2375816;1.516346,0.0547727;-0.02135562;1.565956,0.2173988;0.01677124;1.543403,0.2048307;-0.4406859;1.473205,0
30,0.05570467;-0.3947036;1.280559,0.006604892;-0.3666614;1.348316,-0.02143473;-0.2369516;1.51624,0.05496753;-0.02109034;1.565966,0.2175217;0.01677423;1.543381,0.2047753;-0.4406176;1.473261,0
64,0.05668595;-0.391429;1.282314,0.008190725;-0.3626654;1.351862,-0.02131079;-0.2368615;1.515768,0.0551194;-0.02087268;1.565904,0.2176389;0.01676299;1.543359,0.2047923;-0.440612;1.473289,0
96,0.06193575;-0.3779088;1.302193,0.008791698;-0.3608375;1.352307,-0.02087687;-0.2357113;1.513455,0.05531208;-0.02040617;1.565824,0.2176952;0.01679033;1.543248,0.2046569;-0.4403708;1.473022,0
128,0.05464548;-0.3871222;1.278963,0.007264869;-0.3623063;1.348966,-0.02074148;-0.2343523;1.509997,0.05549969;-0.01994498;1.565653,0.2178141;0.01682865;1.543154,0.2052335;-0.4400865;1.472669,0
165,0.06075425;-0.3743677;1.29577,0.009598157;-0.3573117;1.349709,-0.02052819;-0.2325419;1.506183,0.05555373;-0.01938151;1.565647,0.2178649;0.01684334;1.543127,0.2054014;-0.4399306;1.472683,0
197,0.1028688;-0.3898062;1.24197,0.02962953;-0.3304802;1.342153,-0.01946732;-0.229273;1.500759,0.05572786;-0.01898517;1.565597,0.2179598;0.01684088;1.543113,0.2062755;-0.4401008;1.472287,0
230,0.1105628;-0.3809175;1.22318,0.0371608;-0.3279777;1.322509,-0.01622512;-0.2340215;1.481655,0.05595699;-0.01852206;1.564982,0.2180276;0.01685166;1.542766,0.2083122;-0.4403109;1.470047,0
264,0.07804171;-0.3579722;1.272657,0.04988343;-0.3262724;1.298212,-0.009262118;-0.2455782;1.462776,0.05607273;-0.01807454;1.564318,0.2180691;0.01685767;1.542567,0.2098528;-0.4400567;1.468191,0
297,0.1036763;-0.3624732;1.2408,0.05273566;-0.3164243;1.30065,-0.00583783;-0.2296453;1.462187,0.05616494;-0.01752975;1.563744,0.2180845;0.01688355;1.542422,0.2104281;-0.4397376;1.468056,0
329,0.1217584;-0.3454979;1.214719,0.06201254;-0.3114419;1.286087,-0.0006063286;-0.2387521;1.45324,0.056393;-0.01703817;1.562905,0.2180961;0.01690955;1.542399,0.2109805;-0.4392436;1.468282,0
364,0.1378785;-0.3232601;1.201729,0.07225606;-0.2959457;1.282109,0.001001142;-0.2378227;1.451659,0.05654751;-0.01670692;1.561976,0.2180874;0.01691706;1.542394,0.211098;-0.4391932;1.46904,0
399,0.1510328;-0.3074807;1.201363,0.08948585;-0.280585;1.282891,0.004752714;-0.2371098;1.450639,0.05654531;-0.01667835;1.56122,0.2180887;0.01690516;1.542427,0.2127118;-0.440151;1.471767,0
434,0.1820171;-0.3063975;1.176604,0.1133558;-0.2870994;1.25029,0.04203567;-0.2013468;1.407056,0.05658901;-0.0174323;1.558375,0.2180027;0.01684791;1.542196,0.2133612;-0.4407029;1.471706,0
462,0.2132812;-0.3029976;1.17066,0.1344639;-0.2664174;1.260633,0.04490841;-0.190514;1.412927,0.05506732;-0.02365173;1.544894,0.2179562;0.01678447;1.541979,0.2143213;-0.4411316;1.471932,0
498,0.2146617;-0.2897341;1.208517,0.1456828;-0.2623577;1.264529,0.05151851;-0.1823874;1.411622,0.05477383;-0.02412659;1.543085,0.2179358;0.01678389;1.54196,0.2154823;-0.4412785;1.473664,0
529,0.3131363;-0.322997;1.151389,0.2369614;-0.2850402;1.215684,0.07855666;-0.1858728;1.392031,0.05451507;-0.02454824;1.541238,0.2179105;0.01680489;1.541928,0.2166598;-0.4412977;1.475242,0
561,0.3354939;-0.326603;1.160177,0.2432473;-0.2861808;1.217911,0.08370035;-0.1831672;1.39083,0.05435752;-0.02472009;1.539748,0.2178641;0.01683476;1.541824,0.2175869;-0.4408498;1.47669,0
597,0.3214564;-0.3275268;1.196331,0.2518865;-0.2871755;1.226091,0.08838135;-0.179562;1.39205,0.05431031;-0.02473024;1.538444,0.2178116;0.01685203;1.541716,0.2183757;-0.4403477;1.478364,0
631,0.3179198;-0.329211;1.211475,0.2519723;-0.2816381;1.235117,0.08898164;-0.1700108;1.398817,0.05449057;-0.02448403;1.536349,0.2176243;0.01683776;1.541196,0.2186897;-0.4401207;1.478864,0
663,0.3254729;-0.3372308;1.22212,0.2618982;-0.2803595;1.24183,0.09315362;-0.1690724;1.399518,0.05456734;-0.02436035;1.535583,0.2175266;0.01679769;1.540981,0.2192103;-0.4398586;1.480163,0
697,0.3259648;-0.3443599;1.229056,0.2661988;-0.2812368;1.241546,0.09812782;-0.167568;1.39817,0.05470493;-0.02436818;1.534199,0.2173781;0.01671162;1.540385,0.2195413;-0.4399724;1.48055,0
729,0.3036582;-0.3395717;1.253907,0.2625833;-0.2728203;1.254623,0.09863104;-0.1628544;1.402388,0.0549114;-0.02427262;1.533569,0.2173493;0.01668178;1.540294,0.2198747;-0.4400225;1.481914,0
761,0.3045551;-0.3412321;1.253098,0.2650013;-0.2740385;1.253077,0.10277;-0.1627346;1.400645,0.05518299;-0.02413068;1.532476,0.217304;0.01659854;1.539968,0.2200784;-0.4400381;1.482334,0
796,0.3071485;-0.3415529;1.251957,0.2662849;-0.2750088;1.251962,0.1046749;-0.1633508;1.399276,0.05534502;-0.02399558;1.531567,0.2173013;0.01657177;1.539852,0.2201627;-0.4400564;1.482624,0
831,0.3097598;-0.3422267;1.248606,0.2693137;-0.2776577;1.250021,0.1033353;-0.1608043;1.39954,0.0555158;-0.02380016;1.530967,0.2173055;0.01655728;1.539686,0.2202436;-0.4400838;1.482725,0
864,0.3122179;-0.3427325;1.244518,0.2691986;-0.2779059;1.24969,0.1052373;-0.1619991;1.397054,0.05564992;-0.02353351;1.530545,0.2173591;0.01659958;1.53947,0.2203041;-0.4400581;1.482773,0
898,0.308587;-0.3437184;1.247585,0.2691795;-0.2780164;1.249721,0.1074702;-0.1636171;1.395395,0.05576725;-0.02335734;1.530378,0.2174134;0.01663566;1.539447,0.2203984;-0.4399847;1.483009,0
928,0.3088836;-0.3442378;1.247943,0.2692213;-0.2783176;1.249525,0.1074181;-0.1639582;1.395561,0.05585277;-0.02302939;1.530365,0.2172206;0.01566987;1.539209,0.220472;-0.4399462;1.483043,0
960,0.3086037;-0.3427998;1.246755,0.2692308;-0.2787121;1.249083,0.1073963;-0.1641472;1.395549,0.05593839;-0.02268559;1.530393,0.2169483;0.01504344;1.538929,0.2204731;-0.439891;1.483061,0
997,0.3136808;-0.3431694;1.242119,0.2691061;-0.2789909;1.248177,0.1095188;-0.1654005;1.392874,0.0559716;-0.02262846;1.53019,0.2170139;0.01518024;1.538884,0.2204589;-0.4398699;1.483072,0
1030,0.3176595;-0.343101;1.237135,0.2690829;-0.2790684;1.247017,0.1096913;-0.1656088;1.392255,0.0559779;-0.02258223;1.530105,0.2170866;0.0153078;1.53881,0.2204662;-0.4398416;1.483061,0
1064,0.3360164;-0.3499006;1.222966,0.2774402;-0.2870617;1.238288,0.124637;-0.1832328;1.37678,0.05596404;-0.0225361;1.530143,0.2171586;0.01555603;1.538936,0.2204786;-0.4395721;1.483254,0
1095,0.34428;-0.3465016;1.214053,0.2801839;-0.2886771;1.235531,0.1259909;-0.1847024;1.375096,0.05595595;-0.0224337;1.530146,0.2171973;0.01573431;1.539006,0.2204935;-0.4394212;1.483403,0
1131,0.3495217;-0.3387202;1.206904,0.2815418;-0.2887531;1.234218,0.1266381;-0.1855315;1.374238,0.05592693;-0.02226855;1.53024,0.2171744;0.01589854;1.539082,0.2204432;-0.4390042;1.483796,0
1161,0.3584113;-0.3246932;1.19891,0.2855019;-0.289136;1.230891,0.1356775;-0.2038909;1.36404,0.05590669;-0.02221695;1.53018,0.2171223;0.01602841;1.53909,0.2204209;-0.4386933;1.483947,0
1198,0.3893682;-0.3178018;1.171585,0.2812575;-0.2776944;1.242299,0.1100579;-0.1641817;1.395357,0.05588288;-0.02215686;1.530144,0.2170344;0.016153;1.539172,0.2204668;-0.4384571;1.484057,0
1230,0.388516;-0.3026079;1.156263,0.2828823;-0.2735536;1.240974,0.1101094;-0.1641817;1.395357,0.05582679;-0.02205449;1.530124,0.2169595;0.0162565;1.5392,0.2204695;-0.438199;1.484218,0
1264,0.3856207;-0.2940036;1.145081,0.2850381;-0.2709433;1.241226,0.1106694;-0.1642373;1.395688,0.05577949;-0.02197215;1.530173,0.2168847;0.01646448;1.539307,0.220923;-0.437574;1.484197,0
1299,0.352986;-0.2877282;1.168481,0.2852649;-0.2690987;1.239908,0.1114169;-0.1634921;1.395782,0.05572816;-0.02189293;1.530034,0.2168141;0.01660851;1.539297,0.2208966;-0.4375159;1.48422,0
1329,0.3518892;-0.2894965;1.164183,0.2850431;-0.2686403;1.24056,0.1125361;-0.1624763;1.39759,0.05570171;-0.02183741;1.530041,0.2156266;0.01604314;1.539829,0.2208993;-0.4373302;1.484491,0
1361,0.3460657;-0.2964716;1.161212,0.2845665;-0.2682537;1.240211,0.1129586;-0.1619889;1.3982,0.05561387;-0.02158085;1.530018,0.215606;0.01621382;1.539836,0.2207677;-0.4372297;1.484744,0
1398,0.3511482;-0.3113618;1.152677,0.2955501;-0.2811671;1.232175,0.1460963;-0.2065327;1.37855,0.0555851;-0.02161769;1.529945,0.2148767;0.01606684;1.540465,0.2208816;-0.437113;1.485146,0
1428,0.3438726;-0.324406;1.160486,0.2930205;-0.2835569;1.233934,0.1421613;-0.207017;1.382439,0.05550998;-0.0214661;1.529802,0.2143919;0.01590492;1.540452,0.2211847;-0.437024;1.485045,0
1466,0.3237211;-0.3331743;1.19502,0.2773203;-0.2802794;1.247299,0.1119734;-0.1656508;1.406097,0.05543022;-0.02115176;1.529675,0.2137478;0.01558464;1.540094,0.2214214;-0.436846;1.484814,0
1499,0.3137441;-0.3432159;1.213464,0.2765128;-0.282589;1.247758,0.1121236;-0.1658237;1.405954,0.05536609;-0.02097561;1.529402,0.2138249;0.01585524;1.539934,0.221336;-0.4368663;1.484893,0
1528,0.324777;-0.3885004;1.185379,0.2956415;-0.3352697;1.232114,0.1345881;-0.211995;1.38833,0.05531081;-0.0208841;1.528883,0.2139682;0.01611513;1.539745,0.221326;-0.4369012;1.484826,0
1563,0.3228277;-0.3892123;1.187405,0.295624;-0.3353568;1.232072,0.1345716;-0.2120835;1.388286,0.05491224;-0.02062945;1.523022,0.214082;0.01631779;1.53965,0.2212907;-0.4369875;1.484854,0
1596,0.3239836;-0.3860593;1.18126,0.2956926;-0.3355622;1.231721,0.1346415;-0.2122912;1.387936,0.05471806;-0.02056107;1.520268,0.214198;0.01645816;1.539492,0.2213289;-0.4370395;1.484826,0
1629,0.3256643;-0.385139;1.18137,0.2958139;-0.3357266;1.231423,0.1347647;-0.2124577;1.387637,0.05462123;-0.02043394;1.518982,0.2143011;0.01657641;1.539438,0.2212803;-0.4370734;1.484921,0
1664,0.3123192;-0.3623569;1.212237,0.2736698;-0.3033346;1.248752,0.1146272;-0.1722019;1.400618,0.05460294;-0.02031756;1.517942,0.2144037;0.0167306;1.539308,0.2212431;-0.4371248;1.48493,0
1697,0.3123839;-0.3610256;1.214775,0.2734724;-0.3017704;1.248987,0.1139155;-0.1718953;1.401433,0.05455905;-0.02015651;1.517282,0.2145452;0.01687819;1.539221,0.2212276;-0.4371438;1.484953,0
1730,0.3120739;-0.3602929;1.216062,0.2731267;-0.3005329;1.24901,0.1133082;-0.1714853;1.401917,0.05454503;-0.02010188;1.516676,0.2146538;0.01699097;1.539109,0.2212127;-0.4372401;1.48493,0
1761,0.3242985;-0.3748129;1.186159,0.2933671;-0.3163831;1.231091,0.1345691;-0.2082683;1.384398,0.05458078;-0.02007137;1.516368,0.2147417;0.01711865;1.539044,0.2211441;-0.437356;1.484968,0
1796,0.3134169;-0.3577659;1.212027,0.272775;-0.2997937;1.249726,0.1125912;-0.173838;1.404921,0.05458845;-0.02007018;1.51634,0.2148872;0.01725371;1.53906,0.2211863;-0.4373889;1.485015,0
1829,0.314625;-0.3556759;1.209293,0.2729337;-0.2992284;1.249084,0.1128656;-0.173359;1.404481,0.05459122;-0.0202153;1.515985,0.2149522;0.01732617;1.539016,0.2211354;-0.4374174;1.485082,0
1861,0.3201605;-0.3458883;1.197555,0.2729964;-0.2978734;1.247958,0.1129309;-0.1732357;1.404407,0.05458565;-0.02026165;1.51583,0.2150368;0.0174046;1.538986,0.2211407;-0.4374238;1.485092,0
1899,0.3259922;-0.3343893;1.195251,0.2728288;-0.2974375;1.247132,0.1128748;-0.173358;1.40417,0.05457188;-0.02034213;1.515722,0.2151193;0.01749151;1.538908,0.2211502;-0.4374224;1.485095,0
1930,0.351113;-0.3033101;1.174742,0.2845279;-0.3040108;1.237592,0.1320901;-0.2103181;1.384482,0.05456632;-0.02041101;1.515784,0.2152889;0.01756488;1.539074,0.2212767;-0.4374506;1.485337,0
1963,0.3504225;-0.2687784;1.197033,0.2810691;-0.2535327;1.256252,0.110742;-0.1744376;1.400098,0.05455919;-0.02040396;1.515823,0.2153953;0.01761602;1.539121,0.2212996;-0.4374551;1.485333,0
1995,0.3435232;-0.2313136;1.226046,0.2777388;-0.2394775;1.265384,0.1104157;-0.1750255;1.400224,0.05433057;-0.02034105;1.515104,0.2149925;0.01701958;1.53907,0.2214087;-0.4374466;1.485287,0
2030,0.3225377;-0.1954539;1.262952,0.2568343;-0.2168254;1.283738,0.11106;-0.1748629;1.39936,0.05429971;-0.02022431;1.515444,0.2152253;0.01720134;1.539186,0.2221404;-0.4372298;1.48494,0
2062,0.3617113;-0.1376853;1.25063,0.2782604;-0.1575466;1.286326,0.1206779;-0.1979849;1.385242,0.05427932;-0.02018287;1.51555,0.2153102;0.01730213;1.539221,0.2220487;-0.4371661;1.485076,0
2095,0.3887182;-0.07867556;1.258991,0.3008158;-0.09673731;1.283878,0.1171501;-0.1751073;1.382832,0.05427241;-0.02011015;1.515537,0.2153353;0.01736675;1.539137,0.2219246;-0.4370748;1.485049,0
2131,0.3834943;-0.04379033;1.295381,0.3079056;-0.0818024;1.287828,0.1189175;-0.1572791;1.382747,0.05432769;-0.01960133;1.515758,0.21532;0.01743522;1.539152,0.2169078;-0.4366494;1.483894,0
2162,0.3651904;-0.02418388;1.328034,0.3107524;-0.06622759;1.29168,0.1235871;-0.1532785;1.381166,0.05437603;-0.01922747;1.516032,0.2153215;0.01749075;1.539196,0.2150302;-0.4366913;1.483284,0
2194,0.3610633;0.008602635;1.358957,0.3188188;-0.04278614;1.34344,0.1707805;-0.1547894;1.352252,0.05458672;-0.01863765;1.516273,0.2147227;0.01677651;1.539174,0.2139664;-0.4370129;1.482842,0
2229,0.3241115;0.04855448;1.40475,0.2277612;0.01155518;1.408168,0.1393453;-0.1445396;1.36901,0.05479325;-0.01815742;1.516215,0.2147865;0.01687633;1.539162,0.2131343;-0.4372856;1.482426,0
2261,0.3192445;0.0443612;1.414342,0.2304426;0.01156529;1.407198,0.1369557;-0.1425814;1.371456,0.05499221;-0.0174789;1.516576,0.2148344;0.01723235;1.539152,0.2124248;-0.4372223;1.482633,0
2296,0.3076051;0.04084573;1.428721,0.2278999;0.01557227;1.413013,0.1373879;-0.1388404;1.372677,0.05517921;-0.01654791;1.516723,0.2148131;0.01751829;1.538959,0.2102247;-0.4367635;1.482047,0
2330,0.2903786;0.02076563;1.442147,0.2218731;0.01727152;1.423063,0.1365326;-0.1373277;1.375112,0.05529584;-0.01625471;1.517104,0.2148157;0.01773723;1.538957,0.2095388;-0.436886;1.482188,0
2362,0.2901464;0.0218264;1.451622,0.2220878;0.01880166;1.425186,0.1369375;-0.1357913;1.377,0.05546133;-0.0156334;1.517532,0.214844;0.01788064;1.538998,0.2085695;-0.4369904;1.482254,0
2395,0.2894391;0.02396596;1.450725,0.2212615;0.01943676;1.42721,0.1367776;-0.1350543;1.377852,0.05557113;-0.0152419;1.517677,0.214782;0.01809135;1.538831,0.2079161;-0.4369152;1.481887,0
2429,0.2908605;0.02328594;1.453511,0.221132;0.01924289;1.429504,0.1370744;-0.1349386;1.378816,0.05566499;-0.01508596;1.518177,0.2147791;0.01824956;1.538886,0.2071047;-0.4370816;1.482076,0
2461,0.2861824;0.02460416;1.459018,0.2183047;0.01833153;1.43463,0.1359951;-0.1354138;1.380628,0.05583959;-0.01466557;1.519186,0.214794;0.01843263;1.538994,0.2066793;-0.4372077;1.482122,0
2495,0.2867851;0.03242556;1.460327,0.2182925;0.01844242;1.434563,0.1360267;-0.1353391;1.380591,0.05591795;-0.01460067;1.519495,0.2148136;0.01858428;1.538969,0.2064572;-0.4372009;1.481984,0
2530,0.2859438;0.03019423;1.462169,0.2168723;0.01896277;1.435801,0.135036;-0.1348716;1.381418,0.05614935;-0.01431616;1.520796,0.2149212;0.0188537;1.539268,0.2060106;-0.437214;1.482441,0
2564,0.2515577;0.04509021;1.47325,0.1921585;0.0268349;1.44403,0.1324821;-0.1330397;1.380508,0.05625422;-0.01405631;1.521482,0.2149342;0.01901367;1.539253,0.2056876;-0.4372918;1.482261,0
2596,0.2210138;0.06469384;1.480183,0.1717181;0.03020144;1.452634,0.127232;-0.1302612;1.380268,0.05647461;-0.01254497;1.523784,0.2146145;0.01898782;1.539581,0.2056214;-0.4372736;1.482276,0
2629,0.2036513;0.07972402;1.480682,0.1525297;0.03207242;1.458268,0.1199436;-0.1274611;1.378939,0.05653881;-0.01200596;1.525656,0.2147533;0.01922215;1.539965,0.2052481;-0.4372836;1.482673,0
2661,0.2054127;0.07313193;1.481154,0.1537762;0.0281562;1.455379,0.1054684;-0.1263795;1.374643,0.05637984;-0.01149743;1.527058,0.2147581;0.01938485;1.540045,0.2047435;-0.4373276;1.482587,0
2696,0.2062451;0.08762193;1.474316,0.1512144;0.02714928;1.451389,0.09468;-0.1259624;1.372991,0.05606285;-0.01106661;1.528804,0.2147721;0.01947192;1.540265,0.2040792;-0.437533;1.482701,0
2728,0.2168569;0.07089435;1.462867,0.1565998;0.02169333;1.443926,0.07855923;-0.1255697;1.372149,0.0559014;-0.0100625;1.530443,0.2148928;0.01951696;1.540638,0.2038181;-0.4381528;1.482739,0
2761,0.1780679;0.09570398;1.466274,0.09498284;0.037698;1.454718,0.06893044;-0.1215564;1.372747,0.05569511;-0.00796583;1.533648,0.2149005;0.01961561;1.541283,0.203087;-0.4388866;1.482901,0
2797,0.2006512;0.1090297;1.460207,0.1227323;0.03159822;1.443357,0.04684539;-0.1185276;1.374506,0.05550127;-0.005924871;1.536518,0.2149667;0.01964153;1.541619,0.2022484;-0.4398057;1.482396,0
2828,0.1805035;0.1081001;1.463597,0.08601399;0.04799149;1.454124,0.03024732;-0.1094766;1.382815,0.05488773;0.004536077;1.549787,0.2151464;0.01984004;1.542487,0.2013632;-0.4397825;1.482681,0
2862,0.1524577;0.1260661;1.468938,0.07124905;0.04921221;1.456268,0.005507272;-0.1035723;1.383558,0.0545552;0.006564825;1.551576,0.2151967;0.01989978;1.542572,0.2000163;-0.4394572;1.481894,0
2894,0.1901868;0.1185044;1.45366,0.07924407;0.04343731;1.450073,-0.02168196;-0.09942207;1.396633,0.05481213;0.007292218;1.554922,0.2156824;0.02018725;1.543658,0.1996451;-0.4393868;1.48235,0
2929,0.1695008;0.1217899;1.456903,0.05895772;0.04596585;1.45445,-0.04262082;-0.09742891;1.402987,0.05482144;0.007386844;1.555539,0.215869;0.02035842;1.543986,0.199122;-0.4391678;1.482294,0
2962,0.1975901;-0.04246636;1.359305,0.1238786;-0.067159;1.360814,-0.05585267;-0.09610839;1.411352,0.05477446;0.007218113;1.556495,0.2161945;0.0206816;1.54464,0.1991252;-0.4387655;1.482395,0
2997,0.1849636;-0.05217501;1.347895,0.1107632;-0.07364716;1.360602,-0.06801775;-0.09380066;1.419744,0.05468066;0.007068574;1.557007,0.2163001;0.02081706;1.544805,0.1991797;-0.4380729;1.482117,0
3029,0.16692;-0.06135859;1.34168,0.08776173;-0.07885983;1.363424,-0.08791029;-0.09412806;1.434166,0.05457001;0.006820553;1.557384,0.2163787;0.02093205;1.544907,0.1988498;-0.4373753;1.481796,0
3063,0.1537369;-0.07081458;1.333573,0.08104058;-0.08024216;1.364712,-0.09357557;-0.09379936;1.438782,0.05442838;0.006520132;1.557613,0.2164106;0.02100324;1.544936,0.1980187;-0.4365268;1.48134,0
3095,0.1397446;-0.08089478;1.32845,0.06563002;-0.0856902;1.366054,-0.1048366;-0.09480435;1.450932,0.05409516;0.006076318;1.558414,0.2164787;0.021076;1.545081,0.1973822;-0.4356633;1.481555,0
3130,0.1287947;-0.09076566;1.324251,0.04015189;-0.09571956;1.357113,-0.1155933;-0.09830846;1.468832,0.05347549;0.005057459;1.559579,0.2165015;0.02115037;1.545291,0.1972532;-0.4353795;1.481638,0
3162,0.123039;-0.103451;1.320314,0.03369215;-0.09600782;1.358304,-0.1192999;-0.09853531;1.47401,0.05292669;0.004497171;1.560175,0.2164833;0.02118728;1.545364,0.1970112;-0.4351085;1.481518,0
3198,0.1107697;-0.1123361;1.31516,0.01483893;-0.09721985;1.355116,-0.1262183;-0.1027653;1.485761,0.052069;0.004309315;1.561406,0.2163541;0.02132628;1.545579,0.1965859;-0.4347223;1.481638,0
3230,0.09266619;-0.1199821;1.312662,0.04907104;-0.1092396;1.335179,-0.1296485;-0.1057012;1.49474,0.05097141;0.003799682;1.563247,0.2161824;0.02147143;1.545949,0.195716;-0.4343896;1.482377,0
3263,0.08000361;-0.131516;1.300806,0.04166934;-0.1137869;1.33575,-0.1376372;-0.1146983;1.520883,0.04683156;0.003134114;1.57267,0.2159898;0.02159172;1.546149,0.1955867;-0.4340807;1.482326,0
3294,0.06766624;-0.1462064;1.293612,0.02920955;-0.1260198;1.331332,-0.1369252;-0.1159795;1.528316,0.04484507;0.002594322;1.577698,0.2157383;0.02171743;1.546439,0.1943241;-0.4334455;1.482819,0
3329,0.05481977;-0.1644757;1.286093,0.01080271;-0.1464557;1.341436,-0.1372448;-0.1246443;1.550493,0.04337402;0.002038892;1.580768,0.2155279;0.02181763;1.546741,0.1938158;-0.4329638;1.483196,0
3363,0.03853875;-0.1847187;1.284515,-0.05716163;-0.1678328;1.381946,-0.1342612;-0.1290272;1.554902,0.03851858;0.000874801;1.601485,0.2153283;0.02202831;1.547413,0.1934679;-0.4327203;1.483747,0
3396,0.0222838;-0.2074078;1.27347,-0.02173704;-0.1977889;1.331076,-0.1256352;-0.1351391;1.558919,0.03899601;0.0006572945;1.598296,0.2151539;0.02207204;1.547377,0.1921707;-0.4325451;1.482712,0
3431,0.007558394;-0.2328548;1.270796,-0.02137339;-0.2088782;1.326293,-0.1180744;-0.1475267;1.55766,0.03928725;0.000359143;1.596991,0.2150486;0.02210901;1.547405,0.1918325;-0.4321145;1.481959,0
3464,-0.003827073;-0.2620755;1.274014,-0.02428816;-0.2426307;1.33197,-0.1034682;-0.1616477;1.563891,0.03973645;-0.0001082411;1.595971,0.2150297;0.02213513;1.547438,0.191926;-0.4321817;1.4816,0
3496,-0.00930589;-0.293116;1.28311,-0.04902352;-0.2669953;1.342662,-0.08934529;-0.17668;1.571246,0.04007692;-0.0004437181;1.595952,0.2150263;0.02215834;1.547501,0.1926083;-0.4324132;1.481372,0
3530,-0.006230246;-0.3445676;1.29385,-0.05973878;-0.284665;1.398302,-0.0815818;-0.1864908;1.575703,0.04020293;-0.002890007;1.599484,0.2149901;0.02216041;1.547544,0.1927839;-0.432519;1.481297,0
3561,-0.00633673;-0.3643037;1.297649,-0.03191856;-0.3337511;1.356943,-0.06356168;-0.210811;1.581262,0.0401266;-0.006013034;1.598173,0.2149794;0.02214207;1.547564,0.1930357;-0.4330006;1.481179,0
3596,-0.00518611;-0.3867412;1.299175,-0.03539919;-0.3555404;1.377564,-0.05298787;-0.224639;1.582172,0.03982573;-0.00897988;1.597364,0.2148882;0.02211911;1.547507,0.1926003;-0.4337875;1.480659,0
3632,-0.005152085;-0.3906674;1.302785,-0.03433297;-0.3567375;1.382679,-0.04146674;-0.2366006;1.585344,0.0396454;-0.01167715;1.59618,0.2148517;0.02208126;1.547501,0.1928864;-0.4341593;1.480461,0
3662,0.0009011073;-0.3928636;1.292456,-0.02743889;-0.3503118;1.420342,-0.03518802;-0.2422297;1.584297,0.03977313;-0.01349729;1.594883,0.2133523;0.02080658;1.54838,0.1926579;-0.4348769;1.480403,0
3695,9.019789E-06;-0.3916842;1.29046,-0.02723528;-0.3501154;1.419998,-0.03273578;-0.2439325;1.584403,0.03988161;-0.01446996;1.594677,0.2133222;0.02077818;1.54832,0.1927278;-0.4352117;1.480461,0
3730,0.001326895;-0.3928769;1.287577,-0.02708925;-0.3496165;1.420274,-0.0321903;-0.2439563;1.584439,0.03982707;-0.01508593;1.59442,0.2132748;0.02072988;1.548203,0.1927636;-0.4355434;1.480315,0
3762,0.0005002706;-0.3931148;1.293574,-0.01856952;-0.3610447;1.361909,-0.03249775;-0.243488;1.584577,0.03965981;-0.01555466;1.594464,0.2132654;0.02072157;1.548197,0.1929023;-0.4358923;1.480502,0
3795,-0.01069311;-0.3929142;1.292435,-0.02546979;-0.3585829;1.370145,-0.03579228;-0.2408537;1.584633,0.0392106;-0.01628905;1.594712,0.2132559;0.02070111;1.548187,0.1926067;-0.4362544;1.480639,0
3830,-0.008259107;-0.3940114;1.289555,-0.0248197;-0.358696;1.367577,-0.03825196;-0.2392514;1.583706,0.03896266;-0.01667405;1.594869,0.2132126;0.02066763;1.548167,0.1924237;-0.4366091;1.480645,0
3863,-0.006111466;-0.3938339;1.288705,-0.02476588;-0.3587774;1.365352,-0.04086911;-0.2378804;1.583254,0.0388508;-0.01690976;1.594835,0.2132063;0.0206306;1.548133,0.1924118;-0.4368599;1.480595,0
3897,-0.007463666;-0.3921199;1.288776,-0.02841097;-0.3572741;1.369456,-0.04298302;-0.2368088;1.582732,0.03866383;-0.01712564;1.595152,0.2131812;0.02061983;1.54814,0.1919819;-0.4370201;1.480609,0
3930,-0.007278681;-0.3922603;1.291672,-0.03006424;-0.3566011;1.371937,-0.04404348;-0.2360318;1.582746,0.03851236;-0.01734708;1.595096,0.2131808;0.02061834;1.548139,0.1918979;-0.4371379;1.480606,0
3961,-0.004536636;-0.3937901;1.292415,-0.02812533;-0.3572966;1.370035,-0.04443472;-0.2358276;1.582753,0.0384467;-0.0175205;1.594986,0.2131719;0.02061112;1.548144,0.1917611;-0.4373015;1.480864,0
3995,-0.004685851;-0.3926923;1.290129,-0.02963113;-0.3564638;1.37347,-0.04483461;-0.2362153;1.582292,0.03834301;-0.01772027;1.59479,0.2131632;0.02060329;1.548127,0.1917394;-0.4373605;1.480745,0
4031,-0.002948079;-0.3948786;1.293376,-0.02704166;-0.3579433;1.370383,-0.04422996;-0.2365004;1.583519,0.03822213;-0.01794554;1.595044,0.2131539;0.02058602;1.548212,0.1919956;-0.4375142;1.481061,0
4063,-0.001503039;-0.3947505;1.287499,-0.02850633;-0.3575459;1.372788,-0.04406814;-0.2365382;1.583218,0.03819033;-0.01801583;1.594995,0.2131212;0.02056465;1.548132,0.1919302;-0.4375306;1.481048,0
4097,-0.0001678707;-0.3949542;1.289599,-0.02660679;-0.3580973;1.37217,-0.04386744;-0.236532;1.583321,0.03813222;-0.01815037;1.594962,0.2131089;0.02056567;1.548125,0.1919567;-0.4375205;1.481058,0
4131,-0.001127307;-0.3951452;1.289807,-0.02551499;-0.3584381;1.370507,-0.04369878;-0.2364905;1.583349,0.03812034;-0.01822021;1.594894,0.2131124;0.02055248;1.548109,0.1921363;-0.4376171;1.480889,0
4161,-0.001192784;-0.3941637;1.288262,-0.02696217;-0.3577883;1.371966,-0.04353779;-0.236488;1.583071,0.03808562;-0.01838715;1.594675,0.2130693;0.02054769;1.547994,0.1919458;-0.4376043;1.480833,0
4195,-0.001122156;-0.3950807;1.289852,-0.02832565;-0.3574007;1.374876,-0.04352541;-0.2364595;1.583033,0.03803451;-0.01854026;1.594567,0.2130738;0.02054547;1.547993,0.192037;-0.4376987;1.480764,1
4231,-0.001587846;-0.3924964;1.289788,-0.02656848;-0.3575724;1.372039,-0.04363364;-0.2362774;1.582777,0.0379822;-0.01862965;1.594405,0.2130796;0.02053089;1.54793,0.1922161;-0.4377661;1.480408,1
4263,-0.0008399975;-0.3940157;1.295559,-0.02569217;-0.3580453;1.371552,-0.043786;-0.2363799;1.582837,0.03799858;-0.01874771;1.594289,0.2130872;0.02050222;1.547947,0.1927389;-0.4381315;1.480679,1
4298,-0.001002337;-0.3944061;1.297507,-0.0280987;-0.3575343;1.376439,-0.04386892;-0.2362714;1.583037,0.03585199;-0.02620259;1.5934,0.2131388;0.02044948;1.548098,0.1933085;-0.4386043;1.481119,1
4330,-0.001086568;-0.3938706;1.292478,-0.02904084;-0.3571282;1.377691,-0.04405933;-0.2358583;1.582921,0.03617411;-0.02529649;1.593125,0.2131463;0.02044372;1.548092,0.193302;-0.4386271;1.481099,1
4361,0.006899545;-0.3957027;1.287372,-0.02678625;-0.357516;1.374716,-0.04451738;-0.2357336;1.582812,0.03638639;-0.02457883;1.592852,0.2131391;0.02040367;1.54805,0.1933355;-0.4386764;1.480975,1
4397,0.004218668;-0.3961378;1.287937,-0.02580335;-0.3577431;1.37348,-0.0447889;-0.2356668;1.582556,0.03654473;-0.02408897;1.592756,0.2131245;0.02036742;1.547995,0.1933013;-0.4386959;1.480934,1
4429,0.005130118;-0.3962866;1.287906,-0.02467781;-0.3580723;1.372253,-0.04487443;-0.2355057;1.582631,0.03669099;-0.02370426;1.592633,0.2131405;0.02034557;1.547949,0.1932883;-0.4387281;1.480903,1
4463,0.003626776;-0.3940926;1.286412,-0.02683575;-0.3571628;1.37462,-0.04485074;-0.2352422;1.581706,0.03687599;-0.02322424;1.592062,0.2131014;0.02027437;1.547473,0.1932244;-0.4387172;1.480374,1
4499,0.005011925;-0.3949107;1.28746,-0.02545223;-0.357813;1.371962,-0.04490233;-0.2351666;1.581709,0.03696873;-0.02292512;1.591835,0.2131122;0.02023097;1.547304,0.1932181;-0.438722;1.480233,1
4530,0.004130555;-0.3966244;1.288062,-0.02498306;-0.3580229;1.371088,-0.04496245;-0.2351975;1.581751,0.03702725;-0.02275683;1.591778,0.2131208;0.02020956;1.547276,0.1932331;-0.4387661;1.48026,1
4562,0.004407133;-0.3968163;1.289529,-0.02717976;-0.3574647;1.374241,-0.04500316;-0.2348929;1.581832,0.03711224;-0.02246368;1.59167,0.2131329;0.02020292;1.547272,0.1932079;-0.4387879;1.480307,1
4596,0.001453274;-0.3959248;1.291408,-0.02847267;-0.3570676;1.376603,-0.04500316;-0.2348907;1.581831,0.03723513;-0.02216021;1.591567,0.2131322;0.02019977;1.547268,0.1930537;-0.4388909;1.48042,1
4629,-0.0006500894;-0.3945825;1.290271,-0.02885501;-0.3569475;1.376781,-0.04501355;-0.2346249;1.581676,0.03739161;-0.0218456;1.59138,0.2131419;0.02017885;1.547261,0.1930723;-0.4388787;1.480414,1
4663,0.0007782083;-0.3929167;1.291072,-0.0253571;-0.3578914;1.369685,-0.04521067;-0.2346217;1.58119,0.03756249;-0.02155384;1.591052,0.2131454;0.02013908;1.547146,0.1930364;-0.4389413;1.480171,1
4698,5.807209E-05;-0.3930224;1.288595,-0.0271557;-0.3570349;1.371222,-0.04536358;-0.2345558;1.580399,0.03772081;-0.02119524;1.590748,0.2131571;0.02007754;1.546866,0.1929138;-0.4390871;1.479675,1
4732,-0.001013673;-0.3966398;1.293099,-0.0285686;-0.3568148;1.374926,-0.04527795;-0.2345838;1.580639,0.03780146;-0.02095683;1.590955,0.2121732;0.01858303;1.549207,0.1927475;-0.4392464;1.480184,1
4763,-0.001542812;-0.3938252;1.290975,-0.02924999;-0.356626;1.375736,-0.04535349;-0.2344956;1.580541,0.03788045;-0.0208493;1.590835,0.2123277;0.01864125;1.548911,0.1928002;-0.4392742;1.480128,1
4795,-0.001263458;-0.3951847;1.294007,-0.02713927;-0.3577522;1.373439,-0.04567293;-0.2345947;1.580978,0.03790201;-0.0207957;1.590852,0.2123936;0.01864108;1.548842,0.1929118;-0.4393931;1.4803,1
4830,-0.008455127;-0.3947127;1.290731,-0.0281295;-0.3573464;1.374719,-0.04567155;-0.2345434;1.581005,0.03795891;-0.0206798;1.590877,0.212499;0.01866237;1.548626,0.1929121;-0.4394014;1.48029,1
4862,-0.01115709;-0.3939806;1.290097,-0.02631329;-0.3577046;1.372277,-0.04557168;-0.2344989;1.580995,0.03802737;-0.02056436;1.590795,0.2125799;0.01867647;1.548373,0.1928447;-0.4394242;1.480224,1
4896,-0.007451904;-0.3922425;1.291206,-0.02529393;-0.3579711;1.370605,-0.04551369;-0.2344488;1.580986,0.03806894;-0.02051428;1.590737,0.2126752;0.01870261;1.548111,0.1928821;-0.4394138;1.479946,1
4930,-0.009154448;-0.3877788;1.296251,-0.02691878;-0.3573713;1.371824,-0.04551739;-0.2344185;1.580791,0.03811322;-0.02045476;1.59065,0.2128064;0.01870277;1.547635,0.1928506;-0.4394228;1.479325,1
4963,-0.005060362;-0.3924944;1.290573,-0.02802678;-0.3567441;1.373085,-0.04545259;-0.2344104;1.580753,0.038194;-0.02033043;1.590608,0.2128381;0.01874617;1.547363,0.1924249;-0.4394704;1.479027,1
4997,-0.004278457;-0.3947084;1.2914,-0.02658219;-0.3572695;1.371579,-0.04535656;-0.2343064;1.580965,0.0382803;-0.0201935;1.590714,0.2128785;0.01874642;1.54733,0.1920876;-0.439503;1.47932,1
5030,-0.01197789;-0.3907309;1.297454,-0.02800677;-0.3568979;1.374251,-0.04535622;-0.2341611;1.581156,0.03839106;-0.02013774;1.59072,0.212911;0.0187338;1.547319,0.1918341;-0.4395663;1.479774,1
5062,0.01093474;-0.3998429;1.285374,-0.02099345;-0.3610798;1.361592,-0.04535954;-0.2340011;1.581191,0.03851274;-0.01997695;1.59076,0.2129502;0.01872912;1.547288,0.1918664;-0.4396041;1.47989,1
5096,0.006380117;-0.3929477;1.293482,-0.02014261;-0.3602845;1.358767,-0.04534477;-0.2333468;1.581149,0.03855918;-0.01981848;1.590792,0.2126908;0.01756239;1.548681,0.1919944;-0.4396097;1.480089,1
5130,0.006548282;-0.3904525;1.284745,-0.02184056;-0.3598942;1.357229,-0.04589993;-0.2316729;1.579322,0.03862904;-0.01970013;1.59068,0.2127579;0.0176287;1.548506,0.1918857;-0.4396021;1.480165,1
5165,0.01725123;-0.3851629;1.277619,-0.0216579;-0.3596621;1.356321,-0.04585869;-0.2265687;1.572208,0.03882559;-0.01945299;1.590381,0.2128891;0.01761132;1.548171,0.1921606;-0.4396802;1.479948,1
5197,0.03003277;-0.3784055;1.273746,-0.02017914;-0.3371378;1.375638,-0.04399837;-0.224139;1.556776,0.03913888;-0.01899822;1.589986,0.2129791;0.0176284;1.547826,0.1924517;-0.4398336;1.479713,1
5230,0.04945179;-0.3744334;1.26911,-0.01870932;-0.35489;1.371469,-0.04143372;-0.2214867;1.548897,0.0393392;-0.01865899;1.589556,0.213079;0.01766481;1.5477,0.1952567;-0.4398097;1.478861,1
5262,0.0728981;-0.3556257;1.255153,0.03844537;-0.3123857;1.306635,-0.03718527;-0.2154498;1.533235,0.03968067;-0.01795718;1.58826,0.2131272;0.01773919;1.547384,0.1962306;-0.4392559;1.477535,1
5294,0.1053284;-0.3299996;1.228479,0.04336374;-0.3073536;1.306834,-0.03167119;-0.2152577;1.516114,0.04015446;-0.0171595;1.587243,0.213296;0.01777571;1.547247,0.1993095;-0.4386614;1.476446,1
5328,0.1477753;-0.321914;1.205675,0.07821871;-0.3005751;1.290988,-0.01529313;-0.2429277;1.473525,0.04052042;-0.01671695;1.586115,0.2134312;0.01778189;1.547209,0.2082937;-0.4378351;1.476301,1
5364,0.1221519;-0.3015918;1.243847,0.07119055;-0.2892998;1.298916,-0.00983323;-0.2410618;1.467064,0.04101042;-0.01615012;1.585088,0.2135171;0.01783694;1.547167,0.2111209;-0.4371965;1.475862,1
5396,0.1956054;-0.3215899;1.179942,0.1410712;-0.301994;1.242717,0.004663696;-0.2350213;1.445716,0.04149566;-0.01594526;1.580434,0.2135507;0.01783591;1.54686,0.2121409;-0.4379553;1.474025,1
5428,0.1698605;-0.3036516;1.220328,0.1093137;-0.2697491;1.277783,0.02331422;-0.1931142;1.431712,0.04100232;-0.02001329;1.566485,0.2135682;0.01787024;1.546652,0.2134953;-0.4383846;1.473358,1
5461,0.2121454;-0.3244098;1.188372,0.1400069;-0.3004783;1.2304,0.06066976;-0.212742;1.381676,0.04161352;-0.02224286;1.559794,0.2136019;0.01789166;1.546305,0.2146527;-0.4386322;1.47354,1
5494,0.1928097;-0.3055376;1.230715,0.1314915;-0.2742483;1.273872,0.05566317;-0.1739786;1.418787,0.04186928;-0.02272029;1.557265,0.213653;0.01793944;1.546034,0.215327;-0.4387757;1.473865,1
5528,0.2141902;-0.3142372;1.231445,0.1561532;-0.2764174;1.280154,0.06361818;-0.1747029;1.413218,0.04218765;-0.02278693;1.555217,0.2137188;0.01793362;1.545702,0.2161669;-0.4387303;1.474356,1
5562,0.2119127;-0.309586;1.245788,0.1577922;-0.2723829;1.284933,0.06743678;-0.164583;1.414454,0.04262611;-0.0228076;1.552571,0.2137729;0.01789778;1.544758,0.2185379;-0.4382519;1.473999,1
5597,0.2165761;-0.3135448;1.258958,0.1710336;-0.2794428;1.280145,0.08013345;-0.1717656;1.409284,0.04351564;-0.02449578;1.544084,0.2140267;0.01786161;1.544022,0.2211582;-0.4382667;1.474478,1
5627,0.2179649;-0.3125307;1.268058,0.1756714;-0.2775923;1.289697,0.08083805;-0.1673564;1.413388,0.04391831;-0.02483915;1.542053,0.2142699;0.01783403;1.543799,0.2268373;-0.4385747;1.475731,1
5661,0.2290956;-0.322616;1.254065,0.1822137;-0.2853293;1.28326,0.09159885;-0.1722935;1.407554,0.04433273;-0.02485915;1.540595,0.2145586;0.01779738;1.543522,0.2288643;-0.4385477;1.476006,1
5696,0.232772;-0.3268609;1.245447,0.1853756;-0.2878779;1.279944,0.09492102;-0.1743619;1.403875,0.04489837;-0.02486533;1.538935,0.2148762;0.01772612;1.543185,0.2303419;-0.4386194;1.475862,1
5728,0.2297402;-0.3260405;1.251648,0.1866279;-0.2890647;1.279166,0.09639838;-0.1750327;1.40276,0.04530297;-0.02484303;1.538078,0.2151213;0.01773446;1.543217,0.2309149;-0.4385094;1.477274,1
5761,0.2309795;-0.3279181;1.246673,0.1869875;-0.2890517;1.278679,0.0966861;-0.1750848;1.40228,0.04571373;-0.02452299;1.537459,0.2155152;0.01769567;1.542919,0.2317916;-0.4384752;1.476708,1
5795,0.2246519;-0.3208281;1.253059,0.1808357;-0.2814479;1.286619,0.09148882;-0.1654443;1.408995,0.04633189;-0.02445894;1.53664,0.2158293;0.01769876;1.542797,0.2318104;-0.438438;1.476894,1
5828,0.2265951;-0.3216282;1.250753,0.1813744;-0.281398;1.286121,0.0921073;-0.1642819;1.407416,0.04654496;-0.02450175;1.536346,0.2161082;0.01767144;1.542664,0.2321125;-0.4384462;1.47724,1
5862,0.2509074;-0.3438262;1.228895,0.1969557;-0.3022458;1.265693,0.1096669;-0.1852474;1.388453,0.0468565;-0.02436617;1.536245,0.2163184;0.01768524;1.542666,0.2321644;-0.4383801;1.477964,1
5894,0.2531579;-0.3433152;1.228206,0.1976535;-0.3025897;1.265148,0.1101895;-0.1858686;1.388053,0.04711507;-0.02430758;1.536163,0.2166629;0.01769849;1.542808,0.2323613;-0.4383469;1.478454,1
5928,0.2548224;-0.3388923;1.225571,0.1966284;-0.2986042;1.267019,0.1079086;-0.1830075;1.390128,0.04729452;-0.02417676;1.536019,0.2169037;0.01775207;1.542786,0.2324511;-0.4382512;1.478674,1
5961,0.2566337;-0.3323947;1.221956,0.1969039;-0.2931927;1.265387,0.1068339;-0.1809874;1.390821,0.04749918;-0.02398857;1.535828,0.2171948;0.01780198;1.542755,0.2325205;-0.4381225;1.478806,1
5996,0.2585675;-0.3252028;1.229873,0.196611;-0.2898519;1.267454,0.1052548;-0.1793748;1.393552,0.04768127;-0.02381701;1.535847,0.2174506;0.01784805;1.542915,0.2327606;-0.4379225;1.47927,1
6029,0.2511397;-0.3203943;1.240405,0.1875521;-0.273346;1.280389,0.09585828;-0.161125;1.404691,0.04784841;-0.02364324;1.535521,0.2175236;0.01791851;1.542889,0.2327325;-0.4374431;1.47979,1
6062,0.2598072;-0.3203697;1.233227,0.1945914;-0.2757874;1.271735,0.1009705;-0.1670455;1.39776,0.04807663;-0.02357905;1.534157,0.2176154;0.01800767;1.542603,0.2327421;-0.4372658;1.479787,1
6094,0.2838173;-0.3082007;1.207342,0.2146902;-0.2978567;1.24771,0.1244137;-0.1851492;1.372406,0.04821144;-0.0235217;1.533456,0.2176644;0.01810363;1.542472,0.2327535;-0.4370194;1.479907,1
6128,0.2875468;-0.3000335;1.200399,0.2180297;-0.2903989;1.246899,0.123431;-0.1836825;1.373823,0.04836714;-0.02328181;1.532659,0.2177543;0.01816848;1.54233,0.2327565;-0.4368049;1.480144,1
6161,0.2738559;-0.3133659;1.236191,0.2079518;-0.2709471;1.261509,0.1139549;-0.1712215;1.394935,0.04846826;-0.02318414;1.532504,0.2178178;0.01824537;1.542358,0.2330166;-0.4362808;1.480855,1
6195,0.2744902;-0.3081584;1.233838,0.2103022;-0.2664872;1.26289,0.1138902;-0.1693348;1.396521,0.04863858;-0.02316266;1.531728,0.2178711;0.01834606;1.542291,0.2331604;-0.4361171;1.481071,1
6230,0.2752557;-0.308722;1.231252,0.21132;-0.2659576;1.262469,0.1153253;-0.1677944;1.395639,0.04890566;-0.02320156;1.529982,0.2180125;0.01843894;1.541946,0.2331752;-0.4360358;1.481142,1
6260,0.3110146;-0.3086085;1.160835,0.2346566;-0.291031;1.219722,0.1485005;-0.1987367;1.363822,0.04901906;-0.02306327;1.529335,0.2181328;0.01853791;1.541658,0.2332499;-0.4359246;1.481236,1
6294,0.2777531;-0.2900372;1.21844,0.210639;-0.263609;1.266106,0.117592;-0.1662766;1.402116,0.0490459;-0.02270014;1.52905,0.2177107;0.01775063;1.541504,0.2332819;-0.4357494;1.481718,1
6327,0.2707599;-0.3141696;1.244049,0.2071363;-0.2623581;1.276108,0.1112306;-0.1624922;1.408013,0.04910193;-0.02246783;1.528781,0.2174676;0.01728544;1.541189,0.2334265;-0.435656;1.481933,1
6361,0.01327862;-0.4096719;1.295516,-0.01966168;-0.3917339;1.325916,0.1473462;-0.2080882;1.374296,0.04919188;-0.02217831;1.528323,0.2175999;0.01747229;1.540984,0.2336024;-0.435553;1.482098,1
6397,-0.005657659;-0.3940135;1.337835,-0.02052603;-0.3940182;1.381695,0.1475078;-0.208609;1.373867,0.04928679;-0.02211073;1.527089,0.2177544;0.01762875;1.540258,0.2336609;-0.4355603;1.482026,1
6431,0.01553482;-0.4030821;1.304461,-0.01748452;-0.3740543;1.331642,0.1137186;-0.169392;1.404069,0.04939279;-0.02199237;1.526438,0.2178474;0.01777268;1.539883,0.2337126;-0.4355565;1.482022,1
6466,0.007772226;-0.4120306;1.287092,-0.02455567;-0.3968208;1.319041,0.1420606;-0.2155176;1.378418,0.04946886;-0.02190937;1.525831,0.2179177;0.01788005;1.539571,0.2336864;-0.4355869;1.482195,1
6496,0.007890876;-0.4117027;1.287426,-0.02446926;-0.3967415;1.319135,0.1421502;-0.2151858;1.377572,0.04952557;-0.02177121;1.525242,0.218028;0.01796653;1.539296,0.2336701;-0.435581;1.482341,1
6528,0.00995415;-0.4111875;1.285393,-0.02369582;-0.3954694;1.316962,0.1422185;-0.2129049;1.374067,0.04955306;-0.02169847;1.524783,0.218251;0.01805294;1.538855,0.2359157;-0.4355084;1.481571,1
6602,0.01526447;-0.4104475;1.29112,-0.0205623;-0.3858816;1.317831,0.1276278;-0.1918672;1.386398,0.04963117;-0.02156501;1.524234,0.2185194;0.0182234;1.538399,0.2366988;-0.4354796;1.480673,1
6676,0.01015664;-0.4134075;1.285111,-0.02335689;-0.3923028;1.315269,0.1323442;-0.2042771;1.38393,0.04966156;-0.0214705;1.524223,0.218609;0.0183462;1.538148,0.2372446;-0.4355957;1.479732,1
6731,0.01330458;-0.4080535;1.302492,-0.02103034;-0.3755225;1.323982,0.1016277;-0.171079;1.412119,0.04964207;-0.02114145;1.524758,0.2181101;0.01796137;1.538455,0.2365675;-0.4354787;1.48004,1
6786,-0.05041612;-0.4354722;1.26186,-0.02849913;-0.4000963;1.308959,0.1311044;-0.2160101;1.379468,0.04961323;-0.02101546;1.524764,0.2174951;0.01725152;1.53748,0.236506;-0.43541;1.479783,1
6797,-0.03967279;-0.4303088;1.270465,-0.0230357;-0.384527;1.31605,0.111111;-0.1861001;1.400846,0.04960957;-0.02107355;1.524862,0.2175809;0.01735515;1.537573,0.2364766;-0.4354715;1.479907,1
6831,-0.04602487;-0.4330188;1.269915,-0.02731377;-0.3965889;1.314748,0.1243998;-0.2068958;1.38795,0.04959165;-0.02112045;1.524991,0.2176453;0.01749954;1.537686,0.2364511;-0.4354502;1.479934,1
6864,-0.04035233;-0.4279247;1.274943,-0.02462742;-0.3879274;1.319682,0.1116874;-0.1887918;1.398425,0.04956105;-0.0211425;1.525067,0.2177107;0.01758534;1.537702,0.2365181;-0.4353697;1.47971,1
6894,-0.03984044;-0.4317153;1.268786,-0.02214466;-0.3850154;1.315225,0.1162897;-0.1874264;1.394371,0.04948857;-0.02113545;1.525427,0.217817;0.01770774;1.537895,0.2365315;-0.435297;1.479677,1
6929,-0.03705877;-0.4302554;1.267942,-0.02051164;-0.380224;1.315347,0.113209;-0.1800475;1.396307,0.04945231;-0.02083247;1.526266,0.2179226;0.01786323;1.538058,0.2364973;-0.4351473;1.479734,1
6961,0.01093265;-0.4133232;1.291809,-0.01899138;-0.3771763;1.316734,0.1136246;-0.1759454;1.396851,0.04944835;-0.02056566;1.527012,0.2180897;0.01812205;1.538664,0.2363674;-0.4347798;1.48028,1
6995,-0.009261384;-0.4091566;1.297356,-0.01165721;-0.36285;1.318574,0.11853;-0.1561141;1.386658,0.04946175;-0.02039602;1.527059,0.2181191;0.01819075;1.538655,0.2362748;-0.4346299;1.480259,1
7029,0.005774874;-0.4042178;1.315629,0.01082757;-0.3691303;1.345292,0.1270283;-0.1484531;1.38377,0.04955463;-0.01988543;1.52748,0.218265;0.0183812;1.539039,0.2361364;-0.4344246;1.480523,1
7063,0.001426245;-0.4018306;1.318635,-0.003518442;-0.3519714;1.334258,0.1300214;-0.1426291;1.382472,0.04973885;-0.01915003;1.527834,0.2181185;0.0184961;1.539249,0.221032;-0.4350727;1.480356,1
7096,0.00159999;-0.4018565;1.318808,-0.003103533;-0.351715;1.333893,0.1309506;-0.1426272;1.381747,0.04998904;-0.01858597;1.527885,0.218076;0.01858584;1.539394,0.2174066;-0.4353207;1.480903,1
7129,0.01074422;-0.3994322;1.319207,0.00137725;-0.3452645;1.327222,0.1371147;-0.1377275;1.378065,0.05034169;-0.01781541;1.528131,0.2180268;0.01871643;1.53951,0.2156171;-0.435052;1.481277,1
7162,0.01252938;-0.3979399;1.322268,0.003691892;-0.3415632;1.327918,0.1393372;-0.1338288;1.378256,0.0506249;-0.01688878;1.528502,0.2179377;0.01894434;1.539544,0.2140895;-0.4347888;1.481495,1
7234,0.01443486;-0.3946106;1.320151,0.006957223;-0.3373717;1.329468,0.1430536;-0.1299526;1.380149,0.05130566;-0.0159841;1.529448,0.2177659;0.01928329;1.539514,0.2100337;-0.43433;1.48174,1
7265,0.01642731;-0.3958516;1.327292,0.006802944;-0.3376912;1.331168,0.1427468;-0.1302719;1.382302,0.05174099;-0.01567076;1.530332,0.2177052;0.01941994;1.539564,0.2089247;-0.4343833;1.482366,1
7297,0.01631783;-0.3959422;1.317501,0.007628623;-0.3360105;1.32152,0.1427982;-0.1302236;1.382356,0.05197764;-0.01532917;1.530614,0.2176664;0.01949572;1.53945,0.2079145;-0.4346167;1.481837,1
7332,0.01685159;-0.3960918;1.324916,0.007247467;-0.3374198;1.329059,0.1429318;-0.1304325;1.383138,0.05239487;-0.01507994;1.531439,0.2175969;0.01957719;1.539482,0.2074061;-0.4347297;1.482016,1
7361,0.01473075;-0.3962282;1.324596,0.006804641;-0.3379615;1.329427,0.1422203;-0.1309524;1.384174,0.05269004;-0.01496859;1.532036,0.2175795;0.01961575;1.539497,0.2071372;-0.4348782;1.482047,1
7394,0.01380412;-0.3960361;1.326838,0.006519089;-0.3386216;1.332469,0.1420192;-0.131131;1.384606,0.05297011;-0.01476569;1.532623,0.2176082;0.01969999;1.539548,0.2069264;-0.4349895;1.482203,1
7428,0.008838005;-0.3866466;1.351762,0.006401942;-0.3433852;1.378172,0.1409849;-0.1313865;1.384314,0.05309908;-0.01445327;1.533029,0.2176082;0.01978596;1.53952,0.2067504;-0.4350378;1.482081,1
7461,0.008330585;-0.3961426;1.324333,0.003431239;-0.3409907;1.335493,0.1376355;-0.1319358;1.383622,0.05323474;-0.01435514;1.533469,0.2176421;0.0199565;1.539516,0.2066467;-0.4350669;1.482056,1
7497,0.004585017;-0.3977714;1.322127,0.0007316165;-0.3433949;1.334548,0.1324169;-0.1327314;1.382347,0.05328479;-0.01361361;1.535056,0.2177652;0.01983172;1.539715,0.2063726;-0.4350269;1.481909,1
7529,-0.003473594;-0.3983713;1.320799,-0.005225692;-0.3464515;1.328505,0.1186452;-0.1319626;1.380483,0.05326625;-0.01352354;1.535254,0.2178349;0.0198517;1.539823,0.2060893;-0.4350846;1.481769,1
7560,-0.007884176;-0.4026212;1.316246,-0.01179675;-0.3524712;1.325099,0.1050754;-0.1342863;1.37754,0.05319103;-0.01347984;1.535552,0.2179306;0.01984891;1.540256,0.2053638;-0.4358416;1.481542,1
7593,-0.005775611;-0.4043096;1.319356,0.006283599;-0.370521;1.350702,0.09210759;-0.1353543;1.375704,0.05285787;-0.01271626;1.538903,0.2180723;0.01984352;1.540745,0.2048422;-0.4363109;1.481628,1
7630,0.2699766;7.265808E-06;1.40269,0.2223747;-0.02546778;1.369773,0.07206207;-0.1349124;1.373371,0.05272;-0.01227429;1.539439,0.2180635;0.01983194;1.540784,0.2036155;-0.4370183;1.480411,1
7661,0.2539818;-0.010621;1.391535,0.2014174;-0.03944512;1.366791,0.04126752;-0.1340751;1.384822,0.05220145;-0.01134221;1.541594,0.2180406;0.01982904;1.540922,0.2027628;-0.4375962;1.479616,1
7695,0.2420987;-0.01745393;1.390391,0.1835045;-0.03843359;1.37458,0.02335137;-0.1325814;1.398427,0.05144641;-0.008570082;1.548877,0.2181622;0.01978863;1.542017,0.2027121;-0.4379197;1.479673,1
7730,0.2323126;-0.02405186;1.382961,0.1712948;-0.03259891;1.379629,0.01331805;-0.1310299;1.398852,0.05121554;-0.007613;1.55046,0.2182609;0.01982875;1.542454,0.2023502;-0.4380161;1.479768,1
7762,0.2084474;-0.03600057;1.373432,0.150448;-0.03255772;1.382231,-0.01115376;-0.1249879;1.402683,0.05095293;-0.006873445;1.551541,0.2182132;0.0198118;1.542713,0.2003903;-0.4380136;1.479692,1
7794,0.1832907;-0.0500611;1.362938,0.1274261;-0.06871615;1.319393,-0.03315426;-0.1200392;1.40837,0.05056588;-0.006249047;1.55258,0.2182014;0.01990258;1.542953,0.1998705;-0.4377884;1.479703,1
7828,0.165706;-0.05986559;1.363493,0.1155762;-0.07858486;1.329543,-0.04953657;-0.1171582;1.416497,0.05014034;-0.005929757;1.553423,0.2181088;0.01999951;1.54339,0.1996547;-0.4376402;1.479814,1
7861,0.1588621;-0.06927612;1.35598,0.1054656;-0.08588149;1.335913,-0.06165805;-0.1145915;1.42287,0.04979216;-0.00591427;1.553792,0.2180533;0.02007167;1.54362,0.1990818;-0.4371749;1.479982,1
7896,0.06344347;-0.08520043;1.371585,0.04761106;-0.09811851;1.367788,-0.1097408;-0.1205278;1.474518,0.0492666;-0.006741886;1.554844,0.2178211;0.02020097;1.544561,0.1982187;-0.4365084;1.481184,1
7931,0.1209646;-0.08566651;1.355797,0.06195844;-0.09724402;1.361542,-0.1019186;-0.1142091;1.458268,0.04865269;-0.007407176;1.555552,0.2176515;0.02023788;1.544749,0.1972753;-0.4359788;1.481323,1
7965,0.1233416;-0.09274799;1.349827,0.06002935;-0.09760703;1.363559,-0.1039352;-0.1151177;1.460033,0.04801732;-0.008174852;1.556244,0.2175011;0.02026158;1.544936,0.1971468;-0.4358436;1.481281,1
7997,0.051805;-0.09743106;1.361801,0.04341418;-0.1006832;1.373107,-0.1287691;-0.1272337;1.494667,0.04716475;-0.008943433;1.556939,0.2171436;0.02030495;1.545082,0.1960112;-0.4352939;1.481197,1
8028,0.0511962;-0.1038582;1.357309,0.04135237;-0.1043211;1.373993,-0.1274356;-0.1276456;1.492867,0.04615374;-0.00953614;1.558243,0.2168691;0.02033318;1.545211,0.1955484;-0.4349943;1.48088,1
8061,0.05707062;-0.1105522;1.354683,0.04322097;-0.1112991;1.374807,-0.130036;-0.1302009;1.506384,0.04459781;-0.0105486;1.561339,0.2165608;0.02050664;1.546008,0.1950681;-0.434943;1.481763,1
8095,0.05371279;-0.1196463;1.342466,0.04325636;-0.116268;1.37076,-0.1322659;-0.1331664;1.514945,0.04139798;-0.009558404;1.570672,0.2163507;0.02057127;1.546109,0.1950134;-0.4348326;1.481713,1
8131,0.06190287;-0.1326566;1.333423,0.0425001;-0.1253553;1.366635,-0.1333641;-0.138606;1.525013,0.03989013;-0.009445331;1.576977,0.2161087;0.02064174;1.546583,0.1951507;-0.4346924;1.482114,1
8164,0.06455383;-0.1490363;1.319751,0.04234273;-0.1383012;1.352644,-0.1311896;-0.1411005;1.527976,0.03903579;-0.009666499;1.580064,0.2158943;0.02073041;1.546987,0.1951459;-0.4346341;1.482159,1
8213,0.05978836;-0.1639742;1.312638,0.03865189;-0.1509451;1.343913,-0.1243723;-0.1474549;1.533478,0.03850957;-0.009906655;1.581983,0.2157016;0.02082897;1.547165,0.1951605;-0.4345779;1.482164,1
8230,0.05612434;-0.1817332;1.307037,0.03653083;-0.1708554;1.337245,-0.1201936;-0.1556562;1.541403,0.03763399;-0.01108788;1.582209,0.2155115;0.02090612;1.547526,0.195054;-0.4345735;1.482188,1
8262,0.0510585;-0.2016642;1.305183,0.03477399;-0.1809412;1.336683,-0.1103793;-0.1654637;1.549313,0.03717749;-0.01193649;1.58243,0.2153326;0.02093761;1.547912,0.1951743;-0.4346681;1.482284,1
8296,0.02755373;-0.2204826;1.30876,0.004407927;-0.2205048;1.352529,-0.09166207;-0.1806335;1.565884,0.03709021;-0.01269292;1.582108,0.2130835;0.01989095;1.551175,0.1949593;-0.4348641;1.482109,1
8328,0.02137283;-0.246836;1.306717,-0.002818055;-0.2343174;1.355781,-0.08086263;-0.191522;1.574089,0.03700271;-0.01387315;1.581603,0.2130779;0.019918;1.551068,0.194987;-0.4350312;1.481765,1
8362,-0.005366828;-0.2688841;1.332106,-0.02962407;-0.2690789;1.39148,-0.06685165;-0.2047287;1.576454,0.03712972;-0.01654613;1.57997,0.2130346;0.0199765;1.550507,0.1952156;-0.4356817;1.479146,1
8400,0.001099569;-0.3136495;1.324892,-0.01742881;-0.2899835;1.380063,-0.05435326;-0.218843;1.580956,0.03725306;-0.01834933;1.579289,0.2130574;0.01997936;1.550309,0.1959224;-0.4360894;1.478784,1
8430,-0.01828678;-0.3710813;1.330155,-0.01916982;-0.3510648;1.380475,-0.04225695;-0.2369456;1.582111,0.03576395;-0.02968205;1.578333,0.2130556;0.0199158;1.550012,0.1966062;-0.4374233;1.478322,1
8462,-0.02344621;-0.3856283;1.343805,-0.01988542;-0.358335;1.388684,-0.03823757;-0.2433023;1.582337,0.03604132;-0.02955214;1.577884,0.2129732;0.01982503;1.549773,0.1964493;-0.4381973;1.478294,1
8495,-0.01781862;-0.3811177;1.337348,-0.01807388;-0.3575346;1.389616,-0.03446379;-0.2460773;1.580937,0.03633818;-0.02940035;1.576909,0.2127771;0.01962877;1.549082,0.1965159;-0.4387516;1.477776,1
8528,0.03477534;-0.3843397;1.294565,-0.01462595;-0.3571844;1.388186,-0.0333335;-0.2471181;1.580376,0.03645362;-0.02922575;1.57656,0.2110193;0.01813333;1.54956,0.1969433;-0.4392;1.477661,1
8561,0.03764248;-0.3819765;1.292678,-0.01414092;-0.3568462;1.387856,-0.0333152;-0.2472608;1.580205,0.03650045;-0.02910605;1.576395,0.2110878;0.0180929;1.549156,0.1971366;-0.4397755;1.477379,1
8597,0.03679672;-0.384896;1.292641,-0.01410785;-0.3567894;1.387913,-0.03368665;-0.2459209;1.579807,0.03647892;-0.0290714;1.576394,0.2110877;0.01805787;1.548946,0.1970636;-0.4400708;1.477469,1
8630,0.03692728;-0.3878239;1.293388,-0.01129938;-0.3584978;1.379233,-0.03623169;-0.2445861;1.57957,0.03641176;-0.02903606;1.57646,0.2111343;0.01802703;1.548781,0.1973847;-0.4403911;1.477403,1
8708,0.03625618;-0.3872592;1.293508,-0.009494702;-0.3594052;1.373753,-0.04355143;-0.242041;1.577183,0.03634555;-0.02897641;1.576398,0.2112439;0.01796239;1.548507,0.1977589;-0.4409795;1.477151,1
8729,0.03642921;-0.3873402;1.293457,-0.01127827;-0.3578407;1.379587,-0.04555525;-0.2417913;1.576515,0.03625383;-0.02893327;1.576084,0.2112933;0.01788242;1.548325,0.1979831;-0.4411686;1.477086,1
8761,0.0345933;-0.3892134;1.281213,-0.01041788;-0.3583112;1.377439,-0.04577868;-0.2412601;1.576222,0.03622794;-0.02890882;1.576106,0.2113249;0.01786141;1.54822,0.1979861;-0.4412477;1.477063,1
8798,0.03788962;-0.3908606;1.277603,-0.0091475;-0.3587216;1.374874,-0.04595703;-0.2412468;1.576063,0.03615369;-0.02888708;1.575839,0.211372;0.01784876;1.548076,0.1981357;-0.4414029;1.476988,1
8830,0.03466277;-0.3899066;1.28116,-0.008909358;-0.3589294;1.374267,-0.04592953;-0.2412685;1.576131,0.03614331;-0.02884345;1.575809,0.2114141;0.01784522;1.547995,0.1982118;-0.4415177;1.477004,1
8862,0.03486825;-0.3900732;1.283013,-0.009969777;-0.3582693;1.381489,-0.04547579;-0.2412717;1.57668,0.03614878;-0.02884477;1.575651,0.2114363;0.01785241;1.54798,0.1983363;-0.4415827;1.477273,1
8897,0.03426814;-0.3899794;1.283982,-0.009069683;-0.3591055;1.379914,-0.04379914;-0.2414322;1.578153,0.03614916;-0.02882018;1.575715,0.2114566;0.01785456;1.547984,0.1984363;-0.4417019;1.477529,1
8932,0.033537;-0.3897131;1.278494,-0.009438619;-0.3585901;1.381131,-0.04317421;-0.2416475;1.578001,0.03613759;-0.02876569;1.575687,0.2114938;0.0178245;1.547747,0.1984208;-0.4417894;1.477344,1
8965,0.03369962;-0.3902058;1.282238,-0.01029653;-0.3585622;1.382947,-0.0428383;-0.2418412;1.578265,0.03612562;-0.02874566;1.57572,0.2115177;0.01782938;1.547732,0.1985122;-0.4417907;1.477392,1
8998,0.03363786;-0.3901986;1.28109,-0.008586909;-0.3592375;1.378559,-0.04281915;-0.2418375;1.578274,0.03613968;-0.02869357;1.575763,0.2115259;0.01782654;1.547679,0.1985079;-0.441807;1.477379,1
9031,0.0330488;-0.3901348;1.2783,-0.009790353;-0.3583082;1.380814,-0.04276583;-0.2418095;1.578037,0.03617426;-0.02860685;1.575534,0.2115538;0.01785069;1.54747,0.1985295;-0.4417525;1.477125,1
9063,0.03295065;-0.3898547;1.281378,-0.00907678;-0.3592536;1.377213,-0.04275636;-0.2417873;1.578031,0.03621246;-0.02849213;1.575528,0.21159;0.01786164;1.547425,0.1985292;-0.4417537;1.477123,1
9096,0.03245761;-0.3899418;1.280406,-0.008403736;-0.3597049;1.374032,-0.04255816;-0.241596;1.578014,0.03624031;-0.02840645;1.575478,0.2116441;0.01786628;1.547341,0.1986613;-0.4417904;1.477047,1
9130,0.03303975;-0.3853311;1.295158,-0.01009326;-0.3588982;1.378957,-0.04260549;-0.241457;1.578056,0.03625507;-0.02831379;1.575332,0.2117317;0.01787189;1.547215,0.1987126;-0.4418178;1.476967,1
9162,0.0360318;-0.3874454;1.29618,-0.008825809;-0.3593605;1.376161,-0.04262578;-0.2415181;1.578046,0.0362845;-0.02822689;1.575313,0.2117937;0.01789243;1.547193,0.198993;-0.4418782;1.477038,1
9198,0.03642491;-0.3875796;1.293684,-0.01473695;-0.3537605;1.392162,-0.04266355;-0.2414998;1.578067,0.03633913;-0.02809367;1.575403,0.2118741;0.01789619;1.547085,0.198995;-0.4419628;1.476978,2
9232,0.03686098;-0.3877228;1.293433,-0.01481312;-0.3539537;1.392098,-0.04266369;-0.2415022;1.578077,0.03645356;-0.02792185;1.575177,0.2119483;0.01792495;1.546995,0.1990093;-0.4419661;1.476971,2
9265,0.03709304;-0.3872644;1.291247,-0.01538715;-0.3522647;1.394502,-0.04275225;-0.2409724;1.577838,0.03651248;-0.02777093;1.574936,0.2120631;0.01791683;1.546739,0.1989499;-0.4420433;1.47673,2
9359,0.03738097;-0.3890874;1.292402,-0.009023174;-0.3568105;1.375391,-0.04220776;-0.2397612;1.577579,0.03658217;-0.02760504;1.57479,0.2122464;0.01792138;1.54657,0.1989125;-0.4420658;1.476727,2
9435,0.03762784;-0.3896255;1.292177,-0.007925194;-0.3584939;1.374953,-0.04168623;-0.2387274;1.577534,0.03670773;-0.02740281;1.574612,0.2125147;0.01793991;1.546517,0.1989827;-0.4420983;1.47682,2
9471,0.03782973;-0.3899514;1.291789,-0.007350942;-0.3589581;1.373732,-0.04163493;-0.2384533;1.577403,0.0367957;-0.02729494;1.574386,0.2126399;0.01795053;1.546486,0.1989615;-0.4421029;1.476921,2
9497,0.03727133;-0.3884656;1.291833,-0.00640557;-0.3586719;1.371915,-0.04177468;-0.237427;1.577033,0.03686735;-0.02717033;1.574231,0.2128022;0.01797017;1.546406,0.1990177;-0.4421353;1.476896,2
9528,0.03975573;-0.3863272;1.291166,-0.005449418;-0.3581816;1.370022,-0.04205804;-0.2350885;1.575628,0.03695701;-0.02698261;1.573969,0.2129295;0.01796593;1.546316,0.1989391;-0.4421607;1.476891,2
9562,0.04149166;-0.3832935;1.287793,-0.00434406;-0.3577609;1.367723,-0.04208233;-0.2342306;1.573984,0.03709948;-0.02673094;1.573652,0.2131124;0.01799807;1.546264,0.1992654;-0.4423177;1.476779,2
9597,0.04391145;-0.3774578;1.273445,-0.002669028;-0.3548385;1.365183,-0.04193616;-0.2280098;1.563286,0.03735497;-0.02615599;1.572762,0.2133695;0.01809283;1.54605,0.2005755;-0.4422064;1.475797,2
9629,0.05968377;-0.3724578;1.276009,-0.0007958125;-0.3543428;1.362611,-0.04139207;-0.2260855;1.552029,0.03761696;-0.0254448;1.571694,0.2136021;0.01817031;1.545845,0.2020714;-0.4417436;1.474599,2
9663,0.08035331;-0.3588694;1.263227,0.03988491;-0.3173438;1.319952,-0.0376359;-0.2236023;1.536908,0.03782022;-0.02471545;1.570963,0.2137212;0.01825689;1.545783,0.2027725;-0.4412406;1.473899,2
9697,0.1000317;-0.3392494;1.248991,0.04102236;-0.3112261;1.324557,-0.03434624;-0.2222839;1.518143,0.0380559;-0.02406906;1.569879,0.2137675;0.0183195;1.545799,0.202818;-0.4402939;1.473577,2
9729,0.1522681;-0.3131977;1.200808,0.08557162;-0.2976404;1.283822,-0.02655155;-0.2401929;1.482018,0.03863632;-0.02331429;1.56802,0.2137709;0.01837222;1.545789,0.2025958;-0.4394763;1.473469,2
9761,0.1742104;-0.3094639;1.19347,0.1306342;-0.2924731;1.258522,-0.01595642;-0.2459588;1.465084,0.03906197;-0.02303106;1.566253,0.2137679;0.01839895;1.545776,0.2026598;-0.4391279;1.473263,2
9795,0.20202;-0.3092886;1.173406,0.09394836;-0.2746724;1.282525,-0.003374031;-0.2460703;1.446334,0.0394935;-0.02249979;1.564545,0.213743;0.01844879;1.545759,0.2027047;-0.4387718;1.473078,2
9828,0.216946;-0.3084389;1.165102,0.1539862;-0.2938254;1.230763,0.009515049;-0.2351627;1.435655,0.03971537;-0.02238335;1.56206,0.2137005;0.01852751;1.545723,0.202816;-0.4385094;1.472953,2
9865,0.1983555;-0.2997446;1.192183,0.1322264;-0.2738344;1.260391,0.03700795;-0.1963356;1.407925,0.03984496;-0.02261689;1.560545,0.2136166;0.01861922;1.545751,0.2029599;-0.43815;1.472881,2
9899,0.1990471;-0.2972763;1.207398,0.13261;-0.2715376;1.264434,0.04135438;-0.1883929;1.411347,0.04004667;-0.022726;1.559051,0.2108835;0.01747803;1.548025,0.2031392;-0.4377501;1.472903,2
9929,0.2085902;-0.2983626;1.209885,0.1426596;-0.2685247;1.261417,0.05092058;-0.1845525;1.407499,0.04035419;-0.02269435;1.557206,0.2109405;0.01768204;1.547545,0.2032962;-0.4378828;1.472836,2
9962,0.2460646;-0.3219524;1.186177,0.1699729;-0.2924843;1.229663,0.09418896;-0.1926237;1.374653,0.04064742;-0.02266555;1.555674,0.2109392;0.01780023;1.547123,0.2036838;-0.4379936;1.47285,2
9996,0.2265232;-0.2830916;1.238685,0.217648;-0.190473;1.241859,0.07463226;-0.1648649;1.416765,0.04094059;-0.02245387;1.554598,0.2096121;0.01704479;1.547346,0.2039704;-0.437958;1.473001,2
10029,0.2310359;-0.2855331;1.245715,0.2184141;-0.1891458;1.243812,0.08242308;-0.1693028;1.409819,0.04131309;-0.0224828;1.552938,0.2098831;0.01717981;1.546612,0.2041185;-0.4380249;1.473088,2
10063,0.2369575;-0.3132908;1.251698,0.1868448;-0.2635339;1.28808,0.08241032;-0.1634765;1.412679,0.04329889;-0.02416576;1.544291,0.2102095;0.01727016;1.54579,0.2046721;-0.4382998;1.473043,2
10095,0.239588;-0.3195798;1.260872,0.1902975;-0.2673219;1.286311,0.08783893;-0.1657381;1.411297,0.04416448;-0.02424385;1.540457,0.2104858;0.01734969;1.544368,0.2046486;-0.4387172;1.471954,2
10132,0.2440804;-0.327066;1.262604,0.1949248;-0.2745217;1.285074,0.09524819;-0.1683821;1.408334,0.04472151;-0.02425378;1.538627,0.2108487;0.0174328;1.543749,0.204783;-0.4388516;1.471802,2
10162,0.2730794;-0.3602896;1.231336,0.2219055;-0.2947071;1.233137,0.1331529;-0.2135228;1.382427,0.04503485;-0.02418858;1.538204,0.2111632;0.01745358;1.543528,0.2049123;-0.4388777;1.471825,2
10196,0.2551822;-0.3428701;1.249254,0.2026961;-0.2907854;1.2755,0.1126566;-0.1744526;1.396693,0.04564997;-0.02398561;1.536915,0.2115649;0.01744523;1.543127,0.2052019;-0.4391899;1.471724,2
10229,0.2541085;-0.3423823;1.247944,0.2028254;-0.2901677;1.275727,0.1122271;-0.1742816;1.396935,0.04626728;-0.02361629;1.535933,0.2119882;0.01743736;1.54277,0.205334;-0.4392507;1.47166,2
10262,0.2436691;-0.327812;1.261361,0.1937371;-0.2757758;1.288361,0.09941057;-0.1634207;1.410209,0.04672948;-0.02336157;1.535613,0.2123101;0.01749548;1.542647,0.2054182;-0.4392549;1.471727,2
10295,0.2531692;-0.3451923;1.252071,0.2025311;-0.2908317;1.273998,0.115506;-0.1755338;1.398557,0.04707257;-0.0232505;1.535374,0.2127423;0.01760293;1.54269,0.2055233;-0.4392845;1.471879,2
10331,0.2542481;-0.3426617;1.247318,0.2024528;-0.2895294;1.274854,0.1144316;-0.1740356;1.398475,0.04747316;-0.02301958;1.534703,0.2130753;0.01764127;1.542452,0.2055928;-0.4394143;1.471764,2
10361,0.2555847;-0.3416346;1.24526,0.202692;-0.2883669;1.274447,0.1139628;-0.1735373;1.398195,0.04772935;-0.02282999;1.534412,0.2133824;0.01771267;1.542256,0.2056058;-0.4394167;1.471745,2
10396,0.2565412;-0.3386592;1.243447,0.2027805;-0.2865208;1.27383,0.1130483;-0.1725767;1.397694,0.04799483;-0.02258885;1.534084,0.2136936;0.01779137;1.542113,0.2056162;-0.4393921;1.471714,2
10429,0.2511033;-0.3221061;1.244423,0.1952848;-0.2763598;1.282818,0.1041474;-0.1577567;1.400852,0.04823172;-0.02213389;1.534171,0.2139574;0.01786588;1.541838,0.2056437;-0.4393153;1.471475,2
10462,0.2577192;-0.3225134;1.248434,0.1965521;-0.2758915;1.281901,0.104797;-0.15897;1.401213,0.04830856;-0.02194422;1.534291,0.214226;0.01799365;1.542064,0.2056682;-0.4390896;1.471784,2
10494,0.2621442;-0.3171862;1.242997,0.1984636;-0.273992;1.28071,0.1051399;-0.1593576;1.401098,0.04834354;-0.0218527;1.534276,0.2143673;0.01806363;1.542059,0.2057454;-0.4389527;1.47181,2
10531,0.2660044;-0.309081;1.245796,0.1992226;-0.268471;1.282757,0.1039855;-0.1566375;1.404385,0.04839858;-0.0215936;1.534361,0.2141897;0.01756077;1.542722,0.2097393;-0.4376882;1.472,2
10562,0.2680093;-0.2813531;1.234554,0.202862;-0.2658616;1.281892,0.1062361;-0.1550669;1.403366,0.04845979;-0.02159677;1.534068,0.2143598;0.01773355;1.542592,0.2128761;-0.4365015;1.471601,2
10596,0.27414;-0.2971554;1.247283,0.2076182;-0.2618021;1.281174,0.1079588;-0.154849;1.403708,0.04849349;-0.02159607;1.533819,0.2144251;0.01785917;1.542454,0.2118424;-0.4365065;1.469833,2
10680,0.3484344;-0.2976597;1.125457,0.2983289;-0.2774806;1.200265,0.1440709;-0.1991274;1.384279,0.04872605;-0.02128292;1.532543,0.2144374;0.01840606;1.541619,0.2085126;-0.4355444;1.462851,2
10802,0.3363415;-0.3218425;1.140426,0.2715945;-0.2688874;1.232714,0.1208019;-0.1474003;1.40072,0.04897752;-0.02053642;1.53096,0.2143514;0.01895263;1.541092,0.2024722;-0.4361667;1.464641,2
10828,0.3431406;-0.3513066;1.129034,0.2975442;-0.3298722;1.216384,0.1506835;-0.2039908;1.384241,0.04908664;-0.02031011;1.530355,0.214201;0.01905568;1.54093,0.1968832;-0.4372979;1.466563,2
10863,0.3406071;-0.3747008;1.14437,0.2967867;-0.3303683;1.217822,0.1499227;-0.2044908;1.385677,0.04915662;-0.02000798;1.529844,0.214094;0.01927817;1.540604,0.1960206;-0.4374036;1.46593,2
10895,0.3364523;-0.3893738;1.159752,0.2933135;-0.3197021;1.224599,0.1464271;-0.1937538;1.392434,0.04919143;-0.01990576;1.528961,0.213866;0.01944014;1.540057,0.1939423;-0.4377638;1.466657,2
10929,0.3348078;-0.4144901;1.161442,0.2937413;-0.3244339;1.221133,0.1468574;-0.1985167;1.388975,0.0492663;-0.01951077;1.527721,0.2137668;0.01950208;1.539465,0.1927885;-0.4377932;1.466926,2
10962,0.3337013;-0.4138995;1.15855,0.2936404;-0.3266736;1.218988,0.1467558;-0.2007711;1.386833,0.05099057;-0.01781249;1.520112,0.2134323;0.01959768;1.538709,0.1914209;-0.4380604;1.46745,2
10996,0.334547;-0.4165579;1.154629,0.2937419;-0.3287998;1.214973,0.1468552;-0.2029098;1.382823,0.05170118;-0.01715703;1.516399,0.2130233;0.0197017;1.53776,0.1872506;-0.4386604;1.467753,2
11029,0.3027417;-0.3818158;1.195078,0.2710487;-0.3211648;1.226604,0.1447788;-0.1973578;1.386227,0.05206573;-0.01693367;1.515404,0.2129633;0.01970919;1.537698,0.1837946;-0.4392098;1.469648,2
11062,0.3051889;-0.3909499;1.189364,0.2733181;-0.3305102;1.221073,0.1450864;-0.199858;1.384822,0.05230909;-0.01642345;1.514595,0.2128945;0.01974444;1.537556,0.183502;-0.4392209;1.469623,2
11096,0.3020562;-0.3849306;1.191857,0.2686634;-0.3238429;1.225078,0.1340662;-0.1830759;1.391446,0.05244893;-0.01603642;1.513998,0.2128881;0.01979482;1.53733,0.1835935;-0.4389997;1.469172,2
11129,0.3022457;-0.3813308;1.192676,0.2667274;-0.3210734;1.227314,0.1416869;-0.1987943;1.384069,0.05247789;-0.01594157;1.513997,0.2129612;0.01983;1.537232,0.1863864;-0.4379288;1.465581,2
11163,0.3046433;-0.3787677;1.187057,0.2622724;-0.3156711;1.232649,0.1271452;-0.1736253;1.397482,0.05252926;-0.01599479;1.513862,0.2129441;0.0198457;1.537187,0.1861769;-0.4380717;1.465735,2
11196,0.3275021;-0.3668441;1.141638,0.2838422;-0.3512651;1.205939,0.1480644;-0.2091795;1.369924,0.05254389;-0.01603741;1.513813,0.2129636;0.01985482;1.537165,0.1862149;-0.4380894;1.465708,2
11230,0.3212547;-0.3306203;1.169224,0.2548489;-0.3030926;1.241975,0.1138264;-0.1651449;1.405369,0.05256429;-0.01615616;1.513902,0.2130154;0.01988541;1.537229,0.1871681;-0.4383118;1.466415,2
11261,0.3264571;-0.302139;1.182294,0.2566403;-0.3008049;1.240696,0.1160044;-0.1647006;1.406044,0.05252128;-0.01633106;1.51408,0.2130943;0.01990063;1.537277,0.1896949;-0.4382058;1.466662,2
11294,0.3375297;-0.2629575;1.196347,0.2772996;-0.2521244;1.26397,0.1339501;-0.2052321;1.387189,0.05246044;-0.01649807;1.514664,0.2133611;0.01992659;1.537638,0.1943363;-0.4382123;1.468383,2
11329,0.3675234;-0.2222068;1.191294,0.3174038;-0.2320557;1.252974,0.11462;-0.2098623;1.407789,0.0524185;-0.01648305;1.515108,0.2134661;0.01994981;1.537733,0.1979663;-0.4379521;1.468605,2
11362,0.3568573;-0.1901803;1.235349,0.3137054;-0.2270366;1.25563,0.1127978;-0.1601354;1.398929,0.05237594;-0.01632943;1.515498,0.2134927;0.01995094;1.537799,0.1991137;-0.4378836;1.469318,2
11398,0.3353437;-0.1511294;1.276153,0.2777466;-0.1628042;1.293506,0.1127156;-0.1598712;1.399461,0.05232072;-0.01610868;1.516103,0.2135595;0.01999192;1.538246,0.2001231;-0.437853;1.471755,2
11430,0.3471653;-0.1151423;1.289049,0.2886801;-0.1534916;1.289788,0.113873;-0.1573403;1.397586,0.05227828;-0.01580954;1.516535,0.2136662;0.02009535;1.538751,0.1989418;-0.4374478;1.474137,2
11462,0.3528884;-0.0807731;1.310126,0.3049062;-0.1298057;1.28814,0.1192496;-0.151287;1.393452,0.05229262;-0.01567821;1.516726,0.213718;0.0201152;1.538876,0.199718;-0.436654;1.475053,2
11495,0.3537429;-0.05408959;1.333721,0.3102332;-0.1154003;1.289461,0.1260097;-0.1452553;1.389232,0.0523009;-0.01535665;1.517073,0.2137642;0.02015342;1.539021,0.2004893;-0.4360554;1.475618,2
11530,-0.01040762;-0.206246;1.156884,0.02912751;-0.1556997;1.149113,0.1816076;-0.1446366;1.356936,0.05322994;-0.01269749;1.517633,0.2132003;0.01950224;1.540112,0.2014999;-0.4353141;1.476548,2
11561,-0.01186747;-0.2061599;1.158018,0.02781958;-0.1556429;1.150817,0.1798454;-0.1445171;1.35897,0.05325036;-0.01249148;1.518024,0.2134285;0.01966429;1.540618,0.2029717;-0.4352338;1.478379,2
11597,-0.05571866;-0.1683812;1.099825,-0.004223876;-0.1590465;1.168894,0.1421778;-0.1350639;1.379922,0.05505387;-0.00903246;1.519849,0.2134108;0.01955567;1.541557,0.2037691;-0.434221;1.478986,2
11630,-0.02215115;-0.201587;1.167224,0.01601832;-0.1495041;1.163838,0.1623205;-0.1359649;1.375908,0.05647489;-0.00613791;1.522535,0.2130379;0.01945855;1.542476,0.2045883;-0.4333767;1.480597,2
11663,0.01165393;-0.3918323;1.327197,0.009945566;-0.3353641;1.328707,0.1504391;-0.1316761;1.382481,0.05742222;-0.003767906;1.523159,0.2126337;0.01940269;1.542292,0.2044045;-0.432942;1.480644,2
11695,0.01104211;-0.3877859;1.345294,0.01212615;-0.3412645;1.363281,0.1477076;-0.1302467;1.385658,0.05781686;-0.003484057;1.52287,0.2126321;0.01935937;1.542445,0.2043673;-0.4327889;1.480798,2
11729,0.01190252;-0.3931911;1.329688,0.008988849;-0.3354637;1.333595,0.14666;-0.1299705;1.387695,0.05813564;-0.003596509;1.522908,0.2126067;0.01936395;1.542683,0.2043376;-0.4327375;1.480926,2
11761,0.01150437;-0.3944598;1.330448,0.008683883;-0.3356468;1.335039,0.1457686;-0.1300543;1.390415,0.05868196;-0.003839509;1.523633,0.2126539;0.01932089;1.543261,0.2045037;-0.4327957;1.481635,2
11795,0.01023941;-0.3931176;1.330579,0.00844738;-0.3358919;1.334985,0.1452994;-0.1302586;1.39085,0.05893319;-0.004021064;1.523686,0.2126707;0.01934916;1.543323,0.2045776;-0.432714;1.48167,2
11830,0.009638125;-0.3940277;1.325901,0.008597754;-0.3349599;1.330508,0.1452895;-0.1302599;1.390841,0.05848765;-0.005177412;1.523697,0.2130675;0.01965705;1.543249,0.2045455;-0.4328408;1.481624,2
11864,0.008813713;-0.3936202;1.32908,0.007981925;-0.3357569;1.332196,0.144332;-0.1304803;1.391038,0.05813912;-0.005995175;1.5239,0.2134667;0.01996541;1.543161,0.2045748;-0.4328829;1.481654,2
11895,0.008777305;-0.3938311;1.327436,0.009195682;-0.3379736;1.331492,0.1428826;-0.1310355;1.390557,0.05783414;-0.006364865;1.523839,0.2136905;0.02013552;1.543038,0.2044329;-0.4329854;1.481734,2
11928,0.009179372;-0.3911698;1.325387,0.007970958;-0.3386808;1.330734,0.1409198;-0.1308654;1.388027,0.05766616;-0.006736164;1.523919,0.2141972;0.0203514;1.542266,0.2043858;-0.4333095;1.480334,2
11962,0.008030793;-0.3941774;1.32324,0.005480852;-0.3403421;1.330032,0.1363411;-0.1308646;1.385645,0.05747734;-0.007075145;1.524244,0.2144924;0.02042768;1.542108,0.2043556;-0.4335899;1.479972,2
11995,0.001874719;-0.3975499;1.320957,0.0006113549;-0.3430942;1.3261,0.1287243;-0.1323103;1.383227,0.05725409;-0.007321546;1.525104,0.2147754;0.02054723;1.542145,0.2042732;-0.4336929;1.480022,2
12031,-0.004325587;-0.4000598;1.317566,-0.00731046;-0.350103;1.326784,0.1118582;-0.1335736;1.380573,0.05706734;-0.007448896;1.525557,0.2150797;0.02060609;1.542162,0.2039546;-0.4340498;1.479944,2
12063,-0.01255011;-0.4038546;1.315989,-0.01543682;-0.3571865;1.327039,0.09338929;-0.1348163;1.377644,0.05666101;-0.007606308;1.527207,0.2153269;0.02059759;1.54229,0.2034018;-0.4346914;1.480097,2
12097,-0.02059976;-0.4053594;1.311136,-0.02253542;-0.3594235;1.320368,0.07388618;-0.1325314;1.376479,0.0562994;-0.007105609;1.528838,0.2155232;0.02054226;1.542268,0.2028149;-0.4353939;1.479521,2
12130,-0.02734458;-0.4100837;1.314984,-0.03048614;-0.3649453;1.323767,0.04360192;-0.130612;1.383098,0.05583809;-0.005204254;1.534207,0.2158682;0.02043103;1.542608,0.2024105;-0.4358834;1.479823,2
12162,-0.2543397;-0.1998086;1.29817,-0.204037;-0.2123242;1.341831,0.02604617;-0.1192666;1.3913,0.0587529;0.01520336;1.559071,0.216524;0.01939147;1.544317,0.1996864;-0.4357368;1.48063,2
12195,-0.2559168;-0.1994703;1.295323,-0.2067147;-0.2125095;1.341477,-0.001630697;-0.1090451;1.398201,0.05886805;0.0182126;1.563743,0.2175352;0.01883608;1.546993,0.1979343;-0.4353297;1.48141,2
12229,-0.2557207;-0.2011381;1.293099,-0.2067882;-0.2123943;1.342177,-0.02752544;-0.1005114;1.402591,0.05935583;0.02060342;1.566197,0.2183397;0.01868827;1.54753,0.1973189;-0.4348989;1.481567,2
12264,-0.2605405;-0.1997231;1.299959,-0.2207848;-0.2106528;1.350682,-0.04143894;-0.09646086;1.40951,0.05966308;0.01891067;1.566768,0.2196276;0.01850518;1.549435,0.1966451;-0.4348803;1.482162,2
12295,-0.2568997;-0.2006325;1.298636,-0.2167116;-0.2135307;1.346707,-0.0589051;-0.09089275;1.418493,0.06015829;0.01790613;1.568145,0.2203257;0.01840265;1.55025,0.1964309;-0.4347712;1.482125,2
12329,-0.2554449;-0.2004652;1.289678,-0.2144003;-0.2135959;1.344691,-0.06752156;-0.08664905;1.420779,0.06054737;0.01699347;1.567885,0.2206401;0.01825426;1.549747,0.1951627;-0.4335832;1.480671,2
12361,-0.2400753;-0.226706;1.231398,-0.2183299;-0.2147059;1.347683,-0.08625079;-0.08115917;1.44023,0.06124349;0.01565866;1.571561,0.2212196;0.01844673;1.550745,0.1942941;-0.4332753;1.481309,2
12395,-0.2572975;-0.19987;1.294046,-0.2200885;-0.21532;1.349334,-0.08852381;-0.08065191;1.442462,0.06016109;0.01316673;1.569256,0.2212682;0.01888613;1.54989,0.1941108;-0.4331805;1.480804,2
12429,-0.3837633;-0.1886859;0.6933305,-0.227417;-0.216994;1.358219,-0.09294873;-0.08109098;1.450173,0.05931606;0.01139521;1.567992,0.221263;0.01910364;1.549596,0.1938974;-0.4331596;1.480561,2
12466,-0.25691;-0.2015225;1.293826,-0.2174229;-0.2143507;1.353526,-0.1000014;-0.08366051;1.46361,0.0580865;0.01109024;1.575183,0.2212608;0.01900576;1.550032,0.1935413;-0.4323639;1.480753,2
12498,-0.2996856;-0.187268;1.208256,-0.266421;-0.1647302;1.286852,-0.1023852;-0.08688498;1.468474,0.05687293;0.009313937;1.572991,0.2210596;0.01925503;1.549377,0.1934679;-0.4322425;1.480402,2
12531,-0.301829;-0.1858531;1.207403,-0.2708184;-0.1629358;1.298214,-0.1149588;-0.1016115;1.493222,0.05445616;0.007821844;1.579781,0.2208295;0.01909518;1.549777,0.1928569;-0.431758;1.480692,2
12564,-0.2864394;-0.1890946;1.23707,-0.2586506;-0.1518807;1.315037,-0.1305628;-0.1248943;1.536854,0.05326222;0.006281286;1.583064,0.2205396;0.01881677;1.550494,0.1922868;-0.4314342;1.481176,2
12595,-0.2957567;-0.1858014;1.228898,-0.272384;-0.1602969;1.322955,-0.1254455;-0.1248073;1.531147,0.05116013;0.003785025;1.585862,0.2201574;0.01847914;1.551234,0.1921467;-0.4312969;1.481293,2
12629,-0.2486093;-0.2087346;1.273779,-0.2037476;-0.2156453;1.342454,-0.1216718;-0.128506;1.533758,0.05081327;0.002657379;1.582192,0.219909;0.01882434;1.550902,0.1921923;-0.4312808;1.481392,2
12663,-0.2498511;-0.2061633;1.27575,-0.2037474;-0.2156705;1.342534,-0.1158469;-0.1378228;1.543956,0.05046824;0.002211604;1.582819,0.219581;0.01906388;1.550601,0.1920527;-0.4312639;1.481795,2
12700,0.02271902;-0.1629078;1.348851,-0.01112176;-0.1831038;1.389851,-0.1038504;-0.1480217;1.555274,0.04675252;-0.001670432;1.599728,0.2194685;0.01921985;1.550524,0.1921368;-0.431248;1.482498,2
12730,0.03480883;-0.1930888;1.321157,0.00511568;-0.2039766;1.368106,-0.08498969;-0.159162;1.561917,0.04709956;-0.001629766;1.598471,0.2193608;0.01939644;1.550362,0.192114;-0.431249;1.482688,2
12761,0.02333377;-0.2213416;1.332188,-0.001719728;-0.2148906;1.385357,-0.067253;-0.1746888;1.57184,0.04762389;-0.002654024;1.599743,0.2193272;0.01945452;1.550318,0.192927;-0.4314116;1.482731,2
12795,0.01932095;-0.2521798;1.326359,-0.00432322;-0.2406372;1.380594,-0.05971199;-0.1839023;1.571905,0.04822402;-0.005987319;1.590006,0.2192299;0.0195586;1.54948,0.1928575;-0.4321891;1.479898,2
12828,0.05418926;-0.3281397;1.326177,-0.01206237;-0.2937837;1.41983,-0.04606773;-0.1977894;1.582976,0.04824087;-0.007798296;1.588262,0.2195288;0.01867934;1.550902,0.192995;-0.4324861;1.479796,2
12862,0.04092329;-0.3628466;1.316714,-0.0213809;-0.365875;1.385222,-0.03689471;-0.2152784;1.5846,0.04830978;-0.009532416;1.586172,0.2194675;0.01871193;1.550329,0.1935079;-0.4330649;1.479514,2
12899,0.03976021;-0.3887956;1.302836,-0.01359451;-0.3657851;1.382459,-0.03247157;-0.2255418;1.585502,0.04850043;-0.01151893;1.584345,0.2194351;0.01871451;1.550075,0.1935113;-0.4344984;1.479668,2
12929,0.041804;-0.3874919;1.300572,-0.008022492;-0.3653482;1.376481,-0.02915475;-0.2313738;1.581269,0.04881841;-0.01349884;1.581243,0.2190734;0.01862405;1.548392,0.1929935;-0.4355166;1.478167,2
12961,0.04815213;-0.3766409;1.302622,0.01014795;-0.3413581;1.375015,-0.02740134;-0.2335494;1.57869,0.04884544;-0.01396086;1.580206,0.2188569;0.01851466;1.547367,0.1931522;-0.4365205;1.47688,2
12997,0.05060386;-0.3813438;1.303181,0.009473002;-0.3504395;1.367723,-0.02702026;-0.234037;1.579037,0.04881019;-0.01420834;1.580012,0.2188522;0.018518;1.547363,0.1939824;-0.4369013;1.477469,2
13029,0.04442639;-0.3751444;1.295353,0.008262601;-0.3541312;1.365004,-0.02714059;-0.2339007;1.578251,0.04870465;-0.0143885;1.579613,0.2187502;0.01849246;1.547015,0.1951244;-0.4372728;1.476726,2
13064,0.053923;-0.3830932;1.305668,0.005768443;-0.3577811;1.370875,-0.02743344;-0.2336881;1.578375,0.04865064;-0.01451179;1.579537,0.2187487;0.01849455;1.547015,0.1961665;-0.4378885;1.477551,2
13097,0.05003802;-0.3781482;1.310719,0.005259781;-0.3585208;1.37139,-0.02818341;-0.2329699;1.578141,0.04855842;-0.01480273;1.579023,0.2187241;0.01849814;1.546977,0.1962873;-0.4381263;1.477684,2
13131,0.05042454;-0.3758428;1.313059,0.004790584;-0.3589556;1.37208,-0.0298708;-0.2322198;1.577277,0.0484758;-0.01502693;1.578749,0.2186991;0.01850813;1.546906,0.1964275;-0.4383982;1.477691,2
13161,0.04939607;-0.3758909;1.311399,0.004730108;-0.3590635;1.372156,-0.03176164;-0.2317583;1.576366,0.04839864;-0.0152043;1.578685,0.2186743;0.01851716;1.546821,0.1964726;-0.4384256;1.477606,2
13198,0.04960674;-0.3739289;1.31012,0.004678143;-0.3591322;1.372005,-0.03299446;-0.2310332;1.575347,0.04827861;-0.01554024;1.578131,0.2186292;0.01849362;1.546561,0.1966775;-0.4386535;1.477076,2
13230,0.05025806;-0.3774458;1.311231,0.00451393;-0.3594295;1.372226,-0.03306225;-0.2310194;1.57528,0.04820595;-0.01575392;1.577787,0.2186126;0.01849747;1.546513,0.1968272;-0.4387518;1.477082,2
13264,0.05034284;-0.3792611;1.312588,0.004435846;-0.3599258;1.373099,-0.03322158;-0.2312132;1.575722,0.04813813;-0.01588066;1.577757,0.2186101;0.01849588;1.546508,0.1969758;-0.4389875;1.477259,2
13296,0.04927306;-0.3831013;1.294797,0.005298539;-0.3608692;1.370683,-0.03315825;-0.2315114;1.575725,0.04807848;-0.01596338;1.577683,0.2186122;0.01849916;1.546472,0.1983135;-0.4392854;1.476838,2
13332,0.05010311;-0.3831947;1.295018,0.005844003;-0.3614272;1.369521,-0.03311301;-0.2315433;1.575817,0.04803234;-0.01621205;1.577388,0.218585;0.01848503;1.546423,0.1982917;-0.4393534;1.476837,2
13364,0.05043282;-0.3827628;1.294356,0.006073927;-0.361754;1.368954,-0.03302598;-0.2316926;1.576028,0.04799803;-0.01628806;1.577422,0.2185677;0.01848421;1.546386,0.1986063;-0.4393012;1.47692,2
13396,0.05008452;-0.3832818;1.295087,0.005808053;-0.3619876;1.369857,-0.03293464;-0.2319321;1.57636,0.04795512;-0.01635688;1.577414,0.2185712;0.01847474;1.546344,0.1991164;-0.4394432;1.476861,2
13428,0.04991951;-0.3827026;1.294127,0.0056338;-0.361789;1.371023,-0.03301587;-0.2322036;1.576388,0.04601045;-0.02399288;1.578026,0.2185631;0.01848244;1.546208,0.1998423;-0.4398076;1.4764,2
13463,0.04962029;-0.3841388;1.294333,0.005056656;-0.3619982;1.371984,-0.03303494;-0.2323089;1.576453,0.04605662;-0.02338459;1.57777,0.2185502;0.01846861;1.546145,0.200146;-0.439863;1.476354,2
13497,0.04972418;-0.3844737;1.290421,0.004951274;-0.3619119;1.372068,-0.03313849;-0.2326087;1.575954,0.04609804;-0.02275856;1.577276,0.2185192;0.01847104;1.545947,0.2006245;-0.439795;1.475684,2
13530,0.04956358;-0.383758;1.299128,0.004970137;-0.3620222;1.372646,-0.03318185;-0.2329101;1.576652,0.04426714;-0.02664417;1.580334,0.2182343;0.01713161;1.547887,0.2013206;-0.440044;1.476367,2
