Time_Stamp,SpineShoulder,ShoulderRight,ElbowRight,WristRight,HandRight,SpineBase,TrimmingId
0,-0.113633;-0.09322231;1.456118,0.04723638;-0.1225326;1.429652,-0.0539552;-0.3265684;1.285021,-0.1806595;-0.4646633;1.178249,-0.2183367;-0.5066258;1.148989,-0.07539116;-0.5360872;1.379345,0
35,-0.1135916;-0.09315459;1.45638,0.04728581;-0.1224741;1.430109,-0.05455489;-0.3267997;1.28497,-0.1805677;-0.4652376;1.177866,-0.2190318;-0.5088958;1.149429,-0.07539046;-0.5360956;1.379478,0
65,-0.1135681;-0.09313206;1.456438,0.04732575;-0.1224367;1.430229,-0.05486156;-0.3270347;1.284636,-0.21248;-0.4356486;1.185472,-0.2423209;-0.4810809;1.152103,-0.07529409;-0.5360634;1.379628,0
99,-0.1135073;-0.09311659;1.456414,0.04732512;-0.1224417;1.430218,-0.05521971;-0.3270731;1.284222,-0.1742336;-0.4665303;1.170229,-0.2124467;-0.5126814;1.143439,-0.07527266;-0.5360579;1.379573,0
183,-0.1134956;-0.09310499;1.456617,0.04730753;-0.1225032;1.430183,-0.05158246;-0.3248776;1.287833,-0.209434;-0.4328517;1.188369,-0.2371538;-0.4881791;1.16132,-0.07525166;-0.5360385;1.379608,0
199,-0.1133808;-0.09308017;1.456423,0.04734371;-0.1225035;1.430042,-0.05366448;-0.3261813;1.285463,-0.211558;-0.4347323;1.186808,-0.2387196;-0.4884106;1.158006,-0.07537843;-0.5358548;1.379197,0
234,-0.1134251;-0.09303852;1.4569,0.04734762;-0.1225208;1.430086,-0.0540415;-0.3265287;1.285154,-0.2120281;-0.4350221;1.186599,-0.2436358;-0.4812198;1.153677,-0.0753746;-0.5358703;1.37928,0
265,-0.1134097;-0.09302249;1.456902,0.04735288;-0.1225149;1.430126,-0.05451269;-0.3266812;1.284763,-0.212452;-0.4353404;1.186401,-0.2391796;-0.4901444;1.157544,-0.07533671;-0.5358456;1.379341,0
298,-0.1133039;-0.09304854;1.457208,0.0473522;-0.1225689;1.430351,-0.05475227;-0.3270822;1.284744,-0.2127152;-0.4355952;1.186314,-0.244475;-0.4821354;1.155107,-0.07524035;-0.5358891;1.37968,0
333,-0.1132999;-0.0930456;1.457452,0.04738704;-0.1225769;1.430445,-0.05508196;-0.3274304;1.28463,-0.2132291;-0.4358304;1.186455,-0.2392402;-0.4910643;1.158973,-0.07515369;-0.5358866;1.379957,0
365,-0.1132311;-0.09300062;1.457281,0.04739908;-0.1226568;1.430139,-0.0556752;-0.3278771;1.283499,-0.1840685;-0.4616003;1.173337,-0.2224457;-0.5050744;1.144878,-0.07524886;-0.5356687;1.379596,0
399,-0.1132552;-0.09299474;1.457875,0.04751405;-0.1226859;1.430701,-0.05624172;-0.3284381;1.283898,-0.184475;-0.4627298;1.174356,-0.2229793;-0.5077482;1.150972,-0.07520578;-0.5357865;1.3804,0
435,-0.1132343;-0.0929973;1.457876,0.04750735;-0.1226909;1.430699,-0.0564053;-0.3285426;1.283879,-0.1845214;-0.4628986;1.174325,-0.2220631;-0.5064847;1.147806,-0.075246;-0.5357644;1.380424,0
465,-0.1132662;-0.09297213;1.45795,0.04750791;-0.1226767;1.430715,-0.05679354;-0.3287931;1.283756,-0.2177944;-0.4359387;1.189477,-0.2429664;-0.4904941;1.160331,-0.07523491;-0.5357407;1.380479,0
499,-0.1132455;-0.09296485;1.457926,0.04750643;-0.1226655;1.430713,-0.05700222;-0.3289575;1.283589,-0.2179534;-0.4360909;1.189259,-0.2430677;-0.4897612;1.159364,-0.07523543;-0.5357413;1.380481,0
533,-0.1132432;-0.09296507;1.457926,0.04750843;-0.1227035;1.430674,-0.05710742;-0.3289905;1.283542,-0.2176835;-0.436186;1.188642,-0.242969;-0.4904525;1.15834,-0.07522824;-0.5357391;1.380499,0
565,-0.1132597;-0.09294626;1.457743,0.04746972;-0.1227478;1.430475,-0.05727223;-0.3290578;1.283328,-0.2178205;-0.4362539;1.188432,-0.2425722;-0.4890296;1.157245,-0.07522853;-0.5356965;1.380367,0
599,-0.1132796;-0.09298618;1.457839,0.04746722;-0.1227579;1.430555,-0.05742775;-0.3290475;1.283401,-0.1872815;-0.4677807;1.182715,-0.2240769;-0.5071634;1.151154,-0.07521684;-0.5357347;1.380522,0
632,-0.1132792;-0.09300943;1.457645,0.04742448;-0.1227338;1.430066,-0.05792023;-0.329164;1.282635,-0.2207938;-0.4342292;1.189564,-0.2457722;-0.4766744;1.15214,-0.07520711;-0.5357408;1.380211,0
671,-0.1132785;-0.09301482;1.457635,0.04741864;-0.1227285;1.430058,-0.05805862;-0.3292849;1.282693,-0.2207528;-0.4343875;1.18938,-0.245974;-0.4780155;1.155312,-0.07520728;-0.5357419;1.380213,0
698,-0.1132561;-0.09303603;1.457744,0.04737326;-0.1226272;1.430132,-0.05843045;-0.329427;1.282773,-0.2209263;-0.4347503;1.189417,-0.2446481;-0.4898014;1.161584,-0.07512155;-0.5357548;1.380502,0
732,-0.1132619;-0.09304261;1.457747,0.04726388;-0.1226837;1.42997,-0.05880801;-0.3295122;1.282672,-0.1865032;-0.4666233;1.176842,-0.2237211;-0.508449;1.147647,-0.07511724;-0.5357618;1.380526,0
765,-0.1132759;-0.09303422;1.457732,0.04715859;-0.1227659;1.429716,-0.0591621;-0.3296861;1.282485,-0.2205388;-0.4357306;1.188022,-0.2457311;-0.4784224;1.154084,-0.07517669;-0.5356697;1.380555,0
798,-0.113284;-0.09303927;1.457753,0.04708391;-0.1227658;1.42951,-0.05969577;-0.3296824;1.282176,-0.1866908;-0.4631213;1.170516,-0.2243897;-0.5082994;1.145453,-0.07531954;-0.5355233;1.380571,0
837,-0.1132549;-0.09303351;1.457603,0.04694777;-0.1227929;1.428572,-0.06077749;-0.3294704;1.281264,-0.2191485;-0.4338266;1.179502,-0.2458497;-0.4885377;1.152143,-0.07554831;-0.5353108;1.380446,0
865,-0.1132279;-0.09305271;1.457725,0.04691264;-0.1227891;1.428488,-0.0594013;-0.3229357;1.283622,-0.1859968;-0.4541885;1.168649,-0.2272519;-0.5023373;1.148017,-0.0756443;-0.535091;1.380864,0
899,-0.1132323;-0.09305717;1.457728,0.04690104;-0.1227265;1.428315,-0.05881114;-0.3190577;1.283644,-0.216979;-0.4228567;1.180791,-0.2438688;-0.4809743;1.151184,-0.07632971;-0.5346444;1.380946,0
933,-0.1132361;-0.09304608;1.457667,0.04679161;-0.1225211;1.427147,-0.05768736;-0.3140194;1.283672,-0.1749286;-0.4471683;1.160554,-0.2235673;-0.4979816;1.138528,-0.07668851;-0.5344001;1.380841,0
965,-0.1132917;-0.09298849;1.45711,0.04661479;-0.122542;1.424134,-0.05765856;-0.3117132;1.282588,-0.1774919;-0.4439981;1.161095,-0.2249001;-0.4914428;1.1373,-0.07730473;-0.5340298;1.380566,0
998,-0.1133036;-0.09297152;1.457085,0.04652386;-0.1223866;1.423317,-0.05775746;-0.3090076;1.282404,-0.2105817;-0.4041827;1.162804,-0.2508496;-0.449669;1.127124,-0.07801502;-0.533723;1.380582,0
1032,-0.113355;-0.09295979;1.456941,0.04629524;-0.122227;1.422175,-0.0579388;-0.3074861;1.282467,-0.2101272;-0.4040167;1.163155,-0.257423;-0.4491081;1.122533,-0.07840793;-0.533636;1.380648,0
1066,-0.1133585;-0.09295397;1.456863,0.04597032;-0.1222369;1.42107,-0.05856741;-0.3062094;1.28285,-0.2096947;-0.4038418;1.163053,-0.2623431;-0.4477737;1.116933,-0.0785265;-0.5335406;1.381083,0
1101,-0.1133428;-0.09292421;1.456794,0.04573645;-0.1222278;1.420275,-0.05943397;-0.3049757;1.283353,-0.211656;-0.4023641;1.164832,-0.2512115;-0.4653762;1.131605,-0.07861064;-0.5334334;1.381642,0
1132,-0.1133908;-0.09282127;1.456605,0.04510157;-0.1224577;1.418766,-0.06000678;-0.303313;1.284652,-0.2474929;-0.4319966;1.117934,-0.2816322;-0.4845647;1.101102,-0.07938207;-0.5332798;1.381908,0
1165,-0.1133133;-0.09277033;1.456225,0.04439849;-0.1229833;1.416713,-0.06188817;-0.3043179;1.28506,-0.2532726;-0.4331731;1.106597,-0.28544;-0.4807427;1.092052,-0.07942853;-0.5333389;1.382057,0
1198,-0.1133398;-0.09269768;1.455567,0.04394873;-0.1232386;1.415138,-0.0709472;-0.3113956;1.280508,-0.215127;-0.4210141;1.162961,-0.246683;-0.4809288;1.12614,-0.07948907;-0.5333234;1.38213,0
1232,-0.1134692;-0.09260943;1.454776,0.04338873;-0.123709;1.413021,-0.07087657;-0.3109545;1.281348,-0.1944702;-0.4285696;1.148148,-0.2499862;-0.4634557;1.114141,-0.07973634;-0.5334066;1.382062,0
1265,-0.1134774;-0.09261388;1.454772,0.04324319;-0.1238394;1.412787,-0.07355811;-0.3138925;1.281986,-0.195335;-0.4314491;1.14698,-0.2529652;-0.4704527;1.11825,-0.07977208;-0.5335802;1.382807,0
1299,-0.1135947;-0.09292389;1.454665,0.04307999;-0.1240827;1.412274,-0.07547694;-0.316854;1.282153,-0.1966438;-0.4343239;1.146518,-0.2539639;-0.4755925;1.120228,-0.07990629;-0.5337541;1.383208,0
1334,-0.113717;-0.09299122;1.453662,0.04237559;-0.1244479;1.410115,-0.07657696;-0.3184959;1.281859,-0.1972172;-0.4356451;1.145418,-0.2509043;-0.4833674;1.121191,-0.0801676;-0.5338486;1.38304,0
1365,-0.1138047;-0.09304726;1.453313,0.04171182;-0.1246569;1.40841,-0.07730892;-0.3198905;1.281647,-0.1979238;-0.4380981;1.14615,-0.2472891;-0.491485;1.123561,-0.08022848;-0.5339267;1.38304,0
1398,-0.1138862;-0.09326123;1.453322,0.0415302;-0.1245827;1.408324,-0.0776547;-0.3210323;1.282475,-0.1978938;-0.4425397;1.14977,-0.2437936;-0.4965816;1.129039,-0.08049625;-0.5339881;1.383387,0
1432,-0.1139636;-0.0932477;1.453229,0.04120945;-0.1245175;1.407723,-0.07795218;-0.3217328;1.282248,-0.1984227;-0.4429515;1.149456,-0.2419707;-0.4969983;1.1257,-0.08058634;-0.5340073;1.383426,0
1465,-0.1139938;-0.09319943;1.452042,0.04031252;-0.1243586;1.404994,-0.07554621;-0.3194769;1.282864,-0.1964841;-0.4428504;1.152632,-0.2381526;-0.4957407;1.124178,-0.08087365;-0.5339724;1.382806,0
1499,-0.1139554;-0.09312093;1.451233,0.03993972;-0.1241748;1.40402,-0.07632619;-0.3207147;1.281691,-0.1975034;-0.4441776;1.151772,-0.2384308;-0.4962436;1.124861,-0.08091631;-0.5339817;1.382579,0
1535,-0.1139738;-0.09307493;1.451236,0.03989436;-0.1240795;1.404027,-0.07691902;-0.3218613;1.281525,-0.1973581;-0.4454804;1.151018,-0.2397656;-0.4981225;1.126994,-0.08092479;-0.5339772;1.382591,0
1567,-0.1139653;-0.09302429;1.451163,0.0398738;-0.1240145;1.40407,-0.07711663;-0.3226897;1.281281,-0.1972171;-0.4461696;1.150276,-0.2392178;-0.4969952;1.126157,-0.08092394;-0.5339699;1.382591,0
1598,-0.113983;-0.09300672;1.451104,0.03987539;-0.1240356;1.404155,-0.07728374;-0.3234589;1.280802,-0.1981783;-0.4466471;1.150253,-0.2405984;-0.4920888;1.128,-0.08093258;-0.5339775;1.382591,0
1632,-0.1140031;-0.09300341;1.451108,0.03994097;-0.1240085;1.404467,-0.07685394;-0.3243343;1.280505,-0.2301482;-0.4332746;1.175212,-0.2523468;-0.4843639;1.137297,-0.08102068;-0.5340731;1.38262,0
1665,-0.1140434;-0.09300247;1.451129,0.04066702;-0.123854;1.406044,-0.07450602;-0.3257138;1.281473,-0.2291846;-0.4328695;1.176348,-0.2564345;-0.476616;1.152251,-0.08084954;-0.5342327;1.383105,0
1698,-0.114133;-0.09299572;1.451231,0.04193966;-0.1231193;1.409104,-0.03370424;-0.3035089;1.310526,-0.1858019;-0.400311;1.190795,-0.2380002;-0.3991915;1.170788,-0.0816841;-0.5343635;1.384465,0
1734,-0.1143516;-0.09307577;1.451334,0.0425778;-0.1230583;1.410165,-0.03390819;-0.3027112;1.310786,-0.2096546;-0.3620555;1.199301,-0.2699817;-0.3692535;1.164747,-0.08314015;-0.5353887;1.385037,0
1766,-0.1144843;-0.09314609;1.451449,0.04347769;-0.1230542;1.411846,-0.04693948;-0.3165206;1.305493,-0.2377717;-0.3301269;1.197009,-0.2989125;-0.318459;1.163214,-0.08428684;-0.5362509;1.386333,0
1798,-0.1144792;-0.09316989;1.451492,0.04410453;-0.1223506;1.416298,-0.0470926;-0.3157933;1.30679,-0.2827893;-0.2798152;1.207493,-0.3281682;-0.2565995;1.172355,-0.08369672;-0.5356101;1.388142,0
1832,-0.1143967;-0.09324837;1.451562,0.04428662;-0.1224337;1.416399,-0.04968602;-0.3107206;1.306606,-0.2415853;-0.248509;1.22912,-0.3004436;-0.2188234;1.212677,-0.07822086;-0.5345975;1.393903,0
1865,-0.114351;-0.09327518;1.451562,0.04447403;-0.1222323;1.417636,-0.04915411;-0.3099378;1.307118,-0.2606816;-0.1869622;1.246911,-0.3069879;-0.1581527;1.236812,-0.07634889;-0.5336111;1.397244,0
1898,-0.1142874;-0.09343822;1.452625,0.04461277;-0.1219168;1.419459,-0.04877035;-0.3012055;1.309234,-0.2774595;-0.1266528;1.274332,-0.3071891;-0.1039883;1.272761,-0.07475236;-0.5334725;1.400462,0
1934,-0.114083;-0.09349489;1.453402,0.04475264;-0.1214696;1.420852,-0.04646007;-0.2964486;1.310514,-0.2616577;-0.1035813;1.296396,-0.2890393;-0.07460897;1.309485,-0.07434499;-0.5336434;1.401936,0
1968,-0.1137384;-0.09349868;1.454478,0.04494669;-0.1209247;1.422455,-0.04616529;-0.2949179;1.310984,-0.2622139;-0.1030338;1.296555,-0.282514;-0.06316294;1.343962,-0.07396755;-0.5336977;1.403214,0
2001,-0.1134424;-0.09327815;1.455134,0.04502134;-0.1206895;1.423128,-0.04587183;-0.2923012;1.311036,-0.2630142;-0.1016877;1.296511,-0.2827974;-0.06808294;1.374434,-0.07360931;-0.5333387;1.404445,0
2035,-0.1128207;-0.09282481;1.455803,0.04507186;-0.1204589;1.423577,-0.04578811;-0.2897493;1.310859,-0.2637402;-0.1000887;1.2963,-0.2921547;-0.09608961;1.399779,-0.07325761;-0.5327784;1.405431,0
2066,-0.1121808;-0.09254762;1.456911,0.04507987;-0.1202436;1.424114,-0.02805481;-0.2976606;1.317645,-0.2334996;-0.0942276;1.313576,-0.2634113;-0.07272732;1.40852,-0.07256291;-0.5322623;1.406771,0
2098,-0.1116354;-0.09240959;1.457504,0.04516774;-0.1200374;1.424558,-0.04307926;-0.287852;1.313427,-0.2559411;-0.09236825;1.304374,-0.2829327;-0.08914807;1.408608,-0.07215123;-0.5319334;1.407286,0
2134,-0.1109609;-0.09187171;1.457908,0.04526209;-0.1199242;1.424838,-0.04368777;-0.2869518;1.313002,-0.2576488;-0.09269381;1.303092,-0.2814276;-0.08240233;1.406862,-0.07189583;-0.5316684;1.407421,0
2166,-0.1102434;-0.09157905;1.458702,0.04543711;-0.1198052;1.425321,-0.04368891;-0.2863697;1.312869,-0.2584539;-0.09301645;1.302345,-0.2899043;-0.09784371;1.405838,-0.07157447;-0.5314655;1.407768,0
2201,-0.1095524;-0.09119028;1.459719,0.04570321;-0.1196897;1.426252,-0.0438439;-0.2861292;1.313965,-0.2600039;-0.09437361;1.302323,-0.2906981;-0.1002455;1.405633,-0.0714341;-0.5313901;1.408081,0
2233,-0.1090509;-0.09080514;1.460314,0.04601286;-0.1194985;1.426985,0.003590323;-0.3495308;1.362734,-0.1118808;-0.1952396;1.261315,-0.1468653;-0.1700715;1.352357,-0.07103208;-0.5311713;1.40851,0
2266,-0.1084741;-0.09042668;1.461163,0.04627941;-0.1193339;1.427757,0.003585827;-0.3495283;1.362734,-0.1118416;-0.1952323;1.26127,-0.144713;-0.1699693;1.35165,-0.07091655;-0.5309847;1.408921,0
2298,-0.1083086;-0.09018245;1.461859,0.04658149;-0.1191635;1.428585,-0.01985375;-0.2992293;1.322232,-0.1037514;-0.1114174;1.253237,-0.1317926;-0.04944422;1.23329,-0.07080589;-0.5308282;1.40915,0
2334,-0.1081241;-0.08996775;1.462038,0.04691312;-0.1188596;1.42937,-0.01954541;-0.2982418;1.321734,-0.1038921;-0.1106764;1.252614,-0.1320825;-0.04878339;1.232626,-0.07066371;-0.5305443;1.409244,0
2367,-0.1077097;-0.08952836;1.462663,0.04719337;-0.1185906;1.430293,-0.01975689;-0.2963624;1.32002,-0.1053143;-0.1096033;1.250161,-0.1339095;-0.0479755;1.229926,-0.07046463;-0.5304396;1.409433,0
2400,-0.1074887;-0.0892149;1.462895,0.04741957;-0.1182139;1.430927,-0.01718269;-0.2944552;1.316431,-0.1035017;-0.1076919;1.247603,-0.1323446;-0.04606083;1.227712,-0.07041345;-0.5301915;1.409632,0
2433,-0.1074383;-0.08917095;1.462944,0.04775499;-0.1168581;1.432288,-0.01644536;-0.2840679;1.303467,-0.1046292;-0.0974414;1.236901,-0.1340916;-0.03584095;1.217764,-0.0708999;-0.5302578;1.408796,0
2465,-0.1081002;-0.08946051;1.462617,0.0481506;-0.1156064;1.432899,-0.007933433;-0.2728997;1.287521,-0.1600419;-0.1348175;1.337474,-0.1978396;-0.1015855;1.378533,-0.07128356;-0.5303149;1.407441,0
2499,-0.1088308;-0.08971109;1.462497,0.04826787;-0.1143597;1.432992,0.01600117;-0.2637723;1.271932,-0.1452993;-0.1475069;1.340552,-0.2039853;-0.09035595;1.389113,-0.07153616;-0.5305139;1.406599,0
2534,-0.1098334;-0.09052451;1.462969,0.04815508;-0.109639;1.434679,0.0432495;-0.2478849;1.260344,-0.1284616;-0.1584836;1.340606,-0.1907273;-0.106336;1.384859,-0.07159042;-0.5306432;1.406637,0
2567,-0.1102797;-0.09237435;1.46604,0.04771911;-0.1036825;1.43722,0.09032845;-0.2190174;1.251235,-0.09402219;-0.158167;1.330449,-0.1617226;-0.1172147;1.375715,-0.07156831;-0.530992;1.407161,0
2600,-0.1110585;-0.09282211;1.466854,0.04517884;-0.08243554;1.444,0.1158758;-0.1823209;1.257553,-0.07925217;-0.1406935;1.324228,-0.1524145;-0.1156778;1.36779,-0.07148869;-0.530779;1.407147,0
2633,-0.1119595;-0.09300947;1.466609,0.04365965;-0.08062837;1.444014,0.1540228;-0.1463522;1.261826,-0.04373394;-0.1074246;1.323808,-0.1091991;-0.1163761;1.365582,-0.07038888;-0.529534;1.407988,0
2667,-0.1131385;-0.09280196;1.466465,0.0404979;-0.07736095;1.446521,0.176832;-0.1119706;1.273935,-0.03013326;-0.1086228;1.318682,-0.0955748;-0.1231906;1.359706,-0.06895449;-0.5278989;1.409123,0
2699,-0.1146939;-0.09268305;1.466735,0.03050268;-0.06830228;1.451228,0.1921791;-0.05376809;1.299836,-0.01854433;-0.06825835;1.325407,-0.07924186;-0.09999144;1.359856,-0.06870518;-0.5270566;1.408998,0
2734,-0.1161666;-0.09200948;1.466286,0.02829739;-0.06633711;1.452667,0.2002655;-0.01526833;1.323419,0.02879268;-0.1376576;1.350128,-0.04423994;-0.1608056;1.385791,-0.06877917;-0.5260216;1.40896,0
2767,-0.117817;-0.09070979;1.465875,0.02743443;-0.06352276;1.455361,0.2006114;0.02837508;1.356162,0.04285334;-0.1158362;1.354028,-0.03510824;-0.15406;1.377333,-0.06816541;-0.52382;1.408967,0
2801,-0.1237155;-0.08649144;1.468231,0.02750158;-0.05860252;1.460034,0.1990848;0.05693679;1.391057,0.03938384;-0.08504041;1.390982,-0.02560906;-0.1150445;1.389649,-0.06781417;-0.5216761;1.409828,0
2835,-0.1239713;-0.08651059;1.467537,0.02596161;-0.04950998;1.467978,0.1927254;0.07783613;1.411617,0.03099007;-0.05599805;1.442634,-0.02767485;-0.08063513;1.419218,-0.06799486;-0.5197117;1.409622,0
2866,-0.1241416;-0.08641464;1.467034,0.02544391;-0.04249049;1.473008,0.1829058;0.1011444;1.439155,-0.001564847;0.08311961;1.534567,-0.03475771;0.04063181;1.498598,-0.06829137;-0.5182302;1.409706,0
2900,-0.1243583;-0.08635771;1.466501,0.02429527;-0.03719378;1.478466,0.1741444;0.1154762;1.459219,-0.01602995;0.07760054;1.538287,-0.04073976;0.03610214;1.497301,-0.0682973;-0.5166416;1.410126,0
2934,-0.1245834;-0.08641952;1.466165,0.02147879;-0.02857998;1.488179,0.1565192;0.1444505;1.503978,-0.02122624;0.1680967;1.608158,-0.08007515;0.1762751;1.646026,-0.06827332;-0.5147032;1.410974,0
2967,-0.1248713;-0.08654714;1.465667,0.0203623;-0.02656431;1.491083,0.1521136;0.1484181;1.513047,-0.03182539;0.1674541;1.608101,-0.09275315;0.1741038;1.642924,-0.06832284;-0.5134495;1.411054,0
3000,-0.1253216;-0.08682598;1.46455,0.0197398;-0.02563268;1.492736,0.1454886;0.1544406;1.526863,-0.05143842;0.1537388;1.597966,-0.1167227;0.1538239;1.624799,-0.06827999;-0.5124208;1.410589,0
3034,-0.1256328;-0.08700696;1.464447,0.01901012;-0.02405835;1.496947,0.1402752;0.1594741;1.547035,0.06825401;-0.001734845;1.419333,0.02331261;-0.03480875;1.434375,-0.06833653;-0.511893;1.41124,0
3074,-0.1258683;-0.08715919;1.464217,0.01888136;-0.02333437;1.499356,0.1384453;0.1601701;1.553437,0.07451674;0.004276287;1.414867,0.04412972;-0.02206418;1.426735,-0.06828145;-0.5113366;1.411417,0
3100,-0.1259951;-0.08727671;1.464039,0.01870276;-0.02289865;1.501147,0.1370987;0.1593968;1.556668,0.07907702;0.005988732;1.412654,0.05468954;-0.02167216;1.420848,-0.06826394;-0.5109804;1.41151,0
3133,-0.1260294;-0.08730091;1.464041,0.01850734;-0.02247865;1.503376,0.1366432;0.1577704;1.559812,0.08372898;0.00202864;1.41638,0.05656926;-0.02344741;1.423067,-0.06826033;-0.5106656;1.411846,0
3166,-0.1260552;-0.08732354;1.464043,0.01762544;-0.02014206;1.512106,0.1371852;0.1559068;1.562552,0.09647479;-0.004545935;1.420421,0.05696509;-0.02605569;1.421841,-0.06820445;-0.5101438;1.412205,0
3199,-0.1261552;-0.08737674;1.464138,0.01737835;-0.01916814;1.515257,0.1382305;0.1536712;1.563953,0.09593954;-0.005028368;1.420273,0.05690228;-0.02791029;1.423297,-0.06819878;-0.5095691;1.413072,0
3235,-0.126163;-0.08737306;1.464245,0.01730361;-0.01868478;1.517158,0.1401397;0.1513057;1.564586,0.09691386;-0.0060766;1.419704,0.05735303;-0.03068935;1.420051,-0.06793407;-0.5089089;1.413517,0
3268,-0.1261646;-0.08739879;1.46431,0.01751567;-0.01821874;1.518295,0.1435625;0.1484298;1.564868,0.09716858;-0.007428461;1.419295,0.05792688;-0.03251449;1.417187,-0.0676958;-0.5082108;1.413878,0
3301,-0.1261534;-0.08743658;1.464397,0.01775223;-0.01803797;1.51871,0.1487424;0.1448468;1.564413,0.09692371;-0.008590649;1.418068,0.05543253;-0.03449219;1.41498,-0.06769534;-0.5080417;1.413976,0
3335,-0.1280617;-0.08644222;1.467209,0.01816678;-0.01767704;1.519391,0.1526033;0.1413016;1.562858,0.09666047;-0.01062661;1.41645,0.052923;-0.03589189;1.413652,-0.06753562;-0.5075052;1.414317,0
3367,-0.1284219;-0.08617675;1.467303,0.01834297;-0.01760844;1.519427,0.1635672;0.1316132;1.551724,0.08910236;-0.0173813;1.410798,0.04796208;-0.03828648;1.406908,-0.06745337;-0.5071219;1.413879,0
3400,-0.1288342;-0.08547405;1.468404,0.01869444;-0.01748831;1.519659,0.1689601;0.1272885;1.549997,0.09021229;-0.01833686;1.40783,0.04696415;-0.04052519;1.406815,-0.06737974;-0.5069565;1.413981,0
3434,-0.1292553;-0.08526162;1.469141,0.01901014;-0.01750942;1.519645,0.1764747;0.1205195;1.546523,0.08481893;-0.01863096;1.405629,0.04525542;-0.04239164;1.404357,-0.06726019;-0.5068745;1.414072,0
3469,-0.1296213;-0.08497653;1.469747,0.01947851;-0.01746851;1.519677,0.1854654;0.1118078;1.541343,0.07782827;-0.01865176;1.403543,0.04196567;-0.04494582;1.40177,-0.06712104;-0.5067589;1.414211,0
3500,-0.1289306;-0.08513114;1.469753,0.02005318;-0.01761461;1.519872,0.1919954;0.1046414;1.538046,0.07325455;-0.01813395;1.402376,0.03823109;-0.04706171;1.400676,-0.06695959;-0.5067006;1.414764,0
3535,-0.1284125;-0.08527749;1.469598,0.02057835;-0.01779158;1.519882,0.2024131;0.09171917;1.528692,0.06339809;-0.01740263;1.401111,0.01949481;-0.05593137;1.408294,-0.06686081;-0.506672;1.414923,0
3567,-0.1285061;-0.0851338;1.469765,0.02106605;-0.01809108;1.519495,0.209997;0.08037957;1.519967,0.06167118;-0.01921993;1.39519,0.01493951;-0.05928749;1.400627,-0.0665769;-0.5066524;1.414807,0
3598,-0.128429;-0.0848584;1.470334,0.02194323;-0.0189917;1.51855,0.2191336;0.06289414;1.510033,0.009317305;0.02511328;1.51677,-0.03405995;0.001387748;1.486834,-0.06647705;-0.5067117;1.414826,0
3635,-0.1280073;-0.08476253;1.470755,0.02324276;-0.02157804;1.516627,0.2254092;0.04726893;1.497199,0.01452847;0.02071971;1.511232,-0.03125093;0.0008596217;1.487568,-0.06549666;-0.5067487;1.415135,0
3666,-0.1273574;-0.08484993;1.472312,0.02392621;-0.02323651;1.515634,0.2303339;0.02894625;1.483571,0.01928882;0.002218632;1.496424,-0.03651564;-0.008084455;1.486209,-0.0648614;-0.5073909;1.415289,0
3699,-0.126357;-0.08494756;1.47358,0.02480607;-0.02559359;1.513811,0.2325337;0.003889266;1.459419,0.0213761;-0.02156198;1.47326,-0.03561174;-0.02253364;1.482399,-0.06373918;-0.507818;1.415649,0
3735,-0.1258293;-0.08446304;1.474074,0.02545083;-0.02722521;1.511728,0.2326457;-0.0115834;1.448096,0.06591863;-0.1095127;1.349004,-0.004371189;-0.1073769;1.357051,-0.06272528;-0.5081058;1.415537,0
3767,-0.124447;-0.08442283;1.476444,0.02596608;-0.02814251;1.510933,0.2321615;-0.02839509;1.44122,0.05488776;-0.1096165;1.345536,-0.007852411;-0.1085198;1.348896,-0.06146461;-0.5087407;1.416773,0
3799,-0.1230625;-0.08344462;1.477636,0.02681649;-0.02897789;1.509956,0.2293921;-0.04423108;1.430218,0.04801152;-0.1179128;1.336233,-0.01173935;-0.1208641;1.338507,-0.0609732;-0.5090234;1.417225,0
3835,-0.1219564;-0.08290668;1.478822,0.02799571;-0.02973568;1.509915,0.2207294;-0.06268409;1.410577,0.03562802;-0.1371834;1.3256,-0.02277563;-0.1368194;1.331392,-0.06014984;-0.5094681;1.417739,0
3868,-0.1206757;-0.08247933;1.479576,0.0293643;-0.03084306;1.50951,0.2112905;-0.07769369;1.392344,0.02650119;-0.1564295;1.310972,-0.03224221;-0.1527566;1.317523,-0.06002935;-0.5097843;1.417937,0
3899,-0.119229;-0.08328037;1.478004,0.03129982;-0.032593;1.508651,0.2019211;-0.09056734;1.377825,0.02446241;-0.1777945;1.288693,-0.03937316;-0.1715231;1.302213,-0.05970508;-0.5100931;1.417876,0
3934,-0.1163225;-0.08224265;1.479706,0.03937259;-0.03963488;1.505511,0.1861539;-0.1106135;1.355308,0.01414209;-0.2136054;1.27354,-0.05481557;-0.198742;1.287658,-0.0594476;-0.5104433;1.41778,0
3967,-0.1139173;-0.08175629;1.480336,0.04253223;-0.04319258;1.502908,0.1668821;-0.1306105;1.340908,-0.01375417;-0.224025;1.267557,-0.06296658;-0.2223205;1.268325,-0.05937517;-0.510765;1.41751,0
3999,-0.1118801;-0.0813466;1.481156,0.05695985;-0.06124609;1.487823,0.1660014;-0.1577674;1.319843,-0.04063065;-0.2473762;1.280361,-0.09287037;-0.2520601;1.260482,-0.05912276;-0.5114788;1.417171,0
4033,-0.1098366;-0.0807161;1.481543,0.05605711;-0.06062131;1.487595,0.1390072;-0.1800817;1.319434,-0.05351513;-0.2609796;1.2673,-0.1067036;-0.2761809;1.244844,-0.05873482;-0.5116071;1.416504,0
4065,-0.1082748;-0.08034461;1.481941,0.06092753;-0.07371332;1.473279,0.1219301;-0.2103637;1.309094,-0.07173743;-0.2845366;1.25102,-0.1307613;-0.3011526;1.228113,-0.05849632;-0.5123839;1.415602,0
4099,-0.1084741;-0.08170456;1.479392,0.06191402;-0.07817212;1.47089,0.1025224;-0.2286487;1.312946,-0.08504093;-0.3046421;1.237931,-0.1519542;-0.323432;1.212931,-0.0588686;-0.5127974;1.413995,0
4132,-0.1086824;-0.0827791;1.477796,0.06374026;-0.08390965;1.469784,0.08820433;-0.2439777;1.318494,-0.157723;-0.3497956;1.203979,-0.2173537;-0.3620761;1.184864,-0.0607181;-0.5141031;1.410949,0
4167,-0.1090329;-0.08383355;1.475965,0.0628653;-0.08282451;1.471082,0.06310762;-0.2573704;1.320543,-0.1739191;-0.3679945;1.192216,-0.2303168;-0.4144989;1.188116,-0.06557113;-0.5182815;1.401462,0
4200,-0.1077584;-0.08410963;1.476912,0.06547694;-0.09723867;1.468184,0.04150128;-0.2668886;1.32699,-0.1801419;-0.3721179;1.18996,-0.2417458;-0.4224963;1.177764,-0.0673365;-0.5219357;1.398007,0
4232,-0.1064872;-0.08445079;1.477485,0.06571447;-0.1015205;1.466566,0.002173462;-0.286025;1.326863,-0.1826366;-0.3850054;1.191831,-0.23784;-0.4437049;1.177868,-0.06748933;-0.5238807;1.396111,0
4265,-0.1055522;-0.084635;1.476788,0.06497373;-0.1073871;1.460122,0.001263552;-0.2861319;1.328941,-0.1510274;-0.3785611;1.205478,-0.1975778;-0.4405296;1.195173,-0.06987368;-0.5248539;1.392907,0
4298,-0.1051674;-0.08471448;1.476982,0.06489408;-0.1080332;1.459921,-0.0565372;-0.3155854;1.302258,-0.2160238;-0.4229161;1.205319,-0.2497068;-0.4736994;1.177051,-0.07037034;-0.5251629;1.392772,0
4332,-0.1044343;-0.0847692;1.476437,0.06163802;-0.1124894;1.450234,-0.05673841;-0.3155555;1.301302,-0.2162137;-0.4228781;1.204368,-0.2439194;-0.4777485;1.178908,-0.07100431;-0.5257661;1.391317,0
4368,-0.1043646;-0.08479831;1.476425,0.06001431;-0.1137819;1.446928,-0.05684379;-0.3155615;1.30081,-0.2163045;-0.4228738;1.203884,-0.2475201;-0.4808415;1.181841,-0.07166547;-0.5263474;1.391126,0
4399,-0.1044496;-0.08481383;1.476102,0.05791079;-0.1151632;1.441687,-0.05729651;-0.3150436;1.298602,-0.2167412;-0.4223473;1.201681,-0.2477051;-0.4784841;1.177552,-0.07221733;-0.526545;1.390796,0
4435,-0.104625;-0.08499535;1.474914,0.05619814;-0.1160392;1.437866,-0.05839692;-0.3138784;1.295407,-0.2174892;-0.4233142;1.200594,-0.24798;-0.4788397;1.172171,-0.07349738;-0.5270392;1.389378,0
4465,-0.1048063;-0.08515931;1.474733,0.05551456;-0.1161716;1.437434,-0.05842311;-0.3137887;1.295364,-0.2173689;-0.4234897;1.200685,-0.248041;-0.4814376;1.178215,-0.07454601;-0.5273329;1.389313,0
4498,-0.105364;-0.08557617;1.473285,0.05364786;-0.1172423;1.434552,-0.05848032;-0.3137174;1.295056,-0.2538877;-0.4900608;1.179317,-0.2755944;-0.5358706;1.131395,-0.07538563;-0.5278526;1.388115,0
4533,-0.1060188;-0.08598145;1.472679,0.05288909;-0.1176022;1.433987,-0.05860126;-0.3138263;1.295021,-0.2540097;-0.4902893;1.179564,-0.276426;-0.5370194;1.135291,-0.07547878;-0.5280619;1.388047,0
4569,-0.1065716;-0.08628463;1.471631,0.05205612;-0.1178818;1.432939,-0.05869277;-0.3139985;1.294727,-0.2540335;-0.4904397;1.17955,-0.2759165;-0.535488;1.132606,-0.07568069;-0.5283896;1.387598,0
4602,-0.1074512;-0.08667229;1.469596,0.05111033;-0.1178656;1.431043,-0.05876623;-0.3137628;1.293937,-0.2540326;-0.4903656;1.179337,-0.2752051;-0.5345955;1.129878,-0.07571328;-0.5286627;1.386334,0
4633,-0.1077875;-0.08675039;1.46961,0.05356626;-0.1160941;1.437777,-0.05875463;-0.3137693;1.293929,-0.2484968;-0.4872456;1.184468,-0.2716396;-0.5326668;1.13649,-0.07570001;-0.5286463;1.386358,0
4667,-0.1081508;-0.08682027;1.469451,0.05440607;-0.1154677;1.439752,-0.05867264;-0.3137319;1.29391,-0.2129774;-0.4296245;1.199135,-0.2491646;-0.4783235;1.171922,-0.07572303;-0.5286303;1.386325,0
4699,-0.1083292;-0.08690657;1.46901,0.05496712;-0.114917;1.440899,-0.05857214;-0.3136084;1.293646,-0.2128564;-0.4295513;1.198947,-0.2492905;-0.4776468;1.169048,-0.07564273;-0.528567;1.386058,0
4733,-0.1086107;-0.08702287;1.468918,0.05294711;-0.1150975;1.437846,-0.05857185;-0.3136038;1.293645,-0.2128421;-0.4295474;1.198975,-0.2499107;-0.4781705;1.170973,-0.0756292;-0.528626;1.386036,0
4766,-0.1086807;-0.08707134;1.468874,0.05396208;-0.1143831;1.439864,-0.05853621;-0.3136051;1.293608,-0.2128325;-0.4295362;1.199015,-0.2437714;-0.4851453;1.174414,-0.07551835;-0.5286039;1.386031,0
4799,-0.1087916;-0.08715717;1.468761,0.05272166;-0.1148101;1.437466,-0.05856669;-0.3135727;1.293513,-0.212849;-0.429558;1.199023,-0.2439663;-0.4851328;1.174989,-0.07547466;-0.5286704;1.385997,0
4833,-0.1088105;-0.08720502;1.468688,0.05393957;-0.1142872;1.439826,-0.04968419;-0.3085759;1.299132,-0.2037513;-0.4235528;1.202741,-0.2376009;-0.4796112;1.179062,-0.07537498;-0.5286385;1.385982,0
4865,-0.1088347;-0.08724672;1.468608,0.05265967;-0.1149283;1.437014,-0.05206909;-0.3095683;1.296907,-0.2029957;-0.424032;1.194603,-0.2445481;-0.4756806;1.169657,-0.0752858;-0.5287581;1.38587,0
4898,-0.1087848;-0.08729885;1.468828,0.05432359;-0.1142429;1.440546,-0.05315244;-0.3103176;1.296503,-0.2059764;-0.4254375;1.1982,-0.2390823;-0.4842725;1.177278,-0.07521479;-0.5286671;1.386241,0
4933,-0.1087706;-0.08731222;1.468809,0.05508598;-0.113962;1.441883,-0.0537703;-0.3105716;1.296133,-0.2071585;-0.4257725;1.198974,-0.2399654;-0.4828287;1.176868,-0.07516451;-0.5286506;1.386255,0
4966,-0.1087515;-0.08732615;1.468831,0.05418641;-0.1147016;1.439867,-0.05426709;-0.3109796;1.29594,-0.1803536;-0.4523;1.194159,-0.2190361;-0.4985111;1.168632,-0.07523563;-0.5287164;1.386256,1
4999,-0.1087459;-0.08734171;1.468853,0.05351327;-0.1149779;1.438622,-0.05447775;-0.3111341;1.295904,-0.180365;-0.4523854;1.19375,-0.2192588;-0.4988997;1.168621,-0.07524595;-0.5287984;1.386282,1
5032,-0.1086476;-0.08735481;1.468688,0.05298895;-0.1153162;1.437206,-0.05509523;-0.3115472;1.295303,-0.1807245;-0.4529849;1.193096,-0.2192799;-0.4985208;1.16618,-0.0752182;-0.5288429;1.386264,1
5067,-0.1084059;-0.08730946;1.467989,0.05234182;-0.1160112;1.433952,-0.05608454;-0.3119244;1.293558,-0.1805653;-0.4541698;1.191065,-0.2182293;-0.4967436;1.161894,-0.07505281;-0.5289711;1.385519,1
5099,-0.1083272;-0.08731544;1.46779,0.05202987;-0.1160734;1.4331,-0.05671921;-0.3123027;1.292654,-0.1806406;-0.4552174;1.190458,-0.2180306;-0.4998363;1.162803,-0.07503136;-0.5290739;1.385331,1
5133,-0.1082032;-0.08730257;1.467998,0.05198882;-0.116089;1.433083,-0.05683505;-0.3123451;1.292696,-0.1807881;-0.4551384;1.190356,-0.2188468;-0.5021111;1.165892,-0.07498805;-0.52912;1.385528,1
5166,-0.1078921;-0.08737674;1.467194,0.05172279;-0.1162531;1.431645,-0.05722771;-0.3124328;1.291641,-0.1805758;-0.4554573;1.188861,-0.2175844;-0.4990543;1.159941,-0.07522775;-0.5291779;1.384527,1
5199,-0.1077835;-0.08738386;1.467348,0.05167343;-0.1162911;1.431641,-0.05747643;-0.3128611;1.291827,-0.1803712;-0.4558383;1.18839,-0.2184239;-0.5024979;1.164942,-0.07526729;-0.5293253;1.384653,1
5235,-0.1077253;-0.0873172;1.467481,0.05163828;-0.1162903;1.431717,-0.05768319;-0.3130747;1.291878,-0.1804142;-0.4559492;1.188076,-0.2182112;-0.5027644;1.165185,-0.07528219;-0.52938;1.384736,1
5266,-0.1076458;-0.08731549;1.46746,0.05157924;-0.1163919;1.431593,-0.05797565;-0.3132853;1.291668,-0.1804151;-0.4563051;1.187716,-0.2184246;-0.5025524;1.161741,-0.07520229;-0.5294738;1.384748,1
5298,-0.1075011;-0.08730828;1.467168,0.05136129;-0.1164822;1.431062,-0.05810999;-0.3134875;1.291282,-0.1805678;-0.4561703;1.186845,-0.2181719;-0.5015075;1.159543,-0.07518575;-0.5295056;1.384381,1
5332,-0.107443;-0.08730374;1.467194,0.05134525;-0.1164968;1.431072,-0.0583028;-0.313738;1.291222,-0.1806905;-0.4563545;1.1866,-0.2182644;-0.5033004;1.162054,-0.07519455;-0.5295429;1.384419,1
5367,-0.1074243;-0.08731127;1.467155,0.05131173;-0.1165546;1.431009,-0.05830806;-0.3137484;1.291227,-0.1805335;-0.456381;1.186422,-0.2184876;-0.5028861;1.161026,-0.0752113;-0.5296075;1.384367,1
5398,-0.1073295;-0.08732262;1.467258,0.05442812;-0.1150008;1.438582,-0.05842219;-0.3138749;1.291378,-0.1804799;-0.456374;1.186205,-0.2186976;-0.50403;1.163178,-0.07491236;-0.5295389;1.384797,1
5435,-0.1072379;-0.08730402;1.467506,0.05409376;-0.115206;1.438137,-0.05846779;-0.3139735;1.291433,-0.1804922;-0.456398;1.186151,-0.2187938;-0.5039706;1.162356,-0.07494856;-0.5296177;1.384946,1
5465,-0.107237;-0.08728977;1.467377,0.05518631;-0.1147261;1.440044,-0.05870568;-0.3142195;1.291046,-0.1806932;-0.4565737;1.185653,-0.2179115;-0.5021198;1.15917,-0.07486421;-0.529541;1.384824,1
5499,-0.1072184;-0.08730985;1.467389,0.05417587;-0.1152289;1.438328,-0.05873655;-0.3142684;1.291063,-0.180676;-0.456584;1.185593,-0.2183899;-0.5029434;1.161161,-0.07485197;-0.5295461;1.38483,1
5532,-0.1072047;-0.08731218;1.467385,0.05529998;-0.1147418;1.440894,-0.05872985;-0.3142573;1.291106,-0.1806276;-0.4565333;1.185559,-0.2184917;-0.5030214;1.161,-0.07475238;-0.5295016;1.38489,1
5568,-0.1071975;-0.08729602;1.46735,0.05595456;-0.1143462;1.442403,-0.05878625;-0.3142895;1.291121,-0.1805288;-0.456672;1.18557,-0.2185502;-0.5035731;1.160889,-0.07474286;-0.5294467;1.384902,1
5599,-0.107218;-0.08728995;1.467392,0.05632893;-0.1142327;1.443144,-0.05877443;-0.3143417;1.291175,-0.1805656;-0.4565841;1.185506,-0.2177609;-0.5018111;1.161782,-0.0747166;-0.529404;1.384918,1
5635,-0.1071477;-0.08738441;1.467814,0.0555991;-0.1145035;1.442465,-0.05881517;-0.3146012;1.291771,-0.1808726;-0.4561477;1.185444,-0.2194075;-0.5098875;1.160401,-0.07487529;-0.5295152;1.385547,1
5666,-0.1071455;-0.08738692;1.467815,0.05404663;-0.1153778;1.439662,-0.05882215;-0.3145895;1.291768,-0.1808257;-0.4561493;1.185429,-0.2190502;-0.5016726;1.161212,-0.07488274;-0.5295329;1.385534,1
5700,-0.1071383;-0.08738071;1.467986,0.05358445;-0.1155872;1.439163,-0.05885256;-0.3146108;1.291835,-0.1808047;-0.456209;1.185526,-0.2182352;-0.5024736;1.163639,-0.07484998;-0.5295944;1.385655,1
5733,-0.1071106;-0.08740257;1.467959,0.05292747;-0.116174;1.437794,-0.0588639;-0.3146115;1.291847,-0.1807998;-0.4562835;1.185668,-0.2192468;-0.50839;1.157412,-0.07483037;-0.5296527;1.385661,1
5766,-0.1071002;-0.08737431;1.468038,0.05454721;-0.115375;1.440981,-0.05888464;-0.3146406;1.291909,-0.1807664;-0.4562772;1.185645,-0.2184093;-0.5025482;1.16282,-0.07482332;-0.529571;1.38577,1
5800,-0.1069711;-0.08737704;1.468322,0.05385186;-0.1158856;1.439908,-0.05887826;-0.3146275;1.292039,-0.180638;-0.4563367;1.185767,-0.2183763;-0.503041;1.16378,-0.07481445;-0.529635;1.385906,1
5833,-0.1069684;-0.08744986;1.468209,0.05279015;-0.1165598;1.437517,-0.05903423;-0.3146984;1.291868,-0.1806577;-0.4565151;1.185627,-0.2178142;-0.5011433;1.161464,-0.07479778;-0.5296659;1.385885,1
5866,-0.1069246;-0.08748746;1.468349,0.05244124;-0.1168237;1.436909,-0.05902153;-0.314682;1.292004,-0.1806282;-0.4563587;1.185578,-0.2185643;-0.5027326;1.163541,-0.07478634;-0.5297185;1.385984,1
5901,-0.1068987;-0.08753324;1.46849,0.05226069;-0.1170427;1.436598,-0.05913525;-0.3145586;1.292422,-0.1802833;-0.4561357;1.185325,-0.2182736;-0.5033878;1.164091,-0.07473946;-0.5297875;1.386219,1
5934,-0.1068357;-0.08757819;1.468464,0.05208879;-0.1173105;1.435816,-0.05931734;-0.3142681;1.29216,-0.1804726;-0.4555326;1.184659,-0.2183435;-0.5015926;1.161278,-0.07486338;-0.5298148;1.386146,1
5965,-0.1067903;-0.08760647;1.468417,0.05176555;-0.1177781;1.434059,-0.05955267;-0.3139777;1.291652,-0.1803907;-0.4552425;1.183808,-0.2190043;-0.5011432;1.159915,-0.0749115;-0.5298226;1.386167,1
5999,-0.1067279;-0.08765598;1.468203,0.05153836;-0.1179135;1.432292,-0.06002455;-0.3131361;1.290429,-0.1804557;-0.4547752;1.18267,-0.2179941;-0.5004216;1.158317,-0.07497633;-0.5298123;1.386116,1
6033,-0.1067655;-0.087856;1.467768,0.05113284;-0.1184692;1.42999,-0.06036904;-0.3122962;1.289288,-0.1804933;-0.4527249;1.179426,-0.2189607;-0.4999208;1.158075,-0.07512987;-0.5302172;1.386148,1
6065,-0.1067928;-0.08795286;1.467636,0.05094626;-0.1185377;1.429184,-0.06073281;-0.3118339;1.2887,-0.1811335;-0.4488676;1.174505,-0.2221933;-0.4976611;1.155354,-0.07519174;-0.5302377;1.386165,1
6101,-0.1068049;-0.08812369;1.467417,0.05058659;-0.1188315;1.428009,-0.060923;-0.3111472;1.288454,-0.182462;-0.445159;1.171668,-0.2255843;-0.4941955;1.15407,-0.07526768;-0.5309011;1.38626,1
6134,-0.1068564;-0.08823983;1.467137,0.04994756;-0.1193587;1.426176,-0.06202648;-0.3104564;1.287999,-0.185423;-0.438554;1.166196,-0.230917;-0.4769756;1.150047,-0.07563332;-0.5309962;1.386341,1
6167,-0.1070099;-0.08844236;1.466414,0.04929034;-0.1198186;1.423947,-0.06277618;-0.3101691;1.28783,-0.1881519;-0.432896;1.162259,-0.2372741;-0.4621616;1.143362,-0.07583252;-0.5310111;1.386406,1
6199,-0.1072215;-0.08861581;1.465949,0.04870074;-0.1203477;1.422489,-0.06381778;-0.3102053;1.288235,-0.1908045;-0.4299167;1.161261,-0.2454637;-0.4545256;1.138136,-0.07696103;-0.531224;1.386275,1
6232,-0.107419;-0.08885414;1.465394,0.04805827;-0.1208619;1.420869,-0.06925401;-0.3126993;1.286995,-0.193636;-0.4321915;1.157135,-0.2501613;-0.4588186;1.135444,-0.07719039;-0.5320641;1.386104,1
6265,-0.1079533;-0.08934168;1.463004,0.04698363;-0.1218871;1.417347,-0.06985917;-0.312779;1.287173,-0.1943397;-0.4317121;1.156866,-0.2496213;-0.4667719;1.13404,-0.07764758;-0.5322152;1.385689,1
6299,-0.108055;-0.08945645;1.462825,0.04651088;-0.1221968;1.41663,-0.0722407;-0.3148145;1.288545,-0.1955249;-0.4322316;1.15557,-0.2550309;-0.4678406;1.137536,-0.07824703;-0.5324665;1.385819,1
6334,-0.108208;-0.08975167;1.462044,0.04565714;-0.1226509;1.414961,-0.0737026;-0.3170698;1.288765,-0.1967657;-0.4331177;1.154314,-0.2544372;-0.4785516;1.135888,-0.0782984;-0.5325732;1.385816,1
6366,-0.1086039;-0.09063715;1.461248,0.04464898;-0.1229933;1.413169,-0.07415181;-0.3186748;1.289078,-0.1976732;-0.4403421;1.160575,-0.2424262;-0.4932897;1.140767,-0.07866407;-0.5328637;1.385925,1
6399,-0.1087665;-0.09068631;1.461085,0.04402421;-0.1229866;1.412284,-0.07442036;-0.3202837;1.289699,-0.1971513;-0.4417432;1.160195,-0.2410303;-0.4966258;1.138889,-0.0789555;-0.5330267;1.386134,1
6433,-0.1092214;-0.09079121;1.459038,0.04253769;-0.122151;1.408101,-0.07525738;-0.3216743;1.287656,-0.1979257;-0.4440306;1.159016,-0.2362941;-0.4961547;1.133712,-0.07928139;-0.5330082;1.385534,1
6466,-0.1094685;-0.09073874;1.457465,0.04153265;-0.1215123;1.4047,-0.07542538;-0.3221169;1.28684,-0.1973458;-0.4450785;1.158067,-0.2350559;-0.4970325;1.133669,-0.07926019;-0.5329883;1.385104,1
6499,-0.109552;-0.09072149;1.457399,0.04124104;-0.1213492;1.404371,-0.07566653;-0.3226566;1.28681,-0.1969003;-0.446008;1.157754,-0.2367204;-0.49954;1.136303,-0.07928909;-0.53299;1.385142,1
6534,-0.1097782;-0.09067603;1.457198,0.04096407;-0.1211387;1.404079,-0.07572831;-0.3228527;1.28673,-0.1959515;-0.4473707;1.157877,-0.2346721;-0.4995599;1.136686,-0.07947831;-0.5329931;1.385024,1
6566,-0.1099911;-0.09067675;1.457244,0.04083835;-0.1211081;1.404203,-0.07580458;-0.323225;1.286801,-0.1958246;-0.448028;1.158047,-0.2350734;-0.4996328;1.138924,-0.07962479;-0.5330466;1.385209,1
6598,-0.1101413;-0.0906887;1.456996,0.04074019;-0.1210465;1.404006,-0.07588082;-0.3238949;1.286408,-0.1957129;-0.4486856;1.157459,-0.2345077;-0.4983727;1.136213,-0.07964978;-0.5330516;1.38515,1
6632,-0.1102595;-0.09064773;1.456936,0.04069822;-0.1210686;1.403934,-0.0756976;-0.3246476;1.28618,-0.1972905;-0.4489399;1.158482,-0.2355882;-0.4959074;1.140725,-0.07959254;-0.5331796;1.385127,1
6667,-0.1105274;-0.09052064;1.456527,0.0407115;-0.1210753;1.403876,-0.07553021;-0.3254987;1.28533,-0.1990451;-0.4486133;1.158336,-0.23798;-0.4897152;1.142252,-0.07991268;-0.5333282;1.384744,1
6698,-0.1106233;-0.0904725;1.456558,0.0409491;-0.12118;1.404468,-0.07466212;-0.3266505;1.285883,-0.2030029;-0.4447402;1.158843,-0.2437619;-0.4784818;1.145434,-0.08039717;-0.5334939;1.38519,1
6734,-0.1106416;-0.090473;1.456551,0.04150822;-0.1213544;1.405244,-0.02698774;-0.3089595;1.318319,-0.2001002;-0.3831868;1.213581,-0.2392418;-0.397007;1.189163,-0.08083145;-0.5344617;1.385525,1
6766,-0.1106641;-0.09045061;1.456623,0.04205669;-0.1212882;1.406279,-0.06493194;-0.3233499;1.295395,-0.2453605;-0.3809394;1.192865,-0.2885689;-0.367652;1.163097,-0.08121306;-0.5346435;1.388754,1
6798,-0.110644;-0.0904405;1.456667,0.0430677;-0.1213505;1.408522,-0.06449692;-0.3228232;1.296759,-0.2912649;-0.321259;1.181916,-0.3328637;-0.3048366;1.150644,-0.08096021;-0.5345532;1.389671,1
6832,-0.1105566;-0.09041226;1.456739,0.04333474;-0.1216094;1.409018,-0.06362373;-0.3188986;1.300106,-0.2747802;-0.2911333;1.233909,-0.3156229;-0.2576056;1.19304,-0.0805348;-0.534565;1.390683,1
6866,-0.1104951;-0.09042639;1.456763,0.04353752;-0.1217156;1.409166,-0.06321136;-0.3145292;1.301984,-0.2748401;-0.2904253;1.233795,-0.3061733;-0.2201862;1.225888,-0.07709032;-0.5338055;1.395208,1
6899,-0.1101647;-0.09050862;1.45745,0.04377658;-0.1219832;1.409713,-0.06184183;-0.3096974;1.30473,-0.2473073;-0.2078534;1.272026,-0.2942876;-0.1681616;1.259424,-0.07607629;-0.5333159;1.399413,1
6934,-0.1097802;-0.09042692;1.457978,0.04402241;-0.1219333;1.410306,-0.06081353;-0.3018365;1.306137,-0.2440034;-0.1603982;1.283681,-0.2909683;-0.1171634;1.295395,-0.07464805;-0.5327702;1.401147,1
6967,-0.1094529;-0.09029584;1.45842,0.0443415;-0.121619;1.411041,-0.05899177;-0.2961932;1.307215,-0.2606488;-0.09031514;1.306443,-0.259572;-0.08444278;1.342155,-0.07409491;-0.5325758;1.402245,1
7000,-0.1091074;-0.09009555;1.458945,0.04463603;-0.1212209;1.411843,-0.05777658;-0.2919992;1.307825,-0.2616816;-0.08837631;1.306564,-0.247977;-0.07286566;1.360923,-0.07409363;-0.5326785;1.402201,1
7044,-0.1086929;-0.08977807;1.459628,0.04480305;-0.1210369;1.412314,-0.05679546;-0.2893701;1.308893,-0.2620316;-0.08709446;1.306981,-0.2792745;-0.05671127;1.384104,-0.07349131;-0.5321169;1.403815,1
7066,-0.1081038;-0.08912799;1.461514,0.04511264;-0.1205984;1.413543,-0.05644803;-0.288216;1.310543,-0.2622571;-0.08652736;1.30819,-0.2764224;-0.05934824;1.411229,-0.0736078;-0.5316854;1.406042,1
7098,-0.1078131;-0.08888377;1.461652,0.04521522;-0.1203982;1.413829,-0.05630047;-0.2875135;1.310746,-0.262433;-0.08616024;1.308288,-0.2872522;-0.08056;1.410639,-0.07353999;-0.5314709;1.406227,1
7132,-0.1072583;-0.08861581;1.46187,0.04534218;-0.120271;1.414125,-0.05525468;-0.2869208;1.310822,-0.2617792;-0.08596975;1.308344,-0.285392;-0.0830015;1.412576,-0.07323216;-0.5312117;1.406192,1
7167,-0.1067919;-0.08832067;1.462479,0.04549037;-0.1201364;1.414609,-0.05444398;-0.2865277;1.311296,-0.2612216;-0.08583667;1.308753,-0.2852128;-0.08336125;1.412523,-0.07292749;-0.5308371;1.406608,1
7199,-0.1066081;-0.08808984;1.462549,0.04562137;-0.1200562;1.414923,-0.05354606;-0.2859257;1.311147,-0.2605867;-0.08550629;1.308635,-0.2857368;-0.08285981;1.411802,-0.07260635;-0.5305169;1.406376,1
7233,-0.1072056;-0.08824744;1.462933,0.04602975;-0.1197304;1.416725,-0.03854205;-0.2947883;1.316728,-0.23132;-0.08085474;1.323649,-0.2103524;-0.07058316;1.413737,-0.07219163;-0.5301862;1.407424,1
7265,-0.1068224;-0.08747357;1.463987,0.04626391;-0.1193533;1.417789,-0.03659271;-0.2938893;1.315163,-0.2288114;-0.07949088;1.322823,-0.2092582;-0.06979259;1.411737,-0.07193571;-0.529921;1.407793,1
7298,-0.106912;-0.0870522;1.4642,0.04644401;-0.118674;1.418684,-0.03385541;-0.2898751;1.30777,-0.2244937;-0.07423404;1.317838,-0.2072441;-0.06298187;1.407433,-0.07192963;-0.5297089;1.407682,1
7332,-0.1080893;-0.08740765;1.464303,0.04685177;-0.1166732;1.421031,-0.02969323;-0.2770835;1.291002,-0.2177965;-0.0597635;1.306635,-0.2119493;-0.04581823;1.401943,-0.07197665;-0.5296375;1.407605,1
7365,-0.1085592;-0.08793151;1.465012,0.04703791;-0.114244;1.422352,-0.01668932;-0.2615963;1.270126,-0.1452351;-0.1204434;1.355038,-0.184301;-0.06673685;1.407955,-0.07195566;-0.529622;1.40739,1
7401,-0.110019;-0.08922251;1.467187,0.04676555;-0.1061681;1.425562,0.02193697;-0.2299334;1.242458,-0.1341231;-0.1497963;1.35222,-0.1919314;-0.1063007;1.39144,-0.07196428;-0.5296226;1.4074,1
7432,-0.1108201;-0.08921638;1.468718,0.0442828;-0.08305759;1.43367,0.05914009;-0.1940205;1.241134,-0.1135319;-0.1334403;1.339271,-0.177399;-0.09492402;1.3833,-0.07104423;-0.5288147;1.408194,1
7466,-0.1115405;-0.08902089;1.468518,0.04114848;-0.07746646;1.435685,0.09138131;-0.1566238;1.233346,-0.08844957;-0.1099479;1.326914,-0.1539308;-0.0946758;1.374091,-0.07039209;-0.5281724;1.408471,1
7498,-0.1125681;-0.08894188;1.46812,0.03222232;-0.06567509;1.446009,0.1351463;-0.09731361;1.250884,-0.06136205;-0.08024647;1.321519,-0.1290698;-0.0836278;1.366852,-0.06921104;-0.5266355;1.40883,1
7533,-0.1141149;-0.08920126;1.467792,0.02823248;-0.06584505;1.448433,0.1609168;-0.04699019;1.270935,-0.04069898;-0.08822364;1.317068,-0.1103125;-0.09786746;1.362886,-0.06913477;-0.5262818;1.408986,1
7566,-0.1157955;-0.08953647;1.467155,0.02636658;-0.06536858;1.450927,0.1765994;0.003856435;1.303769,-0.01943121;-0.07429638;1.32591,-0.08570489;-0.09678173;1.361326,-0.06921015;-0.5256585;1.409053,1
7600,-0.1173343;-0.08981754;1.466873,0.02507222;-0.06388009;1.454421,0.1812684;0.04903226;1.349226,-0.01576374;-0.02965932;1.363063,-0.0700941;-0.07356291;1.356312,-0.06907135;-0.5245743;1.409492,1
7634,-0.1186736;-0.0892908;1.46691,0.02034334;-0.05770001;1.46842,0.1746611;0.06239979;1.369279,-0.06991921;-0.0875926;1.332065,-0.103255;-0.09245092;1.355478,-0.06902632;-0.5228421;1.410386,1
7666,-0.1201068;-0.08895922;1.466399,0.01934666;-0.05490322;1.472,0.1646928;0.09289551;1.406453,-0.06058367;-0.07528228;1.334435,-0.1203505;-0.127307;1.404148,-0.06949569;-0.5210992;1.410264,1
7699,-0.1217458;-0.08888733;1.466268,0.0181547;-0.05098373;1.476105,0.1584558;0.1069911;1.430358,-0.06628795;-0.05503906;1.355473,-0.1269307;-0.1150784;1.418707,-0.06983668;-0.5196607;1.410758,1
7733,-0.1234098;-0.08866865;1.465287,0.01387619;-0.0411638;1.485316,0.1496286;0.1224822;1.450985,-0.06966833;-0.03776359;1.371122,-0.141167;-0.08165532;1.420358,-0.07045247;-0.5178485;1.409537,1
7766,-0.1248768;-0.08838475;1.46461,0.01221908;-0.03820843;1.487667,0.139878;0.1488501;1.483536,-0.07572515;-0.004931562;1.404656,-0.146937;-0.04864879;1.413594,-0.07087733;-0.516727;1.409165,1
7800,-0.1263473;-0.08852623;1.464407,0.01067463;-0.0354529;1.491298,0.1325689;0.1557106;1.500746,-0.08259515;0.001184855;1.42072,-0.1517037;-0.04914794;1.418872,-0.07132176;-0.5162075;1.40914,1
7834,-0.12808;-0.08909233;1.463635,0.007928585;-0.04034707;1.492888,0.1235282;0.1622279;1.519735,-0.09173615;0.007699491;1.44002,-0.1600691;-0.04974921;1.420323,-0.07200683;-0.5162266;1.408727,1
7866,-0.1295554;-0.0894816;1.463169,0.006331935;-0.04358539;1.494,0.1146667;0.1689825;1.537274,-0.07804109;0.08450511;1.559348,-0.06857634;0.03378397;1.505092,-0.07269669;-0.5162833;1.408478,1
7899,-0.1301687;-0.08963512;1.46301,0.005418409;-0.04591902;1.495403,0.1089759;0.170945;1.547077,-0.08278918;0.08148784;1.559655,-0.07191295;0.02350562;1.498702,-0.07307866;-0.5162284;1.408233,1
7933,-0.1309276;-0.08991668;1.46247,0.00469511;-0.04725242;1.495943,0.1058206;0.171981;1.552687,-0.08542609;0.0802104;1.559307,-0.07181302;0.02333603;1.495761,-0.07369512;-0.5162994;1.407232,1
7965,-0.1311316;-0.09000465;1.462536,0.004107608;-0.04839318;1.497134,0.103208;0.1726329;1.56087,-0.08789232;0.07965645;1.560518,-0.07505234;0.01788508;1.497635,-0.07402252;-0.5163195;1.407118,1
7999,-0.1313934;-0.09013904;1.462608,0.003542757;-0.04914212;1.498054,0.1014686;0.1730062;1.567162,-0.08959807;0.07974101;1.563396,-0.07596433;0.01870899;1.498501,-0.07439733;-0.516394;1.407027,1
8033,-0.1316173;-0.09026649;1.462489,-0.0004063118;-0.05236918;1.502975,0.1013669;0.1725604;1.567517,-0.08992839;0.07977724;1.563696,-0.07448965;0.02392467;1.497933,-0.07471148;-0.5163661;1.406682,1
8066,-0.1321416;-0.0904124;1.462621,-0.002237695;-0.05373506;1.50567,0.1019862;0.1714989;1.569072,-0.08968826;0.07944303;1.563962,-0.07666792;0.02058356;1.501076,-0.07505925;-0.5164166;1.406824,1
8099,-0.1325283;-0.09055062;1.462768,-0.002908665;-0.05421962;1.507128,0.1032128;0.1695487;1.569374,-0.08939536;0.07951736;1.564934,-0.07615564;0.02122058;1.502053,-0.07538768;-0.5164599;1.406971,1
8133,-0.1325993;-0.09051563;1.462819,-0.003285667;-0.05494886;1.507975,0.1063973;0.1671053;1.568859,-0.08795444;0.08096159;1.565216,-0.07479008;0.02746702;1.502569,-0.07564364;-0.5165123;1.406935,1
8165,-0.132641;-0.09046341;1.462927,-0.003643571;-0.05417281;1.509341,0.1115079;0.1631177;1.566956,-0.08512472;0.08281908;1.568028,-0.07440744;0.03119167;1.507702,-0.07603852;-0.5163827;1.407395,1
8199,-0.1327119;-0.09036471;1.463106,-0.003117242;-0.04886481;1.513391,0.1183163;0.1569946;1.56288,-0.05048088;0.03127283;1.52235,-0.07151233;0.001467875;1.493857,-0.07623639;-0.5160455;1.408158,1
8233,-0.1326917;-0.09032679;1.463133,-0.002258904;-0.0464529;1.514481,0.1270122;0.1466576;1.552567,-0.04575511;0.02258843;1.535481,-0.06664088;-0.02111789;1.47811,-0.07623743;-0.5158253;1.408292,1
8267,-0.132636;-0.09024898;1.463233,-0.001235818;-0.04414477;1.515415,0.1368764;0.136698;1.542495,-0.04825059;0.03178945;1.538135,-0.07231855;-0.01094808;1.481906,-0.07592919;-0.5153818;1.408692,1
8299,-0.1345357;-0.08944587;1.464305,-0.0004668607;-0.043119;1.515604,0.1477456;0.1266181;1.530234,-0.05140204;0.05503132;1.543187,-0.06899875;0.01261015;1.49089,-0.07567395;-0.5150197;1.408863,1
8333,-0.1343406;-0.08940767;1.464414,0.0003530248;-0.04236745;1.515825,0.1579181;0.1111527;1.517326,-0.03353774;0.01956644;1.524852,-0.07013617;-0.01176771;1.481657,-0.07537839;-0.5146801;1.409214,1
8365,-0.1363205;-0.08897252;1.466368,0.001232901;-0.04177734;1.515726,0.1692862;0.09516916;1.501817,-0.02877125;0.02563187;1.527813,-0.06800158;-0.001852504;1.488607,-0.0750813;-0.5144763;1.409458,1
8399,-0.1367383;-0.08886196;1.466854,0.002183975;-0.04131832;1.515016,0.1798163;0.0742914;1.476152,-0.01820565;0.02597553;1.527717,-0.05873997;0.001858092;1.490661,-0.07475683;-0.5142225;1.409418,1
8433,-0.1373317;-0.08844226;1.469031,0.003090374;-0.04101744;1.514086,0.1874793;0.05727397;1.457033,-0.009081786;0.0008105092;1.506625,-0.05553271;-0.008816041;1.488385,-0.07442705;-0.5140615;1.409663,1
8466,-0.1352476;-0.08847699;1.469339,0.003850215;-0.04088333;1.51272,0.1914272;0.02838664;1.425002,0.03683364;0.07408078;1.55262,-0.0286204;0.03395784;1.524299,-0.07333113;-0.5137813;1.409911,1
8500,-0.1332929;-0.08801639;1.470093,0.005364126;-0.04017023;1.512449,0.1824728;-0.00934897;1.3851,0.02649399;0.03230886;1.512593,-0.02983551;0.01007868;1.502712,-0.07245845;-0.5133381;1.410525,1
8533,-0.1324217;-0.08489592;1.476049,0.006845486;-0.04029475;1.511271,0.1735393;-0.03653654;1.366137,-0.0148282;-0.1487931;1.285493,-0.06748508;-0.1651044;1.278464,-0.07037792;-0.5122128;1.412329,1
8566,-0.1305986;-0.08179004;1.480706,0.008154464;-0.04134225;1.509418,0.1543268;-0.07508701;1.346142,-0.02552315;-0.1705616;1.275465,-0.07417841;-0.1917572;1.255184,-0.06953896;-0.5117353;1.413156,1
8599,-0.1274586;-0.07999296;1.485424,0.01948945;-0.04426406;1.501394,0.1317361;-0.1157554;1.323466,-0.05314608;-0.2043974;1.258072,-0.1088531;-0.2306679;1.241267,-0.06892414;-0.5113946;1.414646,1
8633,-0.1256312;-0.07921551;1.485888,0.0194036;-0.04810594;1.496165,0.1138403;-0.1452917;1.314873,-0.1030669;-0.2545994;1.22168,-0.152846;-0.2699108;1.209265,-0.06883328;-0.511395;1.414671,1
8666,-0.1237136;-0.07835595;1.486099,0.02041421;-0.05188586;1.49205,0.08747195;-0.1885451;1.304717,-0.1631181;-0.2868535;1.19569,-0.199601;-0.3096082;1.190332,-0.06864421;-0.5113383;1.414712,1
8700,-0.1221231;-0.0798423;1.482891,0.02874802;-0.06012161;1.483695,0.0300321;-0.2336419;1.287027,-0.1436705;-0.3265961;1.20054,-0.1926752;-0.3281645;1.186185,-0.07199191;-0.5130182;1.410268,1
8733,-0.1209411;-0.0811509;1.479963,0.04905512;-0.08538393;1.464103,0.01990797;-0.2496475;1.282752,-0.1877919;-0.3569905;1.184018,-0.2341219;-0.3638676;1.168506,-0.07513102;-0.5157488;1.404877,1
8765,-0.1193675;-0.08070265;1.480559,0.04591385;-0.08303744;1.466432,0.01533343;-0.2601097;1.2877,-0.1871442;-0.3533692;1.187833,-0.2383655;-0.3801386;1.165979,-0.07571094;-0.5170155;1.401405,1
8799,-0.1182002;-0.08066043;1.480541,0.0459007;-0.08442027;1.465842,0.001291709;-0.2797577;1.295346,-0.1848525;-0.3596432;1.189664,-0.2439383;-0.3940961;1.165761,-0.07575386;-0.5186566;1.398595,1
8832,-0.1169266;-0.08060736;1.479736,0.04595061;-0.086115;1.464796,-0.0007213461;-0.2819712;1.307895,-0.187279;-0.3871306;1.194807,-0.2534316;-0.4207141;1.162023,-0.07632907;-0.5193548;1.396111,1
8864,-0.1161445;-0.08058967;1.479341,0.04998495;-0.1032185;1.453564,-0.001980732;-0.2836771;1.321915,-0.1880747;-0.3893479;1.197687,-0.2426551;-0.454069;1.181632,-0.07748037;-0.5207997;1.394207,1
8900,-0.1154167;-0.08063652;1.478739,0.04877213;-0.101755;1.454595,-0.003989945;-0.2827919;1.328835,-0.1884127;-0.3971516;1.204778,-0.2389703;-0.464785;1.187926,-0.07778662;-0.5213444;1.393053,1
8934,-0.1143664;-0.08073735;1.477022,0.04790893;-0.1010153;1.454462,-0.05773202;-0.3101498;1.294495,-0.213273;-0.4178944;1.192669,-0.247353;-0.4794537;1.177032,-0.07786203;-0.5216933;1.39105,1
8965,-0.1137108;-0.08106475;1.475674,0.04704024;-0.1114938;1.441247,-0.05767848;-0.3104287;1.294494,-0.2128394;-0.4209649;1.195401,-0.2459709;-0.4820227;1.180005,-0.0781511;-0.5240063;1.389097,1
9000,-0.1132686;-0.08139005;1.474987,0.04663764;-0.1133597;1.438875,-0.05758975;-0.3107201;1.294416,-0.212224;-0.4230984;1.196743,-0.2472671;-0.4823239;1.178787,-0.07812056;-0.5247004;1.388626,1
9033,-0.1131999;-0.08171567;1.474481,0.04629175;-0.1144779;1.437744,-0.01844073;-0.2892453;1.322164,-0.1897399;-0.4072022;1.209911,-0.2419899;-0.4634063;1.179004,-0.07832088;-0.5259634;1.387963,1
9065,-0.113157;-0.08213655;1.47365,0.04541469;-0.1160931;1.43487,-0.02013865;-0.2907553;1.319635,-0.1496175;-0.4162847;1.201517,-0.1992222;-0.4675912;1.185509,-0.07869726;-0.5266858;1.387129,1
9099,-0.1131311;-0.08233509;1.473487,0.04521415;-0.1162994;1.43468,-0.05816938;-0.315643;1.292514,-0.1726072;-0.4564952;1.176973,-0.2112246;-0.5086704;1.160493,-0.07866406;-0.527088;1.386998,1
9134,-0.113049;-0.0826737;1.47293,0.04489895;-0.1168092;1.434005,-0.05819736;-0.3156288;1.292487,-0.1917452;-0.4559756;1.184545,-0.2306827;-0.5010712;1.160861,-0.07858106;-0.5275709;1.386703,1
9165,-0.113174;-0.08314887;1.471537,0.04440834;-0.1173235;1.432779,-0.0582457;-0.3154401;1.292265,-0.1917283;-0.4558662;1.184437,-0.2309378;-0.500437;1.158582,-0.07862812;-0.5278654;1.386054,1
9200,-0.1131955;-0.08354074;1.470965,0.04429206;-0.1174166;1.432642,-0.05829539;-0.3154023;1.292239,-0.1918451;-0.4562112;1.184445,-0.2312918;-0.5018525;1.160502,-0.07883146;-0.5282232;1.385661,1
9232,-0.1131885;-0.08395221;1.47029,0.0441392;-0.1177093;1.431876,-0.05829044;-0.3151346;1.292021,-0.1917843;-0.4561502;1.184352,-0.2308673;-0.5005376;1.158254,-0.07865248;-0.5286671;1.385003,1
9265,-0.1132736;-0.08419798;1.469965,0.04408835;-0.1177997;1.431649,-0.05827537;-0.3149855;1.29205,-0.1944011;-0.5104733;1.165663,-0.2309859;-0.5515792;1.116155,-0.07855004;-0.5289086;1.384824,1
9299,-0.1132817;-0.08440091;1.469711,0.04407975;-0.1178835;1.431546,-0.05826906;-0.3149974;1.292041,-0.1943477;-0.5104899;1.165664,-0.2315305;-0.5514194;1.117209,-0.07845949;-0.5290583;1.384732,1
9333,-0.1132341;-0.08453792;1.469835,0.04398409;-0.1144165;1.436096,-0.05824678;-0.3153111;1.29225,-0.1940049;-0.5106589;1.166237,-0.2300646;-0.5540875;1.11867,-0.07815595;-0.5291706;1.385153,1
9366,-0.1131072;-0.08473746;1.469663,0.04400863;-0.1153335;1.435232,-0.05819873;-0.3153388;1.29226,-0.193857;-0.5106761;1.166206,-0.2304136;-0.551433;1.117148,-0.078036;-0.5294564;1.384931,1
9399,-0.1129096;-0.08494975;1.469499,0.04424959;-0.1161464;1.434724,-0.05833586;-0.3155742;1.292128,-0.1936986;-0.5107518;1.166232,-0.2298115;-0.5513846;1.118061,-0.07786313;-0.5296536;1.384795,1
9433,-0.1126896;-0.08514197;1.469665,0.04441336;-0.1166275;1.434703,-0.05831711;-0.3156672;1.292366,-0.192322;-0.5098174;1.168377,-0.2288208;-0.5522554;1.121386,-0.07774135;-0.5299803;1.38501,2
9465,-0.1124473;-0.08525872;1.469386,0.04467646;-0.1168567;1.434407,-0.05834473;-0.3157446;1.292074,-0.1920587;-0.5098361;1.167887,-0.2293715;-0.5491223;1.117369,-0.07758424;-0.5300378;1.384608,2
9499,-0.1120635;-0.08544376;1.469114,0.04493252;-0.1171459;1.43424,-0.05844886;-0.3158786;1.291795,-0.191644;-0.5096265;1.167408,-0.2277677;-0.5486456;1.118245,-0.07762486;-0.530116;1.384467,2
9533,-0.1117279;-0.08556418;1.468971,0.04517063;-0.1174692;1.434086,-0.05847516;-0.3160728;1.291715,-0.1913054;-0.509615;1.167261,-0.2271536;-0.548732;1.118573,-0.07760297;-0.5302013;1.384293,2
9566,-0.1113792;-0.0856965;1.469022,0.04547816;-0.1178498;1.434127,-0.05854487;-0.3161572;1.291707,-0.1912687;-0.5097296;1.167279,-0.2273461;-0.5509829;1.119031,-0.0775813;-0.5302465;1.384315,2
9598,-0.1107223;-0.08571628;1.468591,0.0459111;-0.1181764;1.433721,-0.05847405;-0.3162642;1.291486,-0.1909902;-0.5099075;1.167048,-0.226122;-0.5479431;1.117529,-0.07742704;-0.5303902;1.383902,2
9633,-0.1102267;-0.08575681;1.468586,0.04629548;-0.1185506;1.433493,-0.05853933;-0.3165985;1.291321,-0.1908825;-0.5102999;1.166921,-0.227072;-0.5490887;1.118403,-0.07739098;-0.5304161;1.38389,2
9664,-0.1098624;-0.08577228;1.468691,0.04660624;-0.1187816;1.433583,-0.05850776;-0.316966;1.291255,-0.1906693;-0.5107648;1.166893,-0.2262864;-0.5506491;1.119015,-0.07669155;-0.5307345;1.384265,2
9698,-0.109502;-0.08581251;1.468835,0.04684717;-0.1189749;1.433656,-0.0586949;-0.3172944;1.291104,-0.1907066;-0.5107417;1.167166,-0.2264194;-0.5507826;1.11865,-0.07668465;-0.5307437;1.384265,2
9732,-0.1092927;-0.08580901;1.468752,0.04704839;-0.1191609;1.433392,-0.05886491;-0.3178435;1.290541,-0.1906863;-0.5107026;1.167037,-0.2263196;-0.5490907;1.117576,-0.07659932;-0.5307757;1.384185,2
9766,-0.1089927;-0.08574331;1.469073,0.04725238;-0.1194474;1.433404,-0.05880786;-0.3179864;1.290663,-0.1907386;-0.5107345;1.167104,-0.2263891;-0.5510599;1.120344,-0.07661068;-0.5308093;1.38422,2
9800,-0.1088246;-0.08573242;1.469164,0.04753324;-0.1197603;1.433327,-0.05884577;-0.318024;1.29066,-0.1906027;-0.5107473;1.16719,-0.2265474;-0.5510625;1.118157,-0.07655948;-0.5308554;1.3843,2
9832,-0.1084268;-0.08577307;1.469097,0.04775379;-0.1199997;1.433181,-0.05892152;-0.3182935;1.290495,-0.1904492;-0.5108175;1.167216,-0.2259907;-0.5495645;1.11876,-0.07660932;-0.5308998;1.384203,2
9865,-0.1080287;-0.08579313;1.469033,0.0479523;-0.1201594;1.433137,-0.05890774;-0.3183182;1.290419,-0.1901609;-0.5107135;1.16725,-0.2255336;-0.5490878;1.118242,-0.0766248;-0.5309201;1.384108,2
9898,-0.1078168;-0.0857715;1.46942,0.04817936;-0.1202725;1.433566,-0.05894532;-0.3186179;1.290506,-0.1697836;-0.4712398;1.188825,-0.2043256;-0.5160974;1.16038,-0.07657316;-0.5310453;1.38424,2
9933,-0.1075722;-0.08574563;1.469471,0.0483442;-0.1203682;1.433432,-0.05907072;-0.3188308;1.290146,-0.1700833;-0.4709226;1.187844,-0.2036914;-0.5139077;1.156962,-0.07657077;-0.5310442;1.384186,2
9965,-0.1073256;-0.08576876;1.469204,0.04863553;-0.1204588;1.432908,-0.05912224;-0.318839;1.289742,-0.1699784;-0.469815;1.185487,-0.2038103;-0.5125632;1.154175,-0.07662813;-0.5310246;1.383697,2
10000,-0.1070655;-0.08581366;1.46977,0.04881009;-0.1205076;1.433204,-0.05910984;-0.3190027;1.28994,-0.1702521;-0.4695283;1.185343,-0.2053694;-0.5168955;1.158966,-0.07650593;-0.5311247;1.384162,2
10032,-0.1070079;-0.08578929;1.46976,0.0488302;-0.1205137;1.433149,-0.0591252;-0.3189751;1.289896,-0.1706483;-0.4685684;1.184311,-0.2056031;-0.5146669;1.155899,-0.07652783;-0.5311132;1.384155,2
10064,-0.1069512;-0.08575946;1.469748,0.04886477;-0.1204643;1.43301,-0.05920979;-0.3188169;1.289742,-0.1717546;-0.4671585;1.183433,-0.2071963;-0.5121437;1.156955,-0.07651504;-0.5310876;1.384136,2
10098,-0.1068816;-0.08573121;1.469916,0.04889207;-0.1204574;1.432999,-0.05923143;-0.3177385;1.289866,-0.1725822;-0.4653924;1.183465,-0.2094289;-0.512535;1.160051,-0.07663378;-0.5309594;1.384467,2
10132,-0.1067414;-0.08572315;1.469551,0.04913455;-0.1200344;1.432104,-0.03818356;-0.2949798;1.304154,-0.1923828;-0.4045677;1.202627,-0.2298387;-0.4641745;1.187197,-0.07680717;-0.5307198;1.384246,2
10165,-0.1067818;-0.08572813;1.469468,0.04910746;-0.1198328;1.431269,-0.03803234;-0.2942986;1.304069,-0.192132;-0.4042923;1.202855,-0.2311731;-0.4644634;1.1884,-0.07787631;-0.5304316;1.384026,2
10198,-0.1068243;-0.08572641;1.46958,0.04905745;-0.1197423;1.431109,-0.03740142;-0.2931048;1.305009,-0.191316;-0.4032729;1.203683,-0.2320548;-0.4632036;1.191194,-0.07826417;-0.5302907;1.384555,2
10234,-0.1069127;-0.08571289;1.469447,0.04882049;-0.1194767;1.429689,-0.03771551;-0.2920102;1.304072,-0.1915025;-0.4025231;1.20294,-0.2325029;-0.4603575;1.185681,-0.07857549;-0.5300931;1.384733,2
10266,-0.1071623;-0.08564135;1.469046,0.04772011;-0.1162911;1.431972,-0.03763993;-0.2912776;1.303747,-0.1913339;-0.4009684;1.201466,-0.233741;-0.4575256;1.182549,-0.0794377;-0.5292425;1.384789,2
10301,-0.1074312;-0.08572183;1.468664,0.04743781;-0.1171021;1.429377,-0.05197329;-0.2971197;1.292026,-0.2046159;-0.4094582;1.191405,-0.2472291;-0.4638426;1.170104,-0.08002583;-0.5292045;1.384622,2
10332,-0.1077497;-0.08590028;1.468035,0.04705276;-0.1178029;1.427063,-0.05474049;-0.2976651;1.290159,-0.2066853;-0.4098287;1.188208,-0.2503736;-0.4607894;1.165749,-0.08053005;-0.5292701;1.384512,2
10365,-0.1081199;-0.08596446;1.467982,0.04654035;-0.118491;1.425821,-0.05799645;-0.2992005;1.290025,-0.2086632;-0.411342;1.186047,-0.2504698;-0.4615253;1.166258,-0.08086189;-0.5294401;1.384882,2
10398,-0.1084938;-0.08605883;1.467964,0.0460676;-0.1186083;1.425363,-0.06114605;-0.300234;1.290943,-0.2707372;-0.422717;1.140468,-0.3155382;-0.4497128;1.119521,-0.0818029;-0.5297661;1.385932,2
10434,-0.1091774;-0.08634407;1.467276,0.04449203;-0.1195501;1.422368,-0.06401818;-0.3013916;1.291103,-0.2698661;-0.4227263;1.138739,-0.3113336;-0.4464162;1.106322,-0.08169653;-0.5305245;1.386131,2
10466,-0.1097045;-0.08648763;1.466795,0.04376193;-0.1200347;1.421068,-0.06749263;-0.3033068;1.292067,-0.2704704;-0.4243951;1.134005,-0.3077378;-0.4488438;1.097194,-0.08242502;-0.5306154;1.386497,2
10499,-0.1106389;-0.08717102;1.464389,0.04219053;-0.1211686;1.416316,-0.06934439;-0.3039205;1.29178,-0.2708073;-0.4260944;1.13111,-0.3018407;-0.454642;1.090582,-0.08248242;-0.5317459;1.385684,2
10532,-0.1110557;-0.08753886;1.463543,0.04114417;-0.1219508;1.414333,-0.07095023;-0.304695;1.2925,-0.2710444;-0.4270154;1.130613,-0.2998817;-0.4663146;1.095051,-0.08240956;-0.5323715;1.385542,2
10565,-0.1115457;-0.08777337;1.462483,0.04063674;-0.12194;1.413215,-0.07491351;-0.3079262;1.292194,-0.2232407;-0.4244326;1.190132,-0.2513126;-0.4810891;1.154274,-0.08250832;-0.5323955;1.38547,2
10599,-0.1119455;-0.08814421;1.460644,0.03951516;-0.122009;1.410205,-0.07819036;-0.3122365;1.289974,-0.2266893;-0.4277086;1.186935,-0.2539985;-0.4747078;1.150339,-0.08258361;-0.5325903;1.385274,2
10632,-0.1121509;-0.08827166;1.460508,0.03901699;-0.1219315;1.409381,-0.07851856;-0.3151444;1.290825,-0.2268414;-0.4298684;1.186594,-0.2491461;-0.4938207;1.158629,-0.08260962;-0.5325955;1.38539,2
10665,-0.1125081;-0.08849593;1.459594,0.03829282;-0.1217094;1.407926,-0.07877868;-0.3175857;1.289864,-0.2269282;-0.4320841;1.185081,-0.2481449;-0.494573;1.154092,-0.0826867;-0.5325693;1.385315,2
10699,-0.1127634;-0.08862816;1.459069,0.03773471;-0.1216994;1.406674,-0.07877029;-0.3188792;1.289323,-0.1924805;-0.4475717;1.159177,-0.2345817;-0.5026374;1.135505,-0.08292769;-0.5326676;1.385111,2
10732,-0.1129812;-0.08870004;1.458929,0.03763545;-0.1216406;1.4066,-0.07889292;-0.319716;1.28935,-0.1934639;-0.4472499;1.158758,-0.234764;-0.4998425;1.137721,-0.08289733;-0.5327102;1.385291,2
10766,-0.1132744;-0.08889857;1.458179,0.0375464;-0.1215007;1.406202,-0.07897882;-0.3205373;1.288984,-0.1948519;-0.4468005;1.158263,-0.2373861;-0.4980553;1.135844,-0.08288686;-0.5327213;1.385177,2
10799,-0.1134315;-0.08907197;1.457783,0.03758019;-0.12161;1.406094,-0.07889339;-0.3216516;1.28862,-0.2303196;-0.4316379;1.183484,-0.2610447;-0.4731211;1.147174,-0.08303708;-0.5328097;1.385085,2
10837,-0.1135484;-0.08919039;1.45732,0.03758297;-0.1217685;1.405894,-0.07873507;-0.3223935;1.288232,-0.2316149;-0.4314051;1.184278,-0.2589758;-0.4817584;1.150824,-0.08320711;-0.5329227;1.384946,2
10871,-0.113702;-0.08945662;1.456965,0.03761753;-0.1218216;1.405905,-0.03346948;-0.3084073;1.319761,-0.1857275;-0.395899;1.194281,-0.1381137;-0.3614875;1.24246,-0.08285606;-0.5338993;1.385262,2
10904,-0.1138151;-0.08982697;1.456531,0.03779735;-0.1219302;1.40599,-0.03354181;-0.3084238;1.319855,-0.1866476;-0.3944435;1.19437,-0.2455238;-0.3955055;1.172601,-0.08332178;-0.5346444;1.385674,2
10937,-0.1138654;-0.09001337;1.456753,0.03797851;-0.1220794;1.406314,-0.07659478;-0.3228458;1.297371,-0.2578835;-0.3695313;1.191158,-0.3009231;-0.3721915;1.149728,-0.08313356;-0.5351709;1.389655,2
10968,-0.1138831;-0.09016954;1.456705,0.03822549;-0.1224593;1.406603,-0.08066227;-0.3205373;1.292805,-0.2675227;-0.3446535;1.188516,-0.311438;-0.3342374;1.151078,-0.08292295;-0.5352793;1.391292,2
11001,-0.1139675;-0.09057129;1.456301,0.03830021;-0.1225303;1.406654,-0.07677317;-0.3171265;1.294647,-0.268809;-0.3155816;1.197263,-0.3129252;-0.2904598;1.168081,-0.08325491;-0.5359445;1.390905,2
11035,-0.1139806;-0.09093731;1.455871,0.03852043;-0.1227928;1.406876,-0.06436612;-0.3061392;1.302846,-0.2572401;-0.2912878;1.208089,-0.3057827;-0.255066;1.193513,-0.08335718;-0.5363607;1.390789,2
11069,-0.1138807;-0.09117364;1.456188,0.03869015;-0.1231201;1.407329,-0.06285939;-0.3052116;1.30444,-0.2568342;-0.2510469;1.229083,-0.3091772;-0.2130339;1.217879,-0.07915345;-0.5353247;1.396619,2
11103,-0.1138106;-0.09139802;1.456514,0.03891753;-0.1232619;1.407834,-0.06156281;-0.3039554;1.305631,-0.2718229;-0.1867079;1.250831,-0.3199702;-0.1546983;1.238102,-0.07797318;-0.5345153;1.400347,2
11136,-0.1138085;-0.09162208;1.456235,0.03895542;-0.1233099;1.407731,-0.06063795;-0.3018797;1.305365,-0.2826987;-0.1351552;1.263596,-0.3178042;-0.1079786;1.259726,-0.07805084;-0.534638;1.400154,2
11168,-0.1137137;-0.09178932;1.456537,0.03898046;-0.1233079;1.407755,-0.06052859;-0.3004661;1.305867,-0.2766633;-0.1179916;1.285744,-0.3047566;-0.08098291;1.294446,-0.07718089;-0.534511;1.40213,2
11201,-0.1137151;-0.09190106;1.456771,0.03945697;-0.1229046;1.408691,-0.05833051;-0.2979261;1.307594,-0.2544654;-0.08749215;1.310928,-0.2845738;-0.05698895;1.330238,-0.07722075;-0.53466;1.402155,2
11236,-0.1135854;-0.09196149;1.457959,0.03953645;-0.1228585;1.408876,-0.05529228;-0.2937801;1.309779,-0.2539898;-0.0857167;1.311546,-0.2752013;-0.05026554;1.360938,-0.07611478;-0.534554;1.404518,2
11268,-0.1133745;-0.09192941;1.458563,0.03956912;-0.1228594;1.408979,-0.05382695;-0.2937362;1.310413,-0.2529622;-0.08606831;1.311798,-0.2721983;-0.05546725;1.387317,-0.07575531;-0.5344222;1.405242,2
11304,-0.1131557;-0.09182537;1.458642,0.03958957;-0.1228352;1.409013,-0.05412291;-0.2935175;1.310402,-0.2533728;-0.08595864;1.311679,-0.2747683;-0.0661087;1.406735,-0.07537402;-0.5339044;1.405658,2
11337,-0.1130908;-0.09172918;1.458759,0.03960109;-0.1228389;1.409015,-0.05437385;-0.2933125;1.310273,-0.253678;-0.08580531;1.311486,-0.2753258;-0.07016142;1.410964,-0.07530469;-0.5335099;1.406123,2
11370,-0.1126151;-0.09143599;1.459586,0.03967768;-0.122829;1.409214,-0.05470238;-0.2929719;1.310258,-0.253961;-0.08542545;1.311477,-0.2713019;-0.06498372;1.412886,-0.07445116;-0.5327845;1.407674,2
11401,-0.1123749;-0.09142452;1.459951,0.03973476;-0.12282;1.409337,-0.05467922;-0.2928483;1.310192,-0.253964;-0.08532846;1.311426,-0.2732888;-0.06785622;1.409777,-0.07416581;-0.5325693;1.408118,2
11436,-0.1120108;-0.09129963;1.45958,0.03980673;-0.1227488;1.409398,-0.05403395;-0.2917269;1.307618,-0.2529226;-0.08382998;1.309202,-0.2745227;-0.06851134;1.405428,-0.07383998;-0.5322945;1.407338,2
11469,-0.1119345;-0.09116898;1.459477,0.03990421;-0.122594;1.409592,-0.04106709;-0.2949669;1.30202,-0.2298903;-0.07813441;1.310732,-0.2498827;-0.05384118;1.399239,-0.07370865;-0.5321296;1.406432,2
11501,-0.1119096;-0.09111925;1.459473,0.04009419;-0.1219281;1.410186,-0.03669917;-0.2920491;1.295421,-0.2227354;-0.072983;1.306703,-0.2427662;-0.05043875;1.391765,-0.07358335;-0.5321112;1.405331,2
11538,-0.1123678;-0.09120942;1.45948,0.04059799;-0.1200854;1.411409,-0.02876027;-0.2765492;1.272659,-0.2114415;-0.05539341;1.291115,-0.2340592;-0.04416093;1.386869,-0.07359111;-0.531971;1.404901,2
11570,-0.113229;-0.09136814;1.460067,0.0411575;-0.1159857;1.414044,-0.005136713;-0.2649565;1.25736,-0.1335662;-0.1285491;1.348501,-0.1806061;-0.09261078;1.385923,-0.07362142;-0.5320486;1.40493,2
11601,-0.1144546;-0.09249482;1.461165,0.04087932;-0.1078809;1.416436,0.04318389;-0.2286979;1.229965,-0.1207962;-0.1645672;1.338302,-0.1766947;-0.123465;1.378462,-0.07350539;-0.532048;1.404699,2
11638,-0.1169539;-0.09331761;1.464384,0.03789857;-0.08096322;1.428406,0.07908191;-0.190486;1.239361,-0.09494875;-0.1182735;1.327872,-0.1575083;-0.09413531;1.378666,-0.07242367;-0.5307125;1.407213,2
11669,-0.1171714;-0.09332327;1.464382,0.03207763;-0.06728843;1.436335,0.1173714;-0.1450003;1.24621,-0.07387441;-0.1030169;1.319524,-0.1397492;-0.09418991;1.366667,-0.07100976;-0.5289458;1.408291,2
11701,-0.1174387;-0.093343;1.464316,0.0296207;-0.06419196;1.441141,0.1456225;-0.09422318;1.253822,-0.05346816;-0.09660023;1.319055,-0.1238394;-0.1022602;1.363564,-0.06897777;-0.5269676;1.409215,2
11738,-0.118631;-0.0933659;1.463889,0.02189373;-0.06123395;1.449478,0.1653528;-0.03939631;1.281714,-0.0353881;-0.09457514;1.316928,-0.09992258;-0.1054493;1.359426,-0.06900897;-0.5264657;1.409016,2
11771,-0.1197663;-0.09349691;1.463805,0.01979211;-0.06025717;1.453569,0.1816239;0.01379068;1.32356,-0.01143062;-0.07567487;1.326391,-0.07541345;-0.09322793;1.355047,-0.06938133;-0.5253945;1.409325,2
11803,-0.1257239;-0.09215215;1.462751,0.01891563;-0.05920077;1.455981,0.1785792;0.03842137;1.340795,-0.01762138;-0.04232753;1.351477,-0.07883374;-0.06564966;1.37447,-0.06918795;-0.5235358;1.408327,2
11836,-0.1300422;-0.09010547;1.464331,0.0180132;-0.05491917;1.462884,0.1741733;0.07838175;1.391214,0.009694108;0.07946208;1.514757,-0.03591477;0.03617463;1.495459,-0.06957982;-0.5219199;1.409235,2
11869,-0.1319382;-0.08960244;1.464857,0.01478758;-0.04517617;1.475925,0.1675643;0.09375387;1.408784,0.0001544944;0.08613152;1.528448,-0.04049363;0.04183349;1.501589,-0.07013564;-0.5203224;1.41002,2
11902,-0.1317614;-0.08971728;1.46449,0.0134956;-0.04206116;1.478441,0.1528332;0.1168156;1.435371,-0.01436071;0.1141812;1.555222,-0.04899079;0.06121708;1.520855,-0.07049671;-0.5190826;1.409788,2
11936,-0.1317591;-0.08967165;1.464141,0.01212923;-0.0391151;1.480729,0.1405596;0.1309624;1.458591,-0.03848252;0.1063613;1.559383,-0.0594026;0.0549778;1.516187,-0.0707739;-0.5180745;1.409507,2
11971,-0.1320008;-0.08967241;1.463854,0.01045208;-0.03621416;1.484211,0.1306706;0.1566266;1.491387,-0.04201232;0.1673448;1.603054,-0.05850898;0.0936601;1.565992,-0.07101746;-0.5171117;1.409339,2
12002,-0.1323432;-0.08982629;1.463446,0.006253453;-0.02594242;1.495101,0.1249298;0.16027;1.500741,-0.06550798;0.09325759;1.556951,-0.06370981;0.04521624;1.510744,-0.07133837;-0.516488;1.409211,2
12037,-0.1328835;-0.09006301;1.46303,0.004341167;-0.02414524;1.499193,0.113266;0.1672975;1.518628,-0.07738116;0.0868099;1.556995,-0.06815458;0.03545735;1.505057,-0.07174279;-0.5156094;1.409091,2
12068,-0.133095;-0.09024656;1.462737,0.0005554328;-0.03393072;1.500652,0.1026748;0.1716188;1.532774,-0.0870746;0.08206163;1.556512,-0.07440625;0.02144984;1.494813,-0.07219699;-0.5157168;1.40884,2
12102,-0.1330884;-0.09033735;1.462612,-0.0008541548;-0.03808832;1.501752,0.09441131;0.1774367;1.545246,-0.09348543;0.08096934;1.558439,-0.07698958;0.0175778;1.491659,-0.07276996;-0.5158497;1.408463,2
12137,-0.1331356;-0.09042571;1.462474,-0.001616214;-0.03960307;1.50233,0.0905465;0.1787247;1.552896,-0.09826197;0.08348407;1.563076,-0.0779582;0.02121967;1.49001,-0.07294544;-0.5158745;1.408379,2
12170,-0.1333936;-0.09060459;1.462287,-0.002199304;-0.04027371;1.503178,0.08729426;0.1785968;1.560399,-0.1016069;0.08227836;1.562575,-0.1140001;0.01249645;1.492691,-0.07316688;-0.5158663;1.408314,2
12203,-0.1334461;-0.09066503;1.462146,-0.002685211;-0.04150213;1.503788,0.08674172;0.1789293;1.564373,-0.102069;0.08195633;1.561259,-0.1136252;0.01452851;1.49069,-0.07352138;-0.5158815;1.407784,2
12236,-0.1338277;-0.09083802;1.461815,-0.006423947;-0.04663779;1.508227,0.08685093;0.1779141;1.56787,-0.1026292;0.08211315;1.561156,-0.1080999;0.01473288;1.489421,-0.07398614;-0.5158779;1.407275,2
12268,-0.1343412;-0.09099688;1.461548,-0.007372947;-0.0483577;1.509154,0.08792349;0.1763341;1.570181,-0.1024254;0.08225273;1.56006,-0.1014405;0.01531114;1.488599,-0.07436656;-0.5159036;1.406878,2
12302,-0.1347706;-0.09117165;1.461525,-0.008467647;-0.04955618;1.5106,0.08990265;0.1735022;1.573231,-0.1016739;0.08200906;1.561262,-0.1022797;0.01375375;1.492183,-0.07494371;-0.5158494;1.407119,2
12336,-0.1353185;-0.09130182;1.461603,-0.008934218;-0.05012419;1.511417,0.09345184;0.1699229;1.574232,-0.1002079;0.08294176;1.562628,-0.09195094;0.01646653;1.492847,-0.07554127;-0.5158113;1.407435,2
12369,-0.1355243;-0.09131483;1.461467,-0.009087528;-0.0505313;1.511823,0.1003587;0.163334;1.57083,-0.09708483;0.08534939;1.563455,-0.08210596;0.02396809;1.490548,-0.07606079;-0.5158575;1.407281,2
12403,-0.1355065;-0.09127767;1.461578,-0.009292026;-0.04940842;1.513182,0.1101636;0.1557073;1.567225,-0.08946009;0.08373498;1.564462,-0.07884905;0.02680169;1.50483,-0.07632739;-0.5157523;1.407695,2
12438,-0.1355001;-0.0912049;1.46168,-0.007541585;-0.04374634;1.516191,0.1254304;0.1333635;1.552266,-0.05453018;0.02068005;1.534757,-0.07422116;-0.02252147;1.477382,-0.07642556;-0.5153854;1.407949,2
12468,-0.1354837;-0.09119286;1.461961,-0.006448269;-0.04167785;1.517403,0.1373938;0.1212666;1.545651,-0.06822132;0.07388831;1.559971,-0.07101355;0.02633543;1.507948,-0.07644153;-0.5151975;1.408203,2
12503,-0.1354831;-0.09116732;1.462024,-0.00557522;-0.04073832;1.516962,0.1520142;0.1020122;1.52976,-0.05579736;0.08909666;1.561564,-0.06584814;0.03559437;1.512941,-0.07642131;-0.5151515;1.408173,2
12535,-0.1355335;-0.09107292;1.462416,-0.004715331;-0.0399989;1.516694,0.1666644;0.0852165;1.520222,-0.0329801;0.01264174;1.519438,-0.0674236;0.00913728;1.49834,-0.0763914;-0.514994;1.408486,2
12569,-0.1354836;-0.09098043;1.462979,-0.0036784;-0.03950437;1.516311,0.1838212;0.06163316;1.500176,-0.02320797;0.02416343;1.521434,-0.06722924;0.005876089;1.491173,-0.07631464;-0.514913;1.408763,2
12602,-0.1353588;-0.09037013;1.464526,-0.002452376;-0.0399538;1.515424,0.1967685;0.03417153;1.487177,-0.01194664;0.00627705;1.507819,-0.05880838;0.005512544;1.494249,-0.07581249;-0.5150611;1.409667,2
12637,-0.1400988;-0.08703302;1.469617,-0.0008814457;-0.04093188;1.513882,0.2038486;3.845052E-05;1.457808,-0.05809262;-0.0606305;1.360797,-0.1319962;-0.09255997;1.417201,-0.0757251;-0.5151873;1.409665,2
12670,-0.14133;-0.08542415;1.471374,0.0007217837;-0.04255767;1.511285,0.2056244;-0.03415018;1.440202,-0.06153601;-0.06389467;1.356196,-0.1335057;-0.08606311;1.406972,-0.07531104;-0.5154459;1.409375,2
12702,-0.1401615;-0.08440182;1.474182,0.002369537;-0.04303157;1.508939,0.2041907;-0.05900071;1.42947,-0.06965563;-0.08090518;1.335988,-0.1391202;-0.103034;1.386802,-0.07319546;-0.5151183;1.410475,2
12736,-0.1358824;-0.0847773;1.473916,0.00480756;-0.04359161;1.508479,0.1839533;-0.104026;1.397738,-0.07791508;-0.09207485;1.324832,-0.1355337;-0.1148263;1.357878,-0.07138254;-0.5146604;1.411447,2
12768,-0.1331061;-0.08466408;1.473398,0.009042182;-0.04547673;1.506268,0.1716917;-0.1351193;1.389552,-0.1035342;-0.1211802;1.298744,-0.1348321;-0.1228483;1.308879,-0.07052394;-0.5145544;1.411207,2
12801,-0.1313738;-0.08170605;1.4789,0.01246812;-0.04874032;1.504294,0.1521317;-0.1825331;1.397469,-0.09506863;-0.1850587;1.295163,-0.1297192;-0.1575665;1.291711,-0.07016359;-0.5146377;1.41182,2
12839,-0.130605;-0.08077849;1.480866,0.02372479;-0.0583259;1.499542,0.1374654;-0.2158623;1.400197,-0.09750581;-0.1954952;1.29333,-0.1504787;-0.1853289;1.306994,-0.06917751;-0.5150011;1.412837,2
12871,-0.1297523;-0.08035912;1.481482,0.02719744;-0.06291357;1.497702,0.117116;-0.2381495;1.401314,-0.1440423;-0.2125731;1.276275,-0.1819599;-0.1878275;1.288855,-0.06861859;-0.5152559;1.412911,2
12903,-0.1291236;-0.08001161;1.481629,0.02951988;-0.06657102;1.496364,0.1083031;-0.2733183;1.404479,-0.08753369;-0.2610219;1.293034,-0.1421464;-0.2563025;1.302296,-0.06835545;-0.5155634;1.412452,2
12937,-0.1283799;-0.08004293;1.482269,0.04467347;-0.09192858;1.490188,0.1059642;-0.2839271;1.41034,-0.1480305;-0.2631103;1.271452,-0.1855389;-0.2344498;1.271645,-0.06825336;-0.5169185;1.411965,2
12968,-0.1277657;-0.08039765;1.482401,0.04555313;-0.09388179;1.489696,0.102799;-0.2920571;1.418049,-0.1482379;-0.2695237;1.272705,-0.1888196;-0.2652779;1.271779,-0.06927603;-0.5219896;1.407727,2
13002,-0.1269904;-0.08073677;1.482285,0.04667778;-0.09687022;1.488582,0.1025671;-0.2980948;1.421126,-0.1455264;-0.3001991;1.269124,-0.1886015;-0.2990217;1.267424,-0.0700583;-0.5254467;1.405046,2
13037,-0.1263806;-0.08126149;1.48276,0.04775561;-0.09973235;1.488747,0.1033535;-0.3033258;1.424763,-0.1440787;-0.316851;1.272374,-0.1949446;-0.3374106;1.273395,-0.06940103;-0.5278175;1.403597,2
13070,-0.125907;-0.08152634;1.48271,0.04897507;-0.1018418;1.487757,0.1055861;-0.3047645;1.425378,-0.1362194;-0.3414569;1.267862,-0.1998601;-0.3863192;1.266937,-0.07088795;-0.5293654;1.399953,2
13104,-0.1252908;-0.08178087;1.482288,0.05078094;-0.1038325;1.486723,0.1102169;-0.3069144;1.42602,-0.1295717;-0.3512467;1.267398,-0.189463;-0.4026371;1.264446,-0.07137132;-0.5296996;1.396932,2
13138,-0.1247514;-0.08201203;1.482501,0.0508714;-0.1039528;1.486756,0.1151858;-0.3101488;1.429389,-0.1197611;-0.3735592;1.270144,-0.178295;-0.4193527;1.259785,-0.07126419;-0.5298085;1.396581,2
13169,-0.1242481;-0.08220149;1.48237,0.05231301;-0.1062146;1.48643,0.1181231;-0.3125312;1.431681,-0.101694;-0.4100649;1.268306,-0.1701599;-0.4570038;1.229428,-0.07101625;-0.530306;1.395472,2
13201,-0.1231968;-0.08273041;1.480891,0.05232995;-0.1062128;1.486379,0.1193138;-0.3139584;1.433059,-0.01591767;-0.4221421;1.303913,-0.06327309;-0.4333156;1.287898,-0.06855212;-0.5295169;1.389158,2
13237,-0.1227703;-0.08301283;1.480791,0.05309047;-0.1073668;1.487044,0.1206216;-0.3163032;1.438603,-0.01410202;-0.4195468;1.304677,-0.06465793;-0.4305808;1.292953,-0.06836246;-0.5297256;1.388825,2
13269,-0.1223659;-0.08331948;1.480901,0.05387505;-0.108562;1.488455,0.1209894;-0.3184473;1.443061,-0.01303837;-0.4185043;1.305878,-0.05314315;-0.4493243;1.294398,-0.06825987;-0.5298581;1.388771,2
13302,-0.1217158;-0.08386096;1.480614,0.05435471;-0.1091737;1.489122,0.1209018;-0.3193712;1.444788,-0.01263998;-0.4180639;1.306072,-0.05094664;-0.4475036;1.293993,-0.06736364;-0.5300695;1.387855,2
13336,-0.1209782;-0.08429383;1.480194,0.05491927;-0.1096553;1.489513,0.1209118;-0.3197615;1.445393,-0.01243981;-0.4178383;1.306024,-0.04889463;-0.4465888;1.293073,-0.06638312;-0.5301262;1.386464,2
13369,-0.1200251;-0.0847421;1.4801,0.05556764;-0.1100499;1.490349,0.1214569;-0.3201447;1.446914,-0.01175594;-0.4173404;1.306754,-0.05156633;-0.4471933;1.291934,-0.0658135;-0.530225;1.385998,2
13401,-0.1191818;-0.08510084;1.480025,0.05614469;-0.1103332;1.490984,0.1217655;-0.3205158;1.447713,-0.01140378;-0.4172971;1.307206,-0.05106371;-0.4474456;1.291654,-0.06536965;-0.5302683;1.385632,2
13435,-0.1184046;-0.08539274;1.480464,0.05698415;-0.1109094;1.492248,0.1228253;-0.321155;1.44996,-0.01049597;-0.4172174;1.309083,-0.0522934;-0.4484945;1.292859,-0.06511796;-0.5303231;1.385596,2
13469,-0.117734;-0.08554383;1.480354,0.05750664;-0.1112864;1.492465,0.1233073;-0.3216294;1.450445,-0.01031748;-0.4169078;1.309302,-0.0603874;-0.4274406;1.292693,-0.0648277;-0.53043;1.385298,2
13507,-0.1171108;-0.08576464;1.480706,0.05813131;-0.1117381;1.493299,0.1239322;-0.3220973;1.451429,-0.003973799;-0.42527;1.310661,-0.05066045;-0.4382225;1.296811,-0.06462236;-0.5304694;1.385285,2
13540,-0.1159297;-0.08603584;1.479761,0.05884751;-0.112213;1.492721,0.1240379;-0.3221784;1.45115,-0.004881453;-0.4223795;1.30907,-0.05089084;-0.4322147;1.289439,-0.06090479;-0.531609;1.384493,2
13572,-0.1154561;-0.08621305;1.479953,0.05927698;-0.1123677;1.493223,0.1243535;-0.322458;1.451676,-0.0007230478;-0.427899;1.310044,-0.0462943;-0.4413295;1.296172,-0.06043689;-0.5317754;1.384604,2
13605,-0.1151903;-0.08626316;1.479795,0.05966185;-0.112679;1.493118,0.1244136;-0.3225628;1.451681,-0.002929763;-0.4252913;1.310038,-0.04875676;-0.4369361;1.292882,-0.06008716;-0.531906;1.384489,2
13641,-0.114843;-0.0863087;1.479529,0.05994736;-0.1129216;1.492944,0.1245143;-0.3227447;1.451623,-0.004219935;-0.4237641;1.309986,-0.05019246;-0.433698;1.292579,-0.05982383;-0.531998;1.384302,2
13671,-0.1144778;-0.0864265;1.479592,0.06020307;-0.1131335;1.493041,0.1247494;-0.3229414;1.451799,-0.005038855;-0.4230084;1.310448,-0.05287799;-0.4349374;1.294871,-0.05853228;-0.5325788;1.384979,2
13704,-0.1142507;-0.08653087;1.479621,0.06045399;-0.1133273;1.493214,0.124863;-0.323085;1.451928,-0.002294579;-0.426353;1.31053,-0.04897283;-0.4377508;1.295036,-0.05823902;-0.5327492;1.385081,2
13740,-0.113579;-0.0866238;1.478465,0.06089276;-0.1137293;1.492133,0.1250745;-0.3230894;1.451553,-0.0006051151;-0.4267402;1.309076,-0.04477648;-0.4353228;1.288986,-0.05767683;-0.5330017;1.384588,2
13773,-0.1133303;-0.08674162;1.478367,0.06110057;-0.1139789;1.492056,0.1251139;-0.3232196;1.451564,-0.002663792;-0.4248509;1.309489,-0.04792163;-0.436134;1.291928,-0.05743566;-0.5331677;1.384539,2
13807,-0.1129154;-0.08682662;1.47807,0.06127363;-0.1140712;1.492002,0.1251326;-0.3233165;1.451529,-0.003352115;-0.4238267;1.309272,-0.04979199;-0.4335088;1.291296,-0.05715998;-0.5332928;1.384469,2
13841,-0.1126478;-0.08687433;1.478086,0.0615447;-0.1143203;1.492015,0.1251334;-0.3234171;1.451653,-0.003833893;-0.4234623;1.309504,-0.0505206;-0.4345147;1.293328,-0.05662784;-0.5335234;1.384647,2
13873,-0.1120265;-0.08698114;1.476814,0.061949;-0.1147228;1.490997,0.1251982;-0.323453;1.451359,-0.004237597;-0.4223807;1.308822,-0.04855904;-0.4313832;1.287815,-0.05575689;-0.533778;1.383673,2
13905,-0.1114539;-0.08706205;1.475881,0.06231216;-0.1150248;1.490021,0.1252592;-0.323393;1.451104,0.001203495;-0.4254402;1.305938,-0.04331037;-0.4352588;1.287795,-0.05516243;-0.5340297;1.382943,2
13940,-0.1113165;-0.08710467;1.475953,0.06243765;-0.1150461;1.490149,0.1252526;-0.3234299;1.451167,0.002686344;-0.4270254;1.305847,-0.04297114;-0.4396406;1.29135,-0.05485567;-0.5340769;1.383016,2
13973,-0.1110104;-0.08720431;1.475822,0.06255805;-0.1150837;1.490041,0.1253318;-0.3234812;1.451151,0.005065444;-0.4297636;1.305889,-0.03835345;-0.4421265;1.290424,-0.0544688;-0.5342433;1.38292,2
14007,-0.1109914;-0.08720854;1.475847,0.0626843;-0.1151486;1.490172,0.1252974;-0.3235759;1.451232,0.001594633;-0.4284783;1.307927,-0.04356978;-0.4402747;1.292733,-0.05502708;-0.5342571;1.382756,2
14041,-0.1108778;-0.08721344;1.475725,0.06284907;-0.1152311;1.490045,0.1252968;-0.3235922;1.45119,9.175004E-05;-0.4264207;1.307649,-0.04555777;-0.4359085;1.289085,-0.05561114;-0.5340924;1.381903,2
14072,-0.1106121;-0.08725818;1.475838,0.06290872;-0.1152738;1.490092,0.1255668;-0.3237524;1.451671,5.293867E-05;-0.4266085;1.308433,-0.04659799;-0.4370891;1.292301,-0.0550199;-0.5342916;1.382184,2
14104,-0.1103218;-0.08736409;1.475941,0.06306035;-0.1154427;1.490243,0.1256571;-0.3238477;1.451794,-0.0003022569;-0.426349;1.308694,-0.04638105;-0.4371038;1.29194,-0.0545659;-0.5344856;1.382334,2
14139,-0.1099851;-0.08747535;1.475593,0.06321778;-0.1155545;1.490015,0.1256195;-0.3238493;1.451617,-0.05005104;-0.4231898;1.284675,-0.1162153;-0.4551655;1.23183,-0.05441254;-0.534594;1.382179,2
14172,-0.1097775;-0.08750805;1.475692,0.06329116;-0.115592;1.489983,0.1256309;-0.3238708;1.451649,-0.05027299;-0.4232337;1.285034,-0.1166875;-0.455896;1.233812,-0.05415294;-0.5346621;1.382248,2
14206,-0.1096807;-0.08753499;1.475714,0.06336954;-0.1156611;1.489948,0.1256207;-0.3239307;1.451653,-0.05014013;-0.4231491;1.285321,-0.1165216;-0.4556529;1.233554,-0.05398382;-0.5346847;1.382288,2
14240,-0.1094775;-0.08759911;1.476271,0.06351482;-0.1158115;1.490339,0.1256056;-0.3241274;1.452021,0.2978059;-0.4118221;1.335407,0.3036255;-0.3962041;1.383648,-0.05378588;-0.5347542;1.382599,2
14273,-0.1092655;-0.08762907;1.475939,0.06359651;-0.1159106;1.490123,0.1256205;-0.3241271;1.451819,0.2946302;-0.4140874;1.332104,0.3071448;-0.4050717;1.37872,-0.05359571;-0.5348359;1.382484,2
14305,-0.1091528;-0.08766294;1.475953,0.06365007;-0.1159655;1.490126,0.1255103;-0.3243251;1.451816,-0.003205583;-0.4260882;1.310733,-0.0478323;-0.4359072;1.291005,-0.05348942;-0.5348853;1.38252,2
14340,-0.1090182;-0.0876955;1.475778,0.06372987;-0.1160242;1.490028,0.1255725;-0.324364;1.451717,0.005126617;-0.432086;1.307746,-0.03692498;-0.44443;1.288536,-0.0533622;-0.5349215;1.382393,2
14374,-0.108924;-0.08781449;1.476386,0.06403129;-0.1160848;1.491054,0.1255426;-0.3246387;1.452987,0.003037804;-0.4308475;1.309638,-0.04191997;-0.4440285;1.294901,-0.05295745;-0.5350227;1.383341,2
14406,-0.1088944;-0.08782022;1.476383,0.06405979;-0.1161106;1.491089,0.1255185;-0.324674;1.45298,0.004524717;-0.4319505;1.309138,-0.03862801;-0.4428712;1.292056,-0.05290801;-0.5350608;1.383351,2
14443,-0.1088628;-0.08782978;1.476355,0.06411096;-0.116194;1.491093,0.1255415;-0.3246917;1.453,0.006326415;-0.4332298;1.308615,-0.03528036;-0.4458273;1.291951,-0.05280361;-0.5351031;1.383358,2
14473,-0.1088073;-0.0878828;1.476349,0.0641479;-0.1162271;1.49113,0.1255971;-0.3247091;1.453073,0.0003144467;-0.4275617;1.309629,-0.04407368;-0.439418;1.291257,-0.05269097;-0.5351865;1.38335,2
14506,-0.1086444;-0.08798223;1.476218,0.06420688;-0.1162448;1.491096,0.1256186;-0.3247634;1.453022,0.003744004;-0.430383;1.308655,-0.03836958;-0.4425553;1.290849,-0.05259792;-0.5352378;1.383298,2
14540,-0.1085856;-0.08801585;1.476187,0.06426159;-0.1162814;1.491099,0.1256058;-0.3248311;1.453012,0.006750535;-0.4332719;1.308242,-0.035186;-0.4460116;1.292254,-0.05252212;-0.5352752;1.3833,2
14573,-0.1085063;-0.08804867;1.476296,0.06437778;-0.1163841;1.491159,0.1256625;-0.325025;1.453327,0.00714373;-0.4336177;1.308392,-0.03552726;-0.4467768;1.293764,-0.05242318;-0.535332;1.383462,2
14604,-0.1083386;-0.08809148;1.476068,0.06457939;-0.1166317;1.490615,0.1257415;-0.3249879;1.452917,0.008447743;-0.4345422;1.30771,-0.03315244;-0.4453637;1.289649,-0.05224684;-0.5354249;1.383175,2
14640,-0.1082605;-0.08814454;1.475976,0.0646732;-0.1167093;1.490471,0.1257964;-0.3250285;1.452715,0.004229122;-0.4301628;1.307703,-0.03886725;-0.4419315;1.290251,-0.0521515;-0.5354831;1.383062,2
14674,-0.1081001;-0.08821019;1.475992,0.06473299;-0.1167689;1.490631,0.1257838;-0.3250782;1.452716,0.002111621;-0.4288725;1.308537,-0.04254895;-0.4395593;1.291514,-0.05213006;-0.535493;1.38307,2
14707,-0.107924;-0.08833066;1.47658,0.06500272;-0.1168683;1.491495,0.1257731;-0.3253602;1.453459,0.0004099341;-0.4276664;1.309676,-0.04595761;-0.4413595;1.295576,-0.05193583;-0.535601;1.383884,2
14740,-0.1078564;-0.08835498;1.476224,0.06509735;-0.1169786;1.491115,0.1258615;-0.3253374;1.453024,-0.0008240436;-0.4254597;1.308815,-0.04521455;-0.4353948;1.288893,-0.05180962;-0.5356613;1.383556,2
14773,-0.107816;-0.08839963;1.476261,0.06515443;-0.1169989;1.491154,0.125864;-0.3253353;1.453021,-0.001468358;-0.4249165;1.309009,-0.04713463;-0.436918;1.292614,-0.05179332;-0.5356838;1.383574,2
14806,-0.1078053;-0.08840821;1.476261,0.06518617;-0.1170667;1.491155,0.1258602;-0.3253047;1.453015,-0.001523551;-0.4251743;1.309262,-0.04666028;-0.4363253;1.292017,-0.05177148;-0.5356908;1.383576,2
14841,-0.1077465;-0.08842003;1.475923,0.06525405;-0.1171285;1.490968,0.1258504;-0.3251902;1.452256,-0.002439586;-0.4239726;1.308543,-0.04880599;-0.4323346;1.289187,-0.05164198;-0.5356933;1.382984,2
