Time_Stamp,Flex,Accel,Gyro,HandLeft,WristLeft,ElbowLeft,ShoulderLeft,SpineShoulder,SpineBase,TrimmingId
0,1023,-5568;-15364;-4276,1214;-409;-1099,-0.09613955;-0.05776559;0.9360014,-0.145433;-0.04149956;0.968375,-0.2158026;0.06266469;1.177841,-0.167958;0.2488273;1.284277,-0.008412712;0.2663549;1.279957,0.004626573;-0.2311072;1.274693,0
32,1019,-5456;-15268;-4164,816;-292;-1283,-0.09738024;-0.05730687;0.9355106,-0.1352875;-0.04687487;0.9526464,-0.2195132;0.04946078;1.162998,-0.1679672;0.2488245;1.284266,-0.008421025;0.2663416;1.279936,0.004610369;-0.2311391;1.274689,0
70,1023,-5484;-15504;-3840,1223;-282;-1181,-0.09724385;-0.05668162;0.934876,-0.1447472;-0.04086624;0.9663655,-0.2203522;0.04760075;1.160591,-0.1679785;0.2488268;1.284271,-0.008422491;0.2663413;1.279899,0.00458357;-0.231124;1.27468,0
99,1023,-5488;-15064;-3948,1367;-709;-1237,-0.0973694;-0.05675809;0.9356809,-0.1448094;-0.04085004;0.9661426,-0.2180142;0.05763841;1.171209,-0.1679786;0.2488246;1.284262,-0.008435573;0.2663257;1.279875,0.004564238;-0.2311202;1.274657,0
131,1023,-5552;-14776;-4028,1021;-394;-1071,-0.09678869;-0.05638373;0.9353353,-0.1345869;-0.04572611;0.9520384,-0.2208974;0.05017411;1.162286,-0.1679896;0.2488299;1.28426,-0.008435909;0.266323;1.279871,0.00453424;-0.2311153;1.274658,0
165,1023,-5412;-14932;-4012,805;-598;-1117,-0.09803984;-0.05616862;0.9320099,-0.1378985;-0.04457958;0.9547254,-0.2170499;0.05866431;1.174271,-0.1679679;0.2487825;1.284,-0.008448544;0.2662753;1.279667,0.004491569;-0.2311398;1.274174,0
198,1022,-5432;-15060;-4280,1160;-525;-1060,-0.09678978;-0.05664572;0.9375231,-0.1349669;-0.04624658;0.9516788,-0.2201165;0.05080339;1.165115,-0.1679726;0.2487782;1.284025,-0.007920253;0.2667079;1.281564,0.00442769;-0.2311179;1.274315,0
231,1023,-5508;-15004;-3936,1235;-500;-1111,-0.09614207;-0.05672955;0.9355317,-0.1236717;-0.0517079;0.9475818,-0.2207427;0.04848377;1.162527,-0.1679729;0.2487781;1.284025,-0.007932843;0.2666658;1.28144,0.004527417;-0.2311765;1.274373,0
269,1023,-5540;-15088;-3960,961;-500;-1200,-0.0958668;-0.05677393;0.9320691,-0.1320153;-0.04814576;0.9573112,-0.2208689;0.04654444;1.159169,-0.1679821;0.2487506;1.283861,-0.008007267;0.2665401;1.281027,0.004557918;-0.2312501;1.274251,0
303,1021,-5252;-15124;-4156,932;-501;-1122,-0.0970605;-0.05779051;0.9366336,-0.1393835;-0.04803015;0.9572693,-0.2209972;0.0460771;1.159029,-0.1679958;0.2488077;1.283887,-0.008017238;0.2665317;1.28101,0.004580102;-0.231239;1.274406,0
332,1023,-5456;-15048;-4120,1187;-637;-1080,-0.09654966;-0.05689569;0.9338183,-0.1444422;-0.04359889;0.965896,-0.2209786;0.04551206;1.158023,-0.1679915;0.2487964;1.283826,-0.008025745;0.266461;1.280771,0.004598197;-0.2312837;1.274375,0
367,1023,-5344;-15120;-4096,1056;-383;-1140,-0.09621958;-0.05711087;0.9358873,-0.1444611;-0.04365131;0.9659615,-0.2210611;0.04533275;1.157976,-0.167988;0.2488078;1.283859,-0.008040058;0.2664465;1.280738,0.004544804;-0.2312707;1.274419,0
398,1022,-5400;-15016;-3992,1126;-557;-1127,-0.09606108;-0.05698306;0.9338392,-0.1468679;-0.04304264;0.9676311,-0.2211094;0.04509456;1.157411,-0.1679884;0.2488032;1.283801,-0.008076368;0.2663881;1.28055,0.004506136;-0.2312431;1.27421,0
431,1023,-5232;-15072;-4216,912;-438;-1099,-0.09652118;-0.05727848;0.9363859,-0.1476879;-0.04177169;0.970216,-0.2211911;0.04484576;1.157201,-0.1679841;0.2488312;1.283797,-0.00807959;0.266371;1.280526,0.0046711;-0.2312917;1.274271,0
468,1020,-5336;-15108;-4200,1263;-631;-1027,-0.09579244;-0.05723341;0.9360936,-0.1481124;-0.04107489;0.9715365,-0.2212858;0.04463119;1.157063,-0.1679759;0.2487994;1.283779,-0.008094274;0.2663328;1.280446,0.004617709;-0.2313188;1.274286,0
499,1018,-5428;-15108;-4196,1014;-417;-1040,-0.09543285;-0.05678138;0.9338249,-0.1482708;-0.0407069;0.9719329,-0.2213593;0.0443926;1.156484,-0.1679589;0.2487504;1.283713,-0.008121738;0.2662795;1.280218,0.004564955;-0.2313264;1.274234,0
535,1021,-5312;-14888;-4044,1142;-540;-1075,-0.09590863;-0.05719712;0.9385912,-0.1480065;-0.04072586;0.9715524,-0.2214039;0.04427796;1.156582,-0.167966;0.2488401;1.283777,-0.008143277;0.2662746;1.280226,0.004509537;-0.2312387;1.274384,0
567,1022,-5336;-14844;-3744,905;-533;-1050,-0.09581196;-0.05686555;0.9359499,-0.1472964;-0.0414274;0.9706496,-0.2214749;0.04417951;1.156568,-0.1679584;0.2487843;1.283755,-0.008166329;0.2662537;1.280192,0.004551813;-0.2313098;1.274409,0
599,1023,-5372;-15140;-4180,816;-503;-1005,-0.09367054;-0.05625287;0.9382021,-0.1309208;-0.05666107;0.9481608,-0.2308806;0.03767734;1.105094,-0.1679523;0.2487674;1.283824,-0.008176041;0.2662542;1.280202,0.00451466;-0.2312552;1.27474,0
631,1023,-5244;-15344;-4356,757;-393;-1118,-0.09321315;-0.05725643;0.9356197,-0.1462136;-0.04132855;0.9728189,-0.2226669;0.04216386;1.157265,-0.1679459;0.2487881;1.28386,-0.008189354;0.2662413;1.280206,0.004491022;-0.2312497;1.274753,0
665,1017,-5412;-15336;-4264,1346;-320;-1128,-0.09014696;-0.05817842;0.928898,-0.1327476;-0.05089122;0.956686,-0.2222499;0.04222746;1.156377,-0.1679161;0.248654;1.283682,-0.008055883;0.2662683;1.280274,0.004676411;-0.2313808;1.274279,0
702,1023,-5308;-14880;-3952,1054;-350;-1181,-0.08543585;-0.06235195;0.9281551,-0.1190128;-0.05594635;0.9469907,-0.21697;0.05613524;1.171933,-0.1679197;0.2486387;1.283681,-0.008060972;0.2662479;1.280243,0.004945426;-0.2314789;1.274089,0
732,1023,-5344;-14728;-4004,884;-571;-887,-0.08158556;-0.0658437;0.9245288,-0.1142441;-0.05681258;0.9438885,-0.2507368;0.04389738;1.1608,-0.1679337;0.2486812;1.283733,-0.008064106;0.2662424;1.280244,0.005112975;-0.2315331;1.274115,0
766,1022,-5372;-15188;-4464,1131;-626;-711,-0.07982348;-0.07218779;0.9157614,-0.1135247;-0.06718253;0.935849,-0.2499415;0.04166166;1.153552,-0.1679191;0.248682;1.28374,-0.008055568;0.2661918;1.280175,0.005468147;-0.2316885;1.273781,0
797,1023,-5340;-15080;-4108,1043;-140;-794,-0.08079173;-0.07783526;0.905995,-0.1240344;-0.06130053;0.9437526,-0.2446769;0.03941691;1.144609,-0.1678905;0.2487097;1.283787,-0.008048369;0.2661915;1.280176,0.005841437;-0.2311989;1.273813,0
831,1021,-5464;-15148;-3968,1183;-649;-922,-0.08650391;-0.08234455;0.8971624,-0.1276566;-0.0602371;0.9458307,-0.2404302;0.03744772;1.134898,-0.1678729;0.2487174;1.283783,-0.008031273;0.2661728;1.280111,0.006099352;-0.2310633;1.273764,0
864,1022,-5508;-15272;-4148,787;-344;-1034,-0.09390021;-0.08546554;0.8853832,-0.1222401;-0.07408574;0.9162393,-0.2382316;0.03670764;1.130879,-0.1676852;0.2486704;1.283542,-0.007958788;0.2661302;1.279876,0.006451348;-0.2308175;1.273397,0
899,1023,-5404;-14768;-4596,1061;-389;-1103,-0.1021119;-0.08720492;0.8787822,-0.1234762;-0.07421668;0.9150656,-0.2357597;0.03685317;1.131316,-0.167651;0.2486806;1.283531,-0.007931087;0.2661136;1.279812,0.006501438;-0.2307567;1.273444,0
933,1019,-5432;-14692;-4348,759;-298;-1069,-0.113928;-0.08525592;0.8722814,-0.1300009;-0.07339324;0.9168958,-0.2346255;0.03636803;1.130069,-0.1675181;0.2486072;1.283419,-0.007918743;0.2660566;1.279685,0.006517684;-0.2307367;1.273507,0
966,1021,-5320;-14832;-4464,1031;-319;-841,-0.1272956;-0.08099822;0.8768376,-0.1302584;-0.07367931;0.9178399,-0.2312633;0.03861721;1.135731,-0.1674934;0.2485722;1.283411,-0.00789321;0.2660345;1.279685,0.006943641;-0.2309649;1.274329,0
998,1023,-5304;-15108;-4284,1144;-188;-791,-0.1329379;-0.08486938;0.8789929,-0.1302605;-0.0778558;0.909229,-0.2289487;0.04049797;1.140276,-0.167476;0.2485677;1.283443,-0.007869598;0.2660018;1.27965,0.006887038;-0.2309771;1.274605,0
1031,1016,-5508;-15112;-4288,832;-225;-888,-0.1386917;-0.09390977;0.8722671,-0.1319228;-0.08246613;0.9084897,-0.2269205;0.03989873;1.139963,-0.167445;0.2485032;1.28339,-0.007848499;0.2659416;1.279555,0.006333137;-0.2310505;1.274871,0
1065,1020,-5344;-15400;-4320,939;-501;-1050,-0.1465605;-0.1033499;0.8634765,-0.1343316;-0.08396447;0.9089088,-0.2230439;0.03777126;1.136804,-0.1674174;0.2484511;1.283437,-0.007831248;0.2659201;1.279699,0.005498818;-0.2310263;1.277616,0
1098,1021,-5556;-15396;-4240,1030;-312;-965,-0.1556179;-0.1055146;0.8513339,-0.1388266;-0.08504649;0.912125,-0.2154842;0.03273194;1.12806,-0.1673665;0.2483494;1.283305,-0.007848003;0.2658235;1.279647,0.004770475;-0.2310917;1.278039,0
1134,1020,-5328;-15216;-4504,1052;-574;-1150,-0.167075;-0.1063022;0.8532537,-0.1562886;-0.09956018;0.8913646,-0.2131638;0.03213916;1.130794,-0.1673601;0.2483017;1.283332,-0.00786144;0.2658065;1.279672,0.003284818;-0.2309852;1.280081,0
1166,1023,-5408;-15148;-4388,1437;-231;-945,-0.174884;-0.1041865;0.8569085,-0.1615966;-0.06788874;0.963674,-0.2091297;0.03416148;1.139411,-0.1673313;0.2482501;1.283308,-0.007864283;0.2657725;1.279668,0.002733928;-0.2309539;1.280746,0
1199,1023,-5260;-15024;-4360,1293;-549;-1082,-0.1826051;-0.1030624;0.8574495,-0.1751363;-0.0593835;0.9592307,-0.2077065;0.03470162;1.142713,-0.167302;0.2481677;1.283258,-0.007189343;0.265621;1.280603,0.002734035;-0.2309982;1.28104,0
1233,1021,-5452;-15280;-4424,1278;-335;-1151,-0.1878309;-0.09896125;0.8624306,-0.1786315;-0.05665706;0.9620737,-0.2061434;0.03547575;1.147364,-0.1672633;0.2480954;1.283234,-0.007210887;0.2655811;1.280582,0.002550029;-0.2309114;1.281412,0
1266,1023,-5344;-14648;-4488,1213;-336;-1254,-0.192183;-0.09398533;0.8652853,-0.180002;-0.05424181;0.9647797,-0.2051287;0.0362873;1.151201,-0.1672103;0.2480011;1.283183,-0.007240278;0.2655277;1.280538,0.002535594;-0.2309361;1.281595,0
1299,1023,-5416;-14808;-4256,1317;-332;-1004,-0.1909732;-0.08614028;0.8728789,-0.1512827;-0.07707679;0.9586231,-0.2048956;0.03769216;1.153598,-0.1671187;0.2477647;1.282877,-0.007342026;0.2653408;1.280262,0.002481733;-0.230965;1.281545,0
1333,1023,-5216;-14704;-4192,1295;-238;-997,-0.2014975;-0.08463521;0.8746727,-0.2082796;-0.07171908;0.9049084,-0.2042109;0.0402034;1.16047,-0.1670591;0.2476737;1.282844,-0.007372245;0.2652792;1.280189,0.002553642;-0.2309997;1.281771,0
1366,1023,-5340;-14536;-4052,1401;-276;-663,-0.2024107;-0.07756352;0.8827941,-0.208224;-0.06856716;0.9113894,-0.2016109;0.04305366;1.16702,-0.1669908;0.2474817;1.282735,-0.00741072;0.2652275;1.280157,0.002462123;-0.2310473;1.281863,0
1399,1020,-5420;-14628;-4204,1538;-565;-384,-0.2049995;-0.07335562;0.885793,-0.2108989;-0.06768377;0.9130962,-0.2014214;0.04431514;1.168472,-0.1668979;0.2473308;1.282559,-0.00745006;0.2651214;1.279981,0.002491858;-0.2310704;1.281869,0
1431,1023,-5072;-13588;-4772,1137;-569;-33,-0.2426894;-0.07983961;0.8750367,-0.216295;-0.06648687;0.9161255,-0.201507;0.04600644;1.171033,-0.1668699;0.2472878;1.282578,-0.007471336;0.2651015;1.279996,0.002479241;-0.2311551;1.282333,0
1465,1023,-5340;-13648;-5056,1376;-222;921,-0.2416666;-0.07396136;0.8799791,-0.2180146;-0.0580563;0.928188,-0.1961426;0.05217913;1.183553,-0.1667868;0.2471498;1.282462,-0.007507265;0.2650435;1.279957,0.002631888;-0.2311741;1.282461,0
1499,1019,-5444;-13656;-5156,1918;421;2257,-0.2443823;-0.07126001;0.8819131,-0.2208617;-0.05765983;0.9316499,-0.1945082;0.05266194;1.186553,-0.1666739;0.2470748;1.282394,-0.007509362;0.2650134;1.279953,0.002822227;-0.2312104;1.282548,0
1533,1022,-6252;-14520;-4172,1922;1107;1870,-0.2216576;-0.06494347;0.9001888,-0.2234159;-0.05470274;0.9344478,-0.1925059;0.05359909;1.189702,-0.1665993;0.2470223;1.282385,-0.006944744;0.2647859;1.281238,0.002881077;-0.2312157;1.282666,0
1567,1023,-5640;-14288;-3840,182;255;1168,-0.2244775;-0.06354347;0.9000604,-0.2258358;-0.05720793;0.9281003,-0.1882635;0.04691284;1.184212,-0.1665194;0.2469426;1.282297,-0.006960321;0.2647379;1.28114,0.003247073;-0.2312146;1.282622,0
1601,1023,-5596;-13828;-4728,362;55;2109,-0.2293371;-0.06204146;0.9024593,-0.2281548;-0.05686054;0.927985,-0.1852148;0.04463736;1.18431,-0.1663484;0.246801;1.282103,-0.006978911;0.2646622;1.280966,0.003540477;-0.2312348;1.282603,0
1633,1020,-5984;-14348;-4476,1186;781;4121,-0.2339481;-0.06157184;0.9068792,-0.2289266;-0.05975182;0.9297822,-0.1681199;0.0199625;1.190153,-0.1662988;0.2467795;1.282089,-0.006983208;0.2646378;1.280934,0.003815371;-0.2312017;1.282725,0
1669,1020,-7164;-14016;-4124,2669;-62;4715,-0.2399182;-0.06151932;0.9089335,-0.2330748;-0.06148551;0.9260327,-0.1652377;0.0153022;1.18556,-0.1661156;0.2466844;1.281962,-0.00698553;0.2646134;1.280915,0.003830915;-0.231221;1.28274,0
1699,1023,-7364;-14104;-3976,5047;-1384;5052,-0.2433381;-0.06088345;0.9091734,-0.2355989;-0.06075562;0.9264963,-0.1664197;0.01957255;1.184599,-0.1660134;0.2466775;1.28195,-0.006989885;0.264551;1.280837,0.003958684;-0.2312618;1.28271,0
1732,1020,-6508;-11756;-5468,9297;-579;4820,-0.2457213;-0.06062381;0.9094303,-0.2369606;-0.05706241;0.9335082,-0.1738482;0.03803459;1.188117,-0.164235;0.2459671;1.281724,-0.007006935;0.2644443;1.280679,0.004160847;-0.2312862;1.282663,0
1767,1023,-6952;-10256;-7332,20059;3054;7497,-0.2449999;-0.06141796;0.9104249,-0.2377469;-0.05712559;0.9345428,-0.175084;0.03985208;1.188552,-0.1642466;0.2459549;1.2817,-0.007026178;0.264367;1.280462,0.004282407;-0.2312906;1.282655,0
1800,1023,-11684;-12332;-3728,30545;270;11825,-0.2462077;-0.06171157;0.9113999,-0.2384339;-0.05782846;0.9347058,-0.1737572;0.03790127;1.188684,-0.1642497;0.2459644;1.281721,-0.007039149;0.2643298;1.280435,0.00448235;-0.2313092;1.282869,0
1832,1019,-20724;-18636;17472,32767;-20657;-104,-0.2407059;-0.06137789;0.9050842,-0.2384665;-0.05744894;0.93509,-0.1753871;0.04002546;1.188805,-0.1642388;0.2459701;1.281698,-0.007066107;0.2642545;1.280259,0.004630633;-0.2312968;1.282672,0
1865,1023,-5732;1052;17356,19035;-4038;1634,-0.2403989;-0.0623994;0.9048703,-0.2385854;-0.05787348;0.9343439,-0.1750805;0.03851061;1.18837,-0.1642547;0.2459773;1.281722,-0.007071574;0.2642417;1.280252,0.004658719;-0.2312944;1.282725,0
1899,1020,-7796;-1152;8844,-2382;511;696,-0.2419727;-0.06498978;0.8916193,-0.232971;-0.05869789;0.9352551,-0.1608186;0.01505733;1.194484,-0.1642465;0.2459583;1.281599,-0.007095369;0.2641587;1.28004,0.004807362;-0.2312803;1.282487,0
1933,1021,-11136;-8904;7408,-6561;1131;-3943,-0.2399361;-0.06410307;0.8885112,-0.2325158;-0.05974275;0.9249769,-0.1651044;0.01715449;1.184584,-0.1642569;0.2459437;1.281591,-0.007107354;0.2641377;1.280021,0.004822064;-0.2312798;1.282496,0
1965,1023,-11508;-12412;7412,-3430;-4417;-3218,-0.2699323;-0.06924424;0.8574628,-0.2341505;-0.06475423;0.8954911,-0.1689969;0.008203796;1.156865,-0.1642823;0.2458697;1.281465,-0.007136192;0.2641014;1.27997,0.004810168;-0.231289;1.282471,0
2000,1021,-9244;-11188;6640,1493;-4516;-1717,-0.2359279;-0.06290931;0.8632266,-0.2220861;-0.04688966;0.9325645,-0.1821326;0.04725788;1.19214,-0.1642991;0.245852;1.281447,-0.007135895;0.2640692;1.279927,0.004846237;-0.2313105;1.282445,0
2033,1023,-9324;-9200;8320,3349;-2915;-707,-0.2271389;-0.06302418;0.8556219,-0.2178681;-0.04575261;0.9313886,-0.182282;0.04720896;1.192018,-0.1643084;0.245845;1.281443,-0.007202738;0.2639948;1.279827,0.004799158;-0.2313357;1.282477,0
2065,1023,-9324;-9312;8612,1264;-2425;-1041,-0.2085542;-0.06068683;0.8627367,-0.2108515;-0.04486849;0.9306513,-0.1826603;0.04781891;1.192269,-0.1643151;0.245847;1.281431,-0.007232878;0.2639587;1.279771,0.004799592;-0.2313372;1.282477,0
2099,1021,-9632;-9612;8220,880;-969;-1257,-0.192748;-0.05953141;0.8633972,-0.1998137;-0.06098757;0.8984269,-0.1870179;0.03099072;1.16152,-0.1643301;0.2458524;1.281427,-0.00727171;0.2639135;1.279708,0.004753449;-0.2313673;1.282455,0
2133,1023,-9372;-9908;8272,1545;-764;-1028,-0.1804347;-0.05513601;0.857562,-0.1913766;-0.06007748;0.8983463,-0.1880954;0.03155157;1.161834,-0.1643566;0.2458634;1.281447,-0.007278141;0.2638997;1.279712,0.004692431;-0.2313899;1.282586,0
2165,1023,-9184;-8992;8436,1355;-403;-672,-0.1707801;-0.05766869;0.8416311,-0.1841278;-0.04965954;0.8995305,-0.191896;0.03051005;1.149586,-0.1643875;0.2458867;1.281425,-0.007299454;0.2638853;1.279645,0.004689175;-0.2313904;1.282587,0
2199,1023,-9516;-9784;8444,1061;-766;-955,-0.1589837;-0.06263369;0.8426536,-0.1842062;-0.05050691;0.8998376,-0.1983731;0.02960411;1.13353,-0.164455;0.2458732;1.281417,-0.007317007;0.2638666;1.279606,0.004685839;-0.2313923;1.282588,0
2233,1021,-9424;-9492;8508,1573;-999;-985,-0.14926;-0.06280006;0.848371,-0.1721869;-0.03462715;0.9224964,-0.2084647;0.02908379;1.10356,-0.1643803;0.2457639;1.281383,-0.007342556;0.2638358;1.279566,0.00460928;-0.2314677;1.282388,0
2300,1020,-9312;-9156;8592,1232;-1000;-1127,-0.1360471;-0.06310846;0.8616139,-0.1845681;-0.03598231;0.9172862,-0.2229298;0.03168036;1.111178,-0.1647517;0.2458929;1.281568,-0.007445795;0.2637022;1.279282,0.004541276;-0.2314922;1.281104,0
2334,1023,-9500;-9348;8776,969;-635;-1208,-0.1300383;-0.06272634;0.8672625,-0.1699994;-0.05243826;0.9062654,-0.228129;0.03321876;1.115544,-0.1649546;0.2459458;1.281715,-0.007473807;0.2636983;1.279255,0.004421619;-0.2314118;1.280965,0
2366,1023,-9232;-9720;8204,572;-807;-1270,-0.1262561;-0.0615381;0.8719836,-0.1669374;-0.05334297;0.9056705,-0.2392393;0.03666509;1.143205,-0.1650228;0.2460009;1.281714,-0.00750723;0.2637013;1.279196,0.004179543;-0.2312098;1.280566,0
2398,1022,-9204;-9844;8576,1424;-854;-1059,-0.1238918;-0.05923432;0.8754657,-0.1631423;-0.0541799;0.9040418,-0.2411086;0.03718685;1.148267,-0.1652361;0.2462052;1.281825,-0.007620847;0.2636395;1.278949,0.003678698;-0.2309649;1.279335,0
2434,1023,-9100;-9444;8572,1122;-794;-1109,-0.1213681;-0.05776829;0.8815203,-0.1616146;-0.05297404;0.9099202,-0.2441698;0.03732468;1.16058,-0.1653699;0.246311;1.281845,-0.007631642;0.263634;1.278926,0.003546663;-0.2308675;1.279039,0
2548,1023,-9212;-9420;8720,1327;-543;-989,-0.1206316;-0.05184663;0.902258,-0.1522066;-0.03903547;0.9449427,-0.2052318;0.0562461;1.201621,-0.1656991;0.2465045;1.281918,-0.007659348;0.2636228;1.278857,0.003364662;-0.230541;1.278455,0
2566,1020,-9236;-9296;8828,950;-465;-1096,-0.11561;-0.04917586;0.9071603,-0.1557636;-0.03993026;0.9508807,-0.2585384;0.03624221;1.198684,-0.1658221;0.2465579;1.281956,-0.007688776;0.2636183;1.278823,0.002870524;-0.2303833;1.277933,0
2599,1020,-9292;-9684;8580,1045;-583;-1067,-0.1124679;-0.04857884;0.9144919,-0.1427142;-0.0394091;0.9464196,-0.207748;0.05782166;1.199592,-0.1658081;0.2466613;1.282238,-0.007705163;0.2636094;1.278784,0.002911594;-0.2302861;1.277815,0
2633,1023,-9124;-9516;8728,1275;-596;-1041,-0.1075222;-0.04759632;0.9209314,-0.1381681;-0.0404906;0.9478047,-0.207996;0.05812443;1.199166,-0.1658645;0.2467498;1.282257,-0.007777577;0.2635796;1.278597,0.002888055;-0.2299613;1.277231,0
2666,1022,-9192;-9604;8616,634;-546;-1222,-0.1014262;-0.04827778;0.929241,-0.1328748;-0.04183515;0.9502699,-0.2082447;0.05818585;1.199474,-0.1659512;0.2468497;1.282365,-0.00760758;0.2634911;1.278892,0.00290597;-0.2298823;1.277133,0
2699,1021,-9320;-9748;8488,1111;-697;-1138,-0.09375805;-0.04977736;0.9365046,-0.1203644;-0.04402272;0.9550139,-0.2093375;0.05892875;1.198496,-0.1660607;0.2469534;1.282436,-0.007648409;0.2634847;1.278799,0.002926717;-0.2297792;1.276899,0
2733,1023,-9096;-9568;8676,1162;-628;-1056,-0.09142435;-0.05081706;0.9435027,-0.1199702;-0.04482513;0.9559004,-0.2098693;0.05913076;1.198618,-0.1661895;0.2470642;1.282541,-0.007645207;0.2634741;1.278819,0.00291402;-0.2298213;1.276885,0
2765,1023,-9168;-9684;8564,1021;-530;-1059,-0.08936228;-0.05120707;0.9428563,-0.1133987;-0.04524372;0.9588366,-0.2102231;0.05935341;1.198606,-0.1662495;0.2471989;1.282573,-0.007647908;0.2634484;1.278773,0.002980094;-0.2299731;1.276312,0
2798,1023,-9192;-9628;8688,1185;-509;-1056,-0.08586335;-0.05214951;0.9502311,-0.1207537;-0.04728913;0.9624065,-0.2107025;0.05914864;1.200091,-0.1663575;0.2473626;1.282866,-0.006946009;0.2635609;1.280725,0.003019423;-0.2299848;1.276341,0
2832,1021,-8916;-9656;8524,909;-469;-1060,-0.08821806;-0.0512283;0.9467209,-0.1539023;-0.02704436;0.9982445,-0.2104833;0.05896875;1.2007,-0.1664245;0.2474705;1.282904,-0.006993192;0.2635414;1.28062,0.003065861;-0.23003;1.276206,0
2867,1023,-9188;-9728;8556,1098;-584;-1051,-0.08901916;-0.05094953;0.9462999,-0.1516433;-0.03020489;0.9895004,-0.2104304;0.05891748;1.200827,-0.1664366;0.2474853;1.282899,-0.006723814;0.263335;1.280903,0.003112763;-0.2300748;1.27607,0
2900,1023,-9144;-9692;8756,1244;-574;-1084,-0.08994554;-0.05100886;0.9462124,-0.1521486;-0.02924374;0.9924045,-0.2098403;0.05928569;1.199552,-0.1664648;0.2475353;1.282853,-0.006813493;0.2632869;1.280676,0.003119138;-0.2300926;1.275956,0
2935,1019,-9156;-9536;8648,876;-509;-1125,-0.08911938;-0.04965771;0.9456395,-0.1523398;-0.02882465;0.9933605,-0.2089532;0.05974979;1.19799,-0.1664765;0.247594;1.28288,-0.006843634;0.2632895;1.280615,0.003170254;-0.2301306;1.275881,0
2967,1019,-9200;-9824;8264,1079;-631;-1086,-0.08816923;-0.04898841;0.9453879,-0.1528614;-0.02973495;0.9920754,-0.2084679;0.06007262;1.196928,-0.1664858;0.247608;1.282885,-0.00687219;0.2632772;1.280532,0.003280021;-0.230137;1.275819,0
3000,1023,-8964;-9532;8604,1277;-509;-949,-0.09168759;-0.0478687;0.9410384,-0.1568405;-0.02882004;0.9910289,-0.2085184;0.0602668;1.19685,-0.1665254;0.2477751;1.282871,-0.006912823;0.2632425;1.280344,0.003390642;-0.2301188;1.275576,0
3032,1023,-9060;-9712;8512,931;-506;-1125,-0.09020402;-0.04705133;0.9463597,-0.1582266;-0.02863968;0.9906754,-0.2085929;0.05997641;1.197981,-0.1665739;0.2478784;1.283,-0.006942299;0.2632524;1.280335,0.003422535;-0.2300718;1.275769,0
3065,1019,-9248;-9756;8548,1309;-491;-978,-0.09284728;-0.04566941;0.9423745,-0.1426732;-0.03360251;0.9673548,-0.208354;0.06074711;1.196626,-0.1666319;0.2481294;1.283118,-0.007037833;0.2632335;1.280196,0.00342193;-0.2300523;1.275768,0
3100,1020,-8972;-9660;8476,995;-537;-1055,-0.09516498;-0.04439837;0.9414294,-0.1418402;-0.03428768;0.9650978,-0.2085987;0.06045992;1.197721,-0.1666276;0.2481987;1.283182,-0.007076561;0.2632426;1.280153,0.00343487;-0.2300076;1.275813,0
3134,1023,-9216;-9784;8628,1312;-503;-955,-0.0986613;-0.04353255;0.9369864,-0.1415888;-0.03443246;0.9631537,-0.2082026;0.06147335;1.195112,-0.1666576;0.2482669;1.28314,-0.007130919;0.2632116;1.280056,0.003407531;-0.2299633;1.275729,0
3166,1023,-9052;-9552;8628,1158;-416;-962,-0.100816;-0.04306111;0.936663,-0.1512218;-0.0329177;0.9661638,-0.2082279;0.0621194;1.193581,-0.1666579;0.2482713;1.283121,-0.007219665;0.2631599;1.279788,0.003385637;-0.2299557;1.275699,0
3198,1023,-9080;-9752;8644,1007;-509;-1070,-0.1008866;-0.04259025;0.9384006,-0.1520757;-0.03343124;0.9669008,-0.2085145;0.06183664;1.194363,-0.1666641;0.2482536;1.283122,-0.007279193;0.2631402;1.279732,0.003382629;-0.2299431;1.275708,0
3233,1019,-9136;-9768;8588,1237;-515;-961,-0.09939532;-0.04271908;0.9397566,-0.1479332;-0.03451857;0.9625093,-0.208665;0.06139483;1.195587,-0.1666601;0.2482661;1.283167,-0.006873145;0.2630136;1.280406,0.003372964;-0.2299145;1.275854,0
3264,1023,-9140;-9596;8576,953;-488;-1040,-0.1022051;-0.04331049;0.9356887,-0.1464122;-0.03498808;0.9596756,-0.2087419;0.06140484;1.195634,-0.1666611;0.2482779;1.283167,-0.006933365;0.2630058;1.28026,0.003377221;-0.2299044;1.275827,0
3300,1023,-9088;-9828;8480,1202;-574;-1037,-0.1025814;-0.0442932;0.9402102,-0.1433916;-0.03814735;0.9573986,-0.2089133;0.06108008;1.196544,-0.1666573;0.2482666;1.28321,-0.006957325;0.2630073;1.280253,0.003396762;-0.2299291;1.275963,1
3334,1022,-8920;-9676;8704,1199;-503;-1011,-0.1047388;-0.04510196;0.9344675,-0.1433818;-0.03871457;0.9558726,-0.2090394;0.0610869;1.196541,-0.1666698;0.2482656;1.283161,-0.007088844;0.262985;1.280026,0.003414629;-0.2298028;1.275712,1
3417,1023,-3328;-15664;-4636,1073;-517;-1184,-0.1038464;-0.04689447;0.9392577,-0.1396545;-0.0421997;0.9547388,-0.2090257;0.06138016;1.195668,-0.1667081;0.2482066;1.283176,-0.00668371;0.2630443;1.280951,0.003451465;-0.2296555;1.275755,1
3433,1023,-3344;-15600;-4908,1622;-420;-790,-0.1042842;-0.04692798;0.9365249,-0.1375918;-0.04305799;0.9541327,-0.2089872;0.06131708;1.195827,-0.166719;0.2482175;1.283184,-0.006908532;0.2630308;1.280638,0.003401255;-0.2296088;1.275711,1
3465,1017,-3304;-15516;-4520,1256;-547;-1063,-0.1019267;-0.04792478;0.9418238,-0.1376453;-0.04375523;0.9551582,-0.2091089;0.06073296;1.197797,-0.1668923;0.2483707;1.283365,-0.006959851;0.263061;1.280649,0.003337953;-0.2294668;1.276035,1
3499,1023,-3372;-15420;-4820,1211;-361;-965,-0.104129;-0.04783047;0.9394743,-0.1371624;-0.04434547;0.9550558,-0.2090144;0.06050073;1.198222,-0.1669118;0.2483309;1.283374,-0.00674824;0.2631041;1.281378,0.003323369;-0.2294736;1.276043,1
3535,1021,-3388;-15592;-4828,962;-314;-1038,-0.1042774;-0.04775383;0.9391649,-0.1366385;-0.04464463;0.9552467,-0.2088119;0.06024533;1.198661,-0.1669458;0.2483013;1.283381,-0.006575498;0.2629925;1.281781,0.003318213;-0.2294713;1.27604,1
3566,1020,-3428;-15508;-4824,1191;-643;-789,-0.104168;-0.04796438;0.938885,-0.1361604;-0.0449336;0.9550419,-0.2087005;0.06012367;1.198745,-0.1669879;0.2482511;1.283373,-0.006716821;0.263012;1.281615,0.003311979;-0.2294586;1.27604,1
3600,1023,-3316;-15364;-5016,1008;-168;-963,-0.1047574;-0.04787253;0.9397979,-0.1358662;-0.04522668;0.9551556,-0.208632;0.05999096;1.199014,-0.1670057;0.2482368;1.283391,-0.00684361;0.2630479;1.281479,0.003291371;-0.2294012;1.276081,1
3649,1023,-3648;-15796;-4896,1247;-430;-1020,-0.1046923;-0.04842662;0.9394511,-0.135677;-0.04543878;0.95513,-0.2086798;0.05989757;1.199212,-0.1670582;0.2482117;1.283416,-0.006934952;0.263093;1.281423,0.003315476;-0.2292953;1.276163,1
3666,1018,-3072;-15540;-5008,1174;-270;-913,-0.1066066;-0.04838663;0.9375583,-0.1356933;-0.04595316;0.9549444,-0.2086464;0.05985549;1.199223,-0.1670746;0.2481877;1.283409,-0.006761677;0.2630223;1.281823,0.003305233;-0.2292987;1.276164,1
3699,1023,-3508;-15784;-4908,1486;-456;-726,-0.1068274;-0.04790638;0.9357448,-0.1352752;-0.04606513;0.9544181,-0.2085903;0.05992255;1.198999,-0.1670798;0.2481826;1.283406,-0.006914757;0.263051;1.281455,0.003256754;-0.2292518;1.276045,1
3734,1023,-3404;-15560;-4948,1435;-126;-874,-0.1079955;-0.04776713;0.9373651,-0.1353991;-0.04604885;0.9546643,-0.2085994;0.05987429;1.199023,-0.1671039;0.2481498;1.283399,-0.006748877;0.263053;1.281843,0.003255347;-0.2292498;1.276047,1
3767,1022,-3440;-15544;-5040,1283;-235;-1010,-0.1083599;-0.0476732;0.9372557,-0.1349786;-0.04615429;0.9546337,-0.2086301;0.05986131;1.199013,-0.1671177;0.248131;1.283394,-0.006899854;0.2630957;1.281619,0.003252349;-0.2292421;1.276044,1
3799,1023,-3780;-15364;-4432,1275;-913;-1060,-0.108481;-0.04781263;0.935142,-0.1345506;-0.04640616;0.9541368,-0.2086856;0.05979802;1.198952,-0.1671505;0.2480588;1.283341,-0.007124629;0.2631018;1.28119,0.003244224;-0.2292334;1.275932,1
3833,1021,-3740;-15740;-3916,727;-2386;-1498,-0.1072692;-0.04878826;0.9402484,-0.1361629;-0.04717044;0.9556414,-0.208754;0.05978036;1.198999,-0.1671837;0.2480336;1.283384,-0.00686115;0.2632401;1.281697,0.00328675;-0.2292337;1.276016,1
3866,1023,-3808;-15560;-3416,-1291;-6904;-3301,-0.1076812;-0.04892447;0.9382573,-0.1363129;-0.04771464;0.9552611,-0.2087956;0.05977767;1.199036,-0.167191;0.2480325;1.283397,-0.006993437;0.2632773;1.28151,0.003286865;-0.2292326;1.276034,1
3899,1023,-3636;-15704;-3284,-3677;-10017;-2795,-0.1077451;-0.04954803;0.9384423,-0.1360764;-0.04794877;0.9548705,-0.2088142;0.05977384;1.19902,-0.1672079;0.2480239;1.283392,-0.006786046;0.2633321;1.281785,0.003288244;-0.2292332;1.276035,1
3932,1023,-3820;-15760;-5752,-3761;-13213;-2253,-0.1084721;-0.04918487;0.9373499,-0.1360151;-0.04798274;0.9548496,-0.2088605;0.05973655;1.199122,-0.1672137;0.2480159;1.283395,-0.006870363;0.2633823;1.281605,0.003280651;-0.2292328;1.276063,1
3969,1020,-4356;-15672;-4688,-2009;-15295;-3388,-0.1084435;-0.04917234;0.937311,-0.1358956;-0.04804486;0.9545823,-0.2089123;0.05973865;1.199153,-0.16722;0.2480184;1.283398,-0.006973595;0.263401;1.28148,0.00327871;-0.229223;1.276095,1
3998,1023,-1584;-14496;-6772,-5355;-11793;-4615,-0.107084;-0.04830531;0.9401957,-0.1357928;-0.04805683;0.9544562,-0.2090081;0.05970587;1.199646,-0.1673102;0.2481239;1.283532,-0.007016433;0.2634406;1.281478,0.003273845;-0.2291174;1.276397,1
4032,1019,-4612;-14668;-5380,-7939;-12605;-6864,-0.1076965;-0.04756889;0.9376234,-0.1355464;-0.04816071;0.9541315,-0.2090696;0.05976603;1.199548,-0.167325;0.2481308;1.283543,-0.007104266;0.2634754;1.281279,0.003279858;-0.2291119;1.276401,1
4064,1023,-4672;-14692;-6000,-8270;-11752;-8874,-0.1080988;-0.04688974;0.9342071,-0.135244;-0.04862675;0.9531894,-0.2090354;0.05980317;1.19935,-0.1673634;0.2481181;1.283516,-0.007203376;0.263483;1.281067,0.003287617;-0.2291128;1.276312,1
4098,1020,-3960;-15048;-7840,-6982;-14862;-8288,-0.1080088;-0.04657096;0.9339886,-0.1354604;-0.04862681;0.9528506,-0.2092255;0.059929;1.198964,-0.1674087;0.24808;1.283462,-0.007247567;0.2635166;1.280888,0.003303566;-0.229114;1.27621,1
4132,1021,-3940;-14560;-7052,-7610;-14204;-9057,-0.1084708;-0.04635917;0.9359555,-0.1353682;-0.04847637;0.9529259,-0.2093404;0.06001228;1.199007,-0.167452;0.2481447;1.28351,-0.007144657;0.2635685;1.281029,0.003306526;-0.2290619;1.276248,1
4166,346,-3428;-15120;-8696,-3890;-15299;-9087,-0.1079551;-0.04655316;0.9360844,-0.1352164;-0.04815176;0.9528875,-0.2094252;0.06003675;1.199029,-0.1674925;0.2481532;1.283546,-0.006945028;0.2635933;1.281494,0.003328033;-0.2290949;1.276244,1
4200,352,-1468;-13960;-8288,-3696;-14248;-9068,-0.1086523;-0.0459759;0.9354547,-0.1353979;-0.04834636;0.9529034,-0.2095071;0.06007194;1.198974,-0.1674967;0.2481482;1.283547,-0.006731109;0.2636064;1.281888,0.003320902;-0.2290951;1.276243,1
4233,350,-3260;-15348;-8696,-1442;-9081;-8061,-0.1089258;-0.04645294;0.9347826,-0.1353326;-0.04814746;0.9527898,-0.2095744;0.06006152;1.198912,-0.1675372;0.2481189;1.283517,-0.006944132;0.2636382;1.281523,0.003321015;-0.2290921;1.276234,1
4265,357,-1304;-13728;-7864,-7;-15651;-9020,-0.1074591;-0.04676668;0.9384196,-0.1354866;-0.04804469;0.9531856,-0.209928;0.06008294;1.199283,-0.167607;0.2481605;1.283664,-0.007013849;0.2637226;1.281424,0.00334209;-0.2290464;1.276456,1
4298,360,-2804;-16344;-8116,-1603;-9117;-7762,-0.1089767;-0.04675187;0.9358944,-0.1354681;-0.04792646;0.953178,-0.2099683;0.06005127;1.199323,-0.167623;0.2481433;1.283652,-0.007240859;0.2637779;1.281134,0.003345887;-0.2290317;1.27646,1
4333,371,1420;-14088;-8144,-3506;-17162;-8653,-0.1091027;-0.04747169;0.9355823,-0.135856;-0.04805584;0.9533778,-0.2100153;0.06045793;1.19939,-0.1674802;0.2483855;1.284025,-0.007187417;0.2638175;1.281412,0.003335627;-0.2290154;1.276456,1
4364,376,-3184;-15368;-6348,1560;-9214;-6376,-0.109851;-0.04836361;0.9366509,-0.135676;-0.04776931;0.9533443,-0.2101182;0.06044679;1.199402,-0.1675222;0.2483692;1.284013,-0.007302314;0.2638634;1.28124,0.003346789;-0.2290082;1.276436,1
4401,380,-140;-15360;-8228,-488;-8704;-7288,-0.1111248;-0.04862889;0.9357603,-0.1357659;-0.04767358;0.9532648,-0.2101643;0.06044623;1.199378,-0.1675779;0.2483663;1.284,-0.00749138;0.2638885;1.281028,0.003327952;-0.229001;1.276431,1
4434,383,-2968;-14488;-6816,-1995;-5998;-4039,-0.1118674;-0.0482853;0.9319526,-0.1359205;-0.04751392;0.9529418,-0.2102346;0.06040114;1.19917,-0.1676197;0.248284;1.283869,-0.007592826;0.2639082;1.280721,0.003377209;-0.2290215;1.276252,1
4466,382,-856;-14912;-8196,-1893;-8543;-4864,-0.1100983;-0.04881354;0.9377844,-0.1359008;-0.04749753;0.9529381,-0.2102605;0.0603888;1.199165,-0.1676486;0.2482678;1.283875,-0.007381384;0.2640484;1.281129,0.003381114;-0.2290183;1.276262,1
4499,385,-3552;-14556;-6408,-2790;-8826;-6436,-0.1098581;-0.04904255;0.9366316,-0.1358995;-0.04750175;0.9529281,-0.2102973;0.06034931;1.199159,-0.167692;0.2482302;1.283867,-0.007358974;0.2641119;1.281303,0.003378771;-0.2290193;1.276263,1
4532,385,208;-14204;-10556,-757;-7311;-5289,-0.1092012;-0.04939256;0.9378435,-0.1364068;-0.04789644;0.9530511,-0.2103741;0.0603273;1.199248,-0.1677045;0.2482221;1.283882,-0.007453986;0.264163;1.281172,0.003371846;-0.2289986;1.27632,1
4566,385,-2508;-13336;-8964,-1207;-4665;-3278,-0.1102377;-0.0489071;0.936193,-0.1364008;-0.04786049;0.9530843,-0.2103932;0.06033282;1.199287,-0.1677719;0.2482587;1.283872,-0.007563166;0.264174;1.281035,0.003359233;-0.2289857;1.27632,1
4599,389,-876;-14208;-11144,3450;-731;-2186,-0.1091989;-0.04841262;0.9368582,-0.1364473;-0.04792714;0.9530841,-0.2104111;0.06028403;1.199288,-0.1678248;0.2482214;1.283863,-0.007640583;0.2641951;1.280919,0.003357858;-0.2289871;1.276319,1
4667,383,-2616;-14524;-9284,5570;4640;156,-0.1101739;-0.04896427;0.9362218,-0.1364363;-0.04783012;0.9531448,-0.2104243;0.06023598;1.199405,-0.1678788;0.2482298;1.283861,-0.007585519;0.2642889;1.281024,0.003345059;-0.2289587;1.276337,1
4702,379,1060;-14756;-9932,2389;6264;-643,-0.1125968;-0.04940345;0.9365767,-0.1364326;-0.04782601;0.9531722,-0.2104585;0.06022962;1.199425,-0.167883;0.2482254;1.283858,-0.007522575;0.2643123;1.281338,0.003340875;-0.2289717;1.276357,1
4731,369,-1532;-14808;-10468,4503;23298;261,-0.1131886;-0.04927722;0.9356703,-0.1364655;-0.04783672;0.9531786,-0.2104781;0.06021492;1.199437,-0.1678951;0.2482152;1.283854,-0.007631495;0.2643253;1.281149,0.003340325;-0.2289708;1.276359,1
4764,359,1700;-16196;-6592,6467;12153;-2407,-0.1131142;-0.04947356;0.9348068,-0.1364695;-0.04786313;0.9531254,-0.2105203;0.06024846;1.199347,-0.1679419;0.2482315;1.28381,-0.007730421;0.2643275;1.280831,0.003306873;-0.2289926;1.276223,1
4798,347,-708;-17788;-7532,10844;23434;467,-0.1121023;-0.0495684;0.9368938,-0.1364496;-0.04788629;0.9531723,-0.2105418;0.06024789;1.199371,-0.1679606;0.2482375;1.283816,-0.00782293;0.2643297;1.280711,0.002865578;-0.229092;1.276076,1
4865,340,1548;-14968;-4280,12081;14931;4382,-0.1116266;-0.04994699;0.9376288,-0.1364735;-0.04789466;0.9532964,-0.2106533;0.06016998;1.199499,-0.1679878;0.2481775;1.283846,-0.007845163;0.2643335;1.280692,0.002943543;-0.2290808;1.27618,1
4880,329,3552;-14348;-7676,4248;24047;6704,-0.1127924;-0.04962732;0.9363141,-0.1364987;-0.04786418;0.9533728,-0.2105972;0.06009371;1.199646,-0.1679872;0.2481728;1.283844,-0.007956492;0.2643114;1.280573,0.002643073;-0.2292222;1.276021,1
4900,335,-300;-14476;-3460,1777;22427;8889,-0.1138268;-0.04958045;0.9332753,-0.1364045;-0.04790217;0.9531943,-0.2106007;0.0600593;1.199437,-0.167988;0.2480872;1.283764,-0.007776897;0.2642687;1.280811,0.002685591;-0.2292184;1.275919,1
4933,1023,716;-13832;-6848,742;21077;8033,-0.112068;-0.05023827;0.9382555,-0.1364882;-0.04780629;0.9534812,-0.2106963;0.0599757;1.199798,-0.1680271;0.2481124;1.283812,-0.007282516;0.2643759;1.282123,0.002665955;-0.2291516;1.276198,1
5001,1023,-3784;-14976;-4948,4929;23124;9256,-0.1125582;-0.05031579;0.9362876,-0.1366947;-0.0480141;0.9533914,-0.2105985;0.0600488;1.199678,-0.167719;0.2479584;1.284138,-0.007581017;0.2642899;1.281281,0.002732638;-0.2292302;1.275858,1
5082,1022,-1128;-14960;-3316,7888;10626;7891,-0.1120924;-0.05053623;0.9358914,-0.1358031;-0.04839655;0.9542402,-0.2106542;0.06021721;1.199999,-0.1675335;0.2478667;1.284962,-0.007675125;0.2642938;1.281165,0.002756191;-0.2292355;1.275986,1
5099,1023,-840;-15324;-3796,5981;9483;5389,-0.1110616;-0.05041467;0.938643,-0.1354859;-0.04864141;0.9549505,-0.2107469;0.060081;1.200536,-0.1675636;0.2479023;1.285025,-0.007696646;0.2643097;1.281162,0.002760753;-0.2292321;1.276335,1
5132,1023,-1040;-14584;-4204,526;8127;2424,-0.1114081;-0.05017768;0.9344382,-0.1329579;-0.04925418;0.9559042,-0.2107769;0.06004134;1.20044,-0.1676418;0.247907;1.284847,-0.007801385;0.2642909;1.280963,0.002785224;-0.22923;1.276263,1
5165,1021,-1244;-16740;-3312,431;7078;-105,-0.110782;-0.0503759;0.9366393,-0.1332137;-0.04912034;0.9557449,-0.2107836;0.06001164;1.200432,-0.1676628;0.247885;1.284828,-0.007850732;0.264288;1.28087,0.002456507;-0.2293235;1.276019,1
5198,1019,-836;-15940;-4440,-1725;5588;-2256,-0.1105624;-0.04989732;0.9348521,-0.1332562;-0.0490931;0.9556901,-0.2107836;0.05997027;1.200421,-0.1676854;0.2478596;1.28479,-0.00792105;0.2642883;1.280776,0.002168327;-0.2294366;1.275804,1
5232,1023,-1116;-16732;-4712,956;9004;436,-0.1136301;-0.05015391;0.9326102,-0.1331328;-0.04900939;0.9555965,-0.2107335;0.05993862;1.200355,-0.167716;0.2478363;1.284752,-0.007843453;0.2642542;1.280964,0.002212458;-0.2294253;1.275743,1
5265,1019,-516;-15488;-6264,3697;11449;2962,-0.1140759;-0.05080114;0.9303088,-0.1329411;-0.04837024;0.9553271,-0.21069;0.05989911;1.200338,-0.1677554;0.2478342;1.284691,-0.007707048;0.2642905;1.281415,0.002223809;-0.2294209;1.275743,1
5300,1023,-864;-15196;-5036,5592;10744;5889,-0.1083655;-0.0523072;0.9249843,-0.1310959;-0.04709124;0.9553186,-0.2107199;0.05981847;1.200323,-0.1678028;0.2477785;1.284622,-0.007782909;0.26425;1.281164,0.002313352;-0.2294473;1.275538,1
5332,1023,480;-14204;-5268,3779;11542;6044,-0.1058013;-0.05566021;0.9166853,-0.1313341;-0.04547384;0.9546145,-0.2107071;0.05984217;1.200385,-0.1678402;0.2478393;1.284621,-0.007823644;0.2642472;1.281098,0.002330404;-0.2294531;1.275514,1
5364,1022,-5696;-17088;-1784,4314;9127;7157,-0.1053843;-0.05885239;0.9061341,-0.1358323;-0.04540104;0.9534367,-0.2106124;0.0597387;1.200714,-0.1678887;0.2478914;1.284639,-0.007873748;0.2642682;1.281073,0.002425079;-0.2293893;1.275706,1
5398,1023,-3452;-16212;-2484,4854;4195;5281,-0.1142075;-0.06224846;0.8955697,-0.1446515;-0.04539169;0.9511366,-0.2104827;0.05961625;1.200994,-0.1678955;0.2479149;1.284626,-0.007928849;0.264253;1.280998,0.002495867;-0.2294579;1.275751,1
5435,1023,-5624;-17328;-1228,2719;2451;1606,-0.12371;-0.06374538;0.8866987,-0.1723356;-0.04570416;0.9564061,-0.210101;0.05930523;1.201439,-0.1679122;0.2478814;1.284596,-0.007965989;0.2642545;1.280936,0.002541416;-0.2295018;1.275804,1
5544,1021,-3196;-15696;-3428,-1561;2286;-2176,-0.153696;-0.06793784;0.8740187,-0.1891938;-0.03236719;0.982775,-0.2231854;0.04785682;1.172715,-0.167928;0.2473824;1.284047,-0.008108435;0.264208;1.280663,0.002702119;-0.2301808;1.276783,1
5564,1023,-5276;-16792;-3136,-988;1703;-3067,-0.1597084;-0.07740308;0.8541794,-0.1794187;-0.05577912;0.9388952,-0.2170615;0.0301339;1.125423,-0.1678881;0.2472904;1.283863,-0.008145454;0.2641887;1.280604,0.002783776;-0.2304642;1.27735,1
5598,1023,-3880;-16600;-4216,1139;-789;-1057,-0.1767671;-0.08103781;0.8486231,-0.1721126;-0.07130735;0.8989351,-0.2157836;0.02942744;1.125137,-0.1678897;0.2472359;1.283839,-0.007429293;0.2641814;1.282656,0.003136827;-0.2308746;1.279353,1
5633,1021,-3492;-16268;-4052,2249;-1211;-614,-0.1899205;-0.08169746;0.8495054,-0.1785247;-0.07521758;0.8878313,-0.2148096;0.03199326;1.131119,-0.1678296;0.2469859;1.283572,-0.007552373;0.264144;1.282485,0.002738182;-0.2312253;1.280268,1
5665,1023,-3184;-16080;-3956,1542;-1332;-1489,-0.2014171;-0.08070043;0.8495581,-0.1914769;-0.07667016;0.8812475,-0.208555;0.03013159;1.138449,-0.1678443;0.2469431;1.283559,-0.007458984;0.2641136;1.283042,0.002417376;-0.2314914;1.280955,1
5700,1018,-2780;-15448;-3836,1317;-1200;-1736,-0.2115932;-0.07864546;0.8586274,-0.1977315;-0.07217728;0.8911124,-0.2058407;0.03144612;1.150022,-0.167853;0.2468953;1.283577,-0.007550103;0.2641188;1.282981,0.00262889;-0.2316708;1.282245,1
5733,1023,-2892;-15568;-4256,322;-1042;-2379,-0.2167435;-0.07500841;0.8605862,-0.2045271;-0.06724215;0.8982631,-0.204383;0.0339946;1.158232,-0.1678615;0.2466497;1.283287,-0.007723124;0.2640396;1.282519,0.002659187;-0.2317134;1.282255,1
5765,1023,-2212;-15412;-4232,1157;-1136;-868,-0.2217352;-0.07090969;0.8690065,-0.2100399;-0.06449722;0.9008059,-0.2035454;0.03487304;1.161412,-0.1678519;0.246539;1.283169,-0.007625989;0.2640899;1.282759,0.00265634;-0.2317184;1.282341,1
5799,1022,-2980;-15624;-3768,1561;-1409;-527,-0.2249868;-0.06735741;0.8754332,-0.2172169;-0.06560834;0.9025258,-0.203764;0.03503207;1.16239,-0.1678592;0.2465237;1.283169,-0.007525227;0.2640776;1.282965,0.002756815;-0.2317955;1.282439,1
5832,1023,-2184;-15220;-4068,949;-1435;-884,-0.2274886;-0.06432739;0.8815766,-0.2211895;-0.0624487;0.9140976,-0.2027453;0.03906645;1.173305,-0.167864;0.246495;1.283168,-0.007618484;0.2640588;1.282774,0.002881179;-0.2318629;1.282681,1
5865,1021,-3304;-15652;-4012,872;-995;-628,-0.227242;-0.06175285;0.883414,-0.2238934;-0.05887803;0.9150582,-0.2017844;0.03936344;1.175234,-0.1678852;0.24637;1.283014,-0.007742116;0.2640484;1.282508,0.00298518;-0.2318978;1.282707,1
5898,1023,-2368;-15952;-4028,830;-1010;-1013,-0.2278093;-0.05927454;0.890991,-0.2259499;-0.05627494;0.9167712,-0.2013706;0.03963174;1.177591,-0.1678973;0.2463346;1.283032,-0.007383949;0.2640983;1.283297,0.003190834;-0.2319238;1.282892,1
5934,1023,-3036;-15776;-3968,102;-1230;-1537,-0.22782;-0.05742854;0.8895586,-0.227074;-0.05526708;0.916523,-0.2013667;0.03963046;1.177603,-0.1679111;0.2462372;1.282899,-0.007493922;0.2640346;1.282897,0.003385511;-0.2320273;1.282699,1
5968,1018,-2860;-16256;-4312,936;-425;-533,-0.2297144;-0.05438952;0.8962836,-0.2301367;-0.05684935;0.9105003,-0.2078755;0.03911092;1.171515,-0.1679116;0.2462225;1.282895,-0.007291489;0.2640578;1.283251,0.00376145;-0.2319928;1.282957,1
5998,1021,-3052;-16196;-4048,556;-737;-1481,-0.2292443;-0.05356964;0.8986158,-0.23137;-0.05571748;0.911469,-0.2060854;0.03878529;1.17274,-0.1679125;0.2461856;1.282875,-0.00713483;0.26401;1.283414,0.003974793;-0.2320086;1.282959,1
6033,1023,-2984;-16172;-4288,1196;-427;-1148,-0.2280691;-0.05185648;0.8953214,-0.2322557;-0.05545995;0.9100994,-0.205976;0.03828953;1.171546,-0.1678807;0.2461083;1.282717,-0.007469737;0.263862;1.282292,0.003962575;-0.2320865;1.282504,1
6065,1020,-2912;-16044;-3952,874;-781;-1436,-0.232329;-0.05087999;0.8997562,-0.2255348;-0.02559878;0.972804,-0.2154753;0.03525994;1.154611,-0.1678547;0.246064;1.282625,-0.007440202;0.2638558;1.282307,0.003984261;-0.2320869;1.282457,1
6098,1023,-2992;-15864;-4368,951;-974;-1440,-0.2338627;-0.04997913;0.9014996,-0.2314971;-0.04238676;0.9373497,-0.2020698;0.05690476;1.196372,-0.1678364;0.245976;1.282584,-0.007503334;0.2638324;1.282116,0.00406889;-0.2321045;1.282492,1
6133,1023,-2996;-16028;-4200,1128;-656;-1350,-0.2339455;-0.0500378;0.9017803,-0.2322409;-0.04203127;0.9379054,-0.2015046;0.05644229;1.197088,-0.1678235;0.245924;1.282531,-0.007413975;0.2638403;1.282152,0.004162746;-0.2321212;1.282463,1
6167,1019,-2908;-15768;-4184,879;-994;-1472,-0.2353776;-0.04854383;0.902694,-0.2327127;-0.04155153;0.9385353,-0.201047;0.05598108;1.19796,-0.1678185;0.2458927;1.282522,-0.007495165;0.2638367;1.281919,0.004174333;-0.232118;1.282471,1
6199,1023,-2828;-15816;-4216,1271;-905;-1158,-0.2342636;-0.04780592;0.9025837,-0.2331617;-0.04109218;0.9393266,-0.2007253;0.05551494;1.199001,-0.1678086;0.2458878;1.282517,-0.007344624;0.2638235;1.282133,0.004306767;-0.2320896;1.282533,1
6232,1019,-2992;-15816;-4008,1284;-1316;-1164,-0.2348032;-0.04880379;0.903463,-0.233724;-0.04095204;0.9392087,-0.2007595;0.05556736;1.19885,-0.1678126;0.2458758;1.282519,-0.00701854;0.2638672;1.282487,0.00447459;-0.2320812;1.282607,1
6265,1019,-2828;-16016;-4236,847;-772;-1167,-0.2330941;-0.04877484;0.900507,-0.2340988;-0.04138974;0.9374037,-0.2005902;0.05637769;1.196513,-0.1677786;0.2458426;1.282405,-0.006873723;0.2638236;1.282322,0.004675369;-0.2320791;1.282245,1
6299,1023,-2836;-16228;-4076,901;-509;-1357,-0.2370722;-0.04951579;0.903905,-0.2345048;-0.04131544;0.9376296,-0.2007785;0.05630967;1.196764,-0.1677848;0.2458353;1.282419,-0.006912619;0.2638482;1.282231,0.004852916;-0.2320432;1.2824,1
6333,1019,-2740;-16104;-4460,852;-710;-1580,-0.2331033;-0.05030465;0.9008147,-0.2346454;-0.04130229;0.9374679,-0.2008849;0.05636698;1.196582,-0.1677766;0.2458132;1.282384,-0.007060729;0.2638449;1.28171,0.0048496;-0.2320361;1.282314,1
6365,1023,-2628;-15988;-4264,1370;-195;-1119,-0.2332695;-0.05081711;0.900822,-0.234679;-0.04130138;0.9374584,-0.2009121;0.05635861;1.196575,-0.1677713;0.2458014;1.28237,-0.007080287;0.2638469;1.281538,0.004927316;-0.232039;1.282325,1
6401,1023,-2604;-15932;-4148,1120;-640;-1222,-0.234145;-0.05331454;0.9001139,-0.2346914;-0.04120427;0.938076,-0.2013516;0.05615049;1.197361,-0.1677725;0.2457973;1.282433,-0.007085915;0.2638683;1.281512,0.005189985;-0.2320132;1.282714,1
6433,1018,-2756;-15844;-4280,1338;-467;-879,-0.2356914;-0.05781192;0.8902094,-0.2340003;-0.04119806;0.9380123,-0.2014986;0.05613213;1.197411,-0.1677749;0.2457782;1.282416,-0.006812567;0.2638375;1.281799,0.00526046;-0.2320402;1.282709,1
6466,1023,-2900;-15920;-3912,1397;-742;-963,-0.2362018;-0.06158905;0.8838289,-0.2318474;-0.04634546;0.9398961,-0.2017918;0.05608017;1.197627,-0.1677784;0.2457619;1.282401,-0.006861068;0.2638283;1.281547,0.005264177;-0.2320511;1.282696,1
6500,1022,-2464;-15512;-4100,1156;-757;-1237,-0.2354758;-0.06645095;0.87275,-0.2296851;-0.04550894;0.9391681,-0.2020312;0.05603999;1.19751,-0.167791;0.2456783;1.282285,-0.007008317;0.2637819;1.281092,0.005133124;-0.2320997;1.282612,1
6532,1022,-2776;-15876;-4220,1086;-606;-1177,-0.2319262;-0.06956138;0.8617873,-0.2257636;-0.04509842;0.9386929,-0.2021544;0.05600372;1.197605,-0.1677838;0.2456649;1.282258,-0.006864401;0.2637755;1.281166,0.004979353;-0.2320749;1.282715,1
6566,1023,-2540;-15688;-3972,1074;-785;-1064,-0.2223611;-0.07088502;0.855864,-0.2187815;-0.04819695;0.9393846,-0.2024782;0.05605466;1.197607,-0.167796;0.245657;1.282257,-0.00696473;0.2637426;1.280951,0.004981498;-0.2320792;1.28273,1
6602,1020,-2564;-15920;-4236,1213;-492;-871,-0.2103595;-0.07238848;0.8556117,-0.2122569;-0.04801;0.9396576,-0.2031925;0.05590842;1.198359,-0.1678186;0.2456594;1.282279,-0.007009772;0.2637437;1.28093,0.004808906;-0.2320666;1.282817,1
6632,1023,-2736;-15936;-4072,962;-635;-1214,-0.1984294;-0.0735567;0.8541448,-0.2057192;-0.07299309;0.8833632,-0.2048973;0.02428231;1.138421,-0.1678378;0.2456748;1.282301,-0.007084905;0.263735;1.280838,0.004814903;-0.2320209;1.282892,1
6664,1023,-2652;-16108;-4144,1023;-339;-1150,-0.1904705;-0.07497583;0.8555827,-0.1941346;-0.05080837;0.9495028,-0.2104159;0.05422383;1.207379,-0.167843;0.245656;1.282321,-0.007143602;0.2637204;1.280821,0.004279774;-0.2321271;1.283567,1
6699,1020,-2804;-16172;-4144,1007;-463;-1218,-0.1804729;-0.07153715;0.8626561,-0.1882091;-0.07217172;0.9018633,-0.2140262;0.02974042;1.151585,-0.1678652;0.2456454;1.282362,-0.007197726;0.2637085;1.280814,0.003918979;-0.2321631;1.283908,1
6732,1023,-2584;-15888;-4160,1232;-418;-1064,-0.1708175;-0.06396452;0.8708442,-0.1885773;-0.06058604;0.9120946,-0.2152534;0.03202892;1.154932,-0.167869;0.2456286;1.282331,-0.007231343;0.2636901;1.280787,0.00391715;-0.2321788;1.283927,1
6767,1023,-2712;-16112;-3884,1220;-304;-1128,-0.1695237;-0.0649951;0.8698946,-0.187439;-0.0587795;0.9179432,-0.2163118;0.03297667;1.156644,-0.1678822;0.2456232;1.282337,-0.007310218;0.2636585;1.280689,0.003867296;-0.2321843;1.283898,1
6800,1021,-2512;-15876;-3988,1017;-885;-1188,-0.1572136;-0.07141708;0.8692494,-0.2038369;-0.04379032;0.962467,-0.2174928;0.03264977;1.156254,-0.1680122;0.2457197;1.282587,-0.007314894;0.2636592;1.280688,0.003864361;-0.2321633;1.283878,1
6833,1023,-2792;-16024;-4192,1158;-652;-991,-0.1424273;-0.07362084;0.8688201,-0.2020707;-0.04457807;0.9615874,-0.2244075;0.03241333;1.154347,-0.167815;0.2457205;1.283112,-0.007346973;0.2636497;1.280536,0.003655924;-0.2321075;1.282645,1
6866,1020,-2588;-15928;-4296,1159;-727;-1059,-0.1305014;-0.07383789;0.8813057,-0.1927304;-0.04422914;0.9643013,-0.2360898;0.03089581;1.154203,-0.1678376;0.2457354;1.28314,-0.007388557;0.2636468;1.28054,0.003351814;-0.2320951;1.282468,1
6899,1023,-2480;-15784;-4184,1082;-566;-1144,-0.1234546;-0.07087572;0.8879686,-0.1583829;-0.06239197;0.9159409,-0.2419149;0.03301422;1.164338,-0.1678709;0.245746;1.283153,-0.0074531;0.2636218;1.280457,0.003086937;-0.2318299;1.281436,1
6932,1023,-2524;-15896;-4120,1091;-810;-1139,-0.1212155;-0.06725153;0.8978438,-0.1610358;-0.05829696;0.9266981,-0.2466788;0.03531859;1.17504,-0.1679326;0.2459028;1.28318,-0.007518702;0.263607;1.280064,0.002872383;-0.2313366;1.279221,1
6965,1021,-2612;-16032;-4340,1220;-572;-993,-0.1194135;-0.06545469;0.9054381,-0.1653236;-0.04933297;0.9555517,-0.2562337;0.03502286;1.205286,-0.1679465;0.2459569;1.283144,-0.007566454;0.2635586;1.279925,0.002930314;-0.231252;1.278368,1
7000,1023,-2584;-15836;-4168,1079;-444;-1109,-0.1175121;-0.0649333;0.9159667,-0.1615149;-0.04811741;0.9626538,-0.256938;0.0365461;1.210595,-0.1679517;0.2459909;1.283268,-0.007620187;0.2635851;1.280018,0.003054608;-0.2310941;1.278509,1
7035,1023,-2704;-15920;-4108,1005;-890;-1338,-0.1185519;-0.06290153;0.917386,-0.158792;-0.04833965;0.9608161,-0.2572704;0.03732989;1.207221,-0.167971;0.2460052;1.283276,-0.007681427;0.2635649;1.279948,0.003101951;-0.2310442;1.278373,1
7113,1023,-2424;-16216;-4244,1176;-541;-1069,-0.1178246;-0.06029147;0.9222769,-0.1445992;-0.05069214;0.9538002,-0.2065836;0.05523364;1.204208,-0.168065;0.246115;1.283241,-0.007825198;0.263467;1.27967,0.002424447;-0.230893;1.277163,1
7194,1023,-2596;-16204;-4120,1142;-423;-982,-0.119243;-0.05638081;0.9360821,-0.1359578;-0.06003743;0.9340162,-0.2348328;0.02603664;1.124966,-0.1679478;0.2460117;1.283656,-0.007869737;0.2634851;1.279725,0.002460238;-0.2307233;1.277387,1
7212,1019,-2544;-16136;-4152,1095;-460;-1129,-0.1187722;-0.05499423;0.9344928,-0.1361966;-0.05901166;0.9358854,-0.235118;0.02606463;1.124613,-0.1679874;0.2460545;1.283744,-0.007875914;0.2634811;1.279719,0.002475281;-0.230684;1.277352,1
7235,1023,-2628;-15928;-3948,1398;-487;-988,-0.1192224;-0.05385368;0.9346105,-0.1363081;-0.05800322;0.9368321,-0.2355431;0.0264105;1.126255,-0.1680195;0.2461236;1.283759,-0.007900462;0.263477;1.279696,0.002500226;-0.2306366;1.277307,1
7267,1023,-2768;-16124;-3740,997;-1236;-1355,-0.1198969;-0.05416515;0.9347704,-0.1361449;-0.05761154;0.9374869,-0.2359744;0.02666661;1.127208,-0.168043;0.2461517;1.283784,-0.007916931;0.2634721;1.279653,0.00254616;-0.2305777;1.277197,1
7299,1022,-3328;-16392;-3092,-84;-4854;-4029,-0.1215548;-0.05327026;0.9342687,-0.1358351;-0.05730977;0.9378766,-0.2361224;0.02679891;1.127558,-0.1680868;0.2462464;1.283848,-0.007465667;0.2634023;1.280282,0.002591422;-0.2304748;1.277109,1
7333,1023,-2384;-15480;-3840,-2414;-10170;-7167,-0.1213023;-0.05289439;0.9348924,-0.1357541;-0.05701493;0.9382378,-0.2364445;0.02687844;1.127844,-0.1679606;0.2461943;1.284148,-0.007503517;0.2634076;1.28025,0.002576905;-0.2304647;1.277087,1
7376,1021,-2208;-15932;-3788,-6104;-13346;-7270,-0.122592;-0.05207039;0.9340863,-0.1357164;-0.05683758;0.9384528,-0.2367721;0.02698168;1.128317,-0.1679986;0.2462419;1.284147,-0.007549621;0.2634032;1.280189,0.002537796;-0.2304264;1.276985,1
7399,1023,-1484;-16516;-5184,-1593;-13219;-8148,-0.1224814;-0.05175748;0.9359344,-0.1356383;-0.05645726;0.9389004,-0.2372274;0.02712309;1.129474,-0.1680249;0.2463287;1.284214,-0.007567015;0.2634114;1.280204,0.002495205;-0.2303612;1.277081,1
7433,1019,-2056;-15280;-3736,110;-12937;-8587,-0.123313;-0.05106438;0.931363,-0.1355199;-0.05629372;0.9389174,-0.2386585;0.02656287;1.126359,-0.1680678;0.2463775;1.284173,-0.007646672;0.263391;1.280007,0.002444335;-0.2302985;1.276774,1
7465,1023,-1980;-15792;-5196,-8875;-13525;-5664,-0.1234367;-0.05154292;0.9354203,-0.1354432;-0.05603429;0.9393281,-0.2404428;0.02593761;1.121786,-0.1680935;0.246438;1.284231,-0.007655614;0.2633947;1.280006,0.002439174;-0.2302637;1.276816,1
7501,1021,-648;-14736;-7948,-6900;-16949;-9747,-0.1237632;-0.05116491;0.9324494,-0.1354213;-0.05599319;0.9394402,-0.2405485;0.02745228;1.119719,-0.1681215;0.246457;1.284215,-0.007669955;0.2633938;1.27999,0.002436841;-0.230228;1.276784,1
7536,1023,-3936;-15396;-5672,-8602;-23949;-10820,-0.1241009;-0.05165878;0.9311154,-0.1353951;-0.05588291;0.9394742,-0.2406639;0.02728271;1.119873,-0.1681301;0.246427;1.284127,-0.007560169;0.2632305;1.280201,0.002438047;-0.2302051;1.27658,1
7567,1023,1352;-14368;-9912,-5294;-18955;-10146,-0.124209;-0.05232185;0.9329234,-0.1355123;-0.05552157;0.9399121,-0.2405704;0.02712614;1.120155,-0.1681833;0.2465415;1.284102,-0.007598701;0.263235;1.280173,0.002435099;-0.2302012;1.276579,1
7599,355,-2964;-14644;-7300,-1079;-21897;-8987,-0.1248115;-0.05249593;0.9308116,-0.1355158;-0.05551188;0.9399155,-0.2403981;0.0271703;1.120065,-0.1680703;0.2464174;1.284271,-0.007641336;0.2632257;1.28008,0.002452347;-0.2301931;1.276426,1
7632,360,896;-14192;-9932,-1189;-13753;-11408,-0.1256507;-0.05319513;0.9358777,-0.1352782;-0.05557757;0.9399663,-0.2403922;0.02692629;1.120584,-0.1681288;0.246501;1.284365,-0.00686309;0.2633958;1.281994,0.002423824;-0.2301629;1.276615,1
7665,368,-1068;-13840;-9224,37;-16756;-9747,-0.1247871;-0.05261634;0.9318081,-0.1352946;-0.0554958;0.9400443,-0.2404059;0.02687397;1.120676,-0.1681508;0.2465327;1.284344,-0.007021871;0.2634283;1.281698,0.002422266;-0.2301628;1.276605,1
7699,372,2224;-15676;-9516,-860;-7270;-6390,-0.1248515;-0.0523077;0.9329328,-0.1356219;-0.05528243;0.9404042,-0.2404779;0.02680396;1.121155,-0.1682284;0.2467713;1.284395,-0.007096128;0.2634397;1.281564,0.002443706;-0.2301132;1.276593,1
7735,378,-732;-14296;-7564,976;-8895;-5643,-0.1245733;-0.05249385;0.9328696,-0.1356447;-0.055269;0.9404662,-0.2404203;0.02678512;1.121155,-0.1682331;0.2467757;1.284392,-0.007190997;0.2634315;1.281434,0.002451202;-0.2301044;1.276585,1
7764,384,968;-15644;-8636,2039;-5948;-4910,-0.1242378;-0.05111944;0.9296036,-0.135837;-0.05502844;0.9404786,-0.2402797;0.02687409;1.12093,-0.1682755;0.2468198;1.284316,-0.0072879;0.2634147;1.28106,0.002450184;-0.2300489;1.276344,1
7798,385,440;-13988;-8048,873;-10524;-3837,-0.1242258;-0.05172936;0.9351718,-0.1358984;-0.05494835;0.9406885,-0.2397211;0.02928229;1.120696,-0.1682994;0.2474208;1.286822,-0.007322571;0.2634324;1.281042,0.002410409;-0.2299885;1.276465,1
7831,389,344;-15188;-7872,1644;-4570;-2062,-0.1243494;-0.05061164;0.9300932,-0.1358976;-0.05489625;0.9406279,-0.2396387;0.02919938;1.120504,-0.1683546;0.2473983;1.286611,-0.007478428;0.2634381;1.280719,0.002498744;-0.2298505;1.276253,1
7866,390,2588;-15500;-7940,1465;-6752;-4733,-0.1242382;-0.05096906;0.9326899,-0.1359787;-0.05479615;0.9406031,-0.2399106;0.02908073;1.120608,-0.1683852;0.2473718;1.286481,-0.007576126;0.2634533;1.280565,0.002412758;-0.2298656;1.27614,2
7901,388,124;-14872;-7764,1920;-2390;-2360,-0.1245095;-0.05056551;0.9323734,-0.1362275;-0.05455658;0.9405646,-0.2401584;0.02779235;1.122654,-0.1683256;0.2473958;1.28658,-0.007643352;0.2634694;1.280454,0.002433041;-0.229826;1.276137,2
7937,390,812;-13764;-8544,-1780;-1402;-3621,-0.1251224;-0.05019363;0.9314343,-0.1362932;-0.05449171;0.9404671,-0.2404483;0.02802261;1.12239,-0.1683401;0.2474007;1.286501,-0.007693722;0.2634701;1.280383,0.002435905;-0.2298074;1.27612,2
7965,390,-808;-14376;-8120,-8;1282;976,-0.1250586;-0.05023148;0.9332982,-0.1363132;-0.05447716;0.9404995,-0.2405804;0.02815827;1.122238,-0.1683529;0.2474017;1.286481,-0.007706098;0.2634833;1.280364,0.002424468;-0.2297529;1.276245,2
7997,384,300;-15284;-8288,948;-1325;-786,-0.1249669;-0.0500891;0.9313492,-0.1362983;-0.05442079;0.9404873,-0.2401446;0.02772192;1.122628,-0.1683567;0.2474049;1.286464,-0.007542231;0.2635668;1.280679,0.002427103;-0.2297277;1.276265,2
8033,385,700;-14608;-8840,2365;1228;-259,-0.1244659;-0.04985234;0.9322708,-0.1365194;-0.0546162;0.9403827,-0.2400548;0.028011;1.122142,-0.168357;0.2474009;1.286427,-0.007400605;0.2635399;1.281072,0.002434614;-0.2297149;1.276299,2
8069,381,572;-14152;-9204,820;1399;1010,-0.1253853;-0.0495083;0.9322329,-0.1365362;-0.05457585;0.9403403,-0.2402407;0.03116936;1.117788,-0.1683423;0.2473635;1.286315,-0.007244336;0.2635887;1.281385,0.002435843;-0.2297147;1.276299,2
8100,377,3596;-14468;-9212,-1617;8863;2647,-0.1253638;-0.05003572;0.9316539,-0.1365412;-0.05455402;0.9403242,-0.2405043;0.03101741;1.118069,-0.1683563;0.2473625;1.286282,-0.007298389;0.2636261;1.28125,0.002491376;-0.2296856;1.276318,2
8134,364,-1812;-13240;-9044,1944;16818;6355,-0.1248301;-0.05017162;0.9334031,-0.1367738;-0.05443068;0.9403812,-0.2406322;0.03177648;1.11716,-0.168371;0.2473919;1.286289,-0.007368626;0.2636644;1.281141,0.002532395;-0.229595;1.276446,2
8165,354,1932;-15204;-8248,-755;12740;5149,-0.1254664;-0.05007881;0.9307799,-0.1367775;-0.05441372;0.9403207,-0.2408262;0.03166973;1.117312,-0.1684072;0.2474251;1.286186,-0.00742393;0.2636474;1.281053,0.002526313;-0.2295953;1.276436,2
8199,340,-696;-14876;-10912,5503;23006;8022,-0.1253164;-0.04991626;0.9276377,-0.1365385;-0.05453467;0.9394314,-0.2401879;0.03317625;1.114631,-0.1684684;0.2474353;1.285775,-0.00750843;0.2636155;1.280738,0.002535891;-0.229569;1.276201,2
8232,337,560;-15228;-7772,10491;17424;9344,-0.1256588;-0.05012954;0.9308701,-0.1366207;-0.05445124;0.9394183,-0.2399852;0.03288829;1.114898,-0.1684696;0.2474721;1.285712,-0.007605776;0.2636439;1.280609,0.002537216;-0.2295662;1.276207,2
8289,333,-2124;-14516;-10844,11865;21774;8585,-0.1255348;-0.05025668;0.9311355,-0.136745;-0.05438926;0.9394046,-0.2401891;0.03267121;1.115253,-0.1685016;0.2474985;1.285675,-0.007413695;0.2636648;1.280877,0.00253627;-0.2295671;1.276205,2
8306,329,-728;-14844;-3508,9532;9291;5920,-0.1257375;-0.05060812;0.9305522,-0.1367661;-0.0543083;0.9394352,-0.2403711;0.03241989;1.115629,-0.1685233;0.2475023;1.285647,-0.007515905;0.2637024;1.280725,0.002538506;-0.2295572;1.276201,2
8334,328,168;-16276;-4348,-168;7575;1382,-0.1254543;-0.05028655;0.9301356,-0.1367658;-0.05425985;0.939281,-0.2402224;0.03306284;1.114697,-0.1685507;0.2475336;1.285589,-0.007610536;0.2637242;1.280593,0.002539303;-0.2295419;1.276201,2
8366,1023,-1664;-16452;-6776,40;10937;6215,-0.125946;-0.05024056;0.9303274,-0.1368599;-0.05420089;0.939252,-0.2403467;0.03264729;1.115161,-0.168562;0.2475011;1.285507,-0.007677642;0.2637382;1.280471,0.002533499;-0.2295405;1.276179,2
8399,1022,-268;-15664;-8480,8519;16665;8036,-0.126223;-0.05063643;0.9306106,-0.1372467;-0.0539927;0.939431,-0.2407311;0.03204338;1.116076,-0.1685726;0.2474849;1.285485,-0.007541582;0.2638307;1.28065,0.002545288;-0.2295377;1.276175,2
8432,1023,-1524;-15840;-7020,9059;17191;10819,-0.1257871;-0.05086318;0.9320624,-0.1372676;-0.05398794;0.9394252,-0.240841;0.03169513;1.116576,-0.1685851;0.2474886;1.285479,-0.007323032;0.2639172;1.281244,0.002585232;-0.2295282;1.276262,2
8465,1023,-2924;-16760;-4232,7558;12796;9649,-0.124662;-0.05080173;0.9289476,-0.1372177;-0.05401257;0.9393155,-0.2406387;0.03226985;1.116006,-0.1684458;0.2473757;1.285837,-0.007402132;0.2639306;1.281073,0.002586863;-0.2295247;1.276265,2
8500,1023,-3140;-17164;-2260,7351;8160;6026,-0.1234324;-0.05202652;0.9247562,-0.1367001;-0.05394856;0.9381019,-0.2400588;0.03254775;1.115407,-0.1684453;0.247427;1.285792,-0.007540789;0.2639718;1.280795,0.002584946;-0.2295239;1.276265,2
8551,1023,-2720;-15276;-1928,5243;3907;2033,-0.1194601;-0.05368891;0.9186757,-0.1348007;-0.05476267;0.9349009,-0.2376532;0.03247401;1.114528,-0.1683706;0.2473876;1.285878,-0.007608693;0.2639484;1.280548,0.002580699;-0.2295278;1.276206,2
8566,1021,-3252;-15608;-2800,4774;2344;1065,-0.1177028;-0.05732731;0.9158941,-0.1601372;-0.03713179;0.9914742,-0.2651281;0.03651671;1.239031,-0.1684105;0.2474416;1.285903,-0.007625811;0.2639557;1.280537,0.002618562;-0.2295242;1.276356,2
8599,1020,-3520;-16576;-3568,2210;6134;192,-0.1185565;-0.06010785;0.9040477,-0.1478017;-0.05057466;0.9458837,-0.2532863;0.03842188;1.188213,-0.1684148;0.2474238;1.285866,-0.00767349;0.2639445;1.280441,0.00262323;-0.2295563;1.276363,2
8632,1023,-4784;-17700;-2188,2151;5250;443,-0.1229689;-0.06363027;0.8927264,-0.1475049;-0.05651954;0.9288596,-0.2522249;0.03522609;1.170514,-0.1684505;0.2473817;1.285755,-0.007690888;0.2639248;1.280339,0.002648561;-0.2295999;1.276296,2
8665,1023,-3560;-16508;-2716,3717;943;734,-0.1306973;-0.06622859;0.8865906,-0.152647;-0.05718667;0.926422,-0.2499641;0.03562502;1.170731,-0.1684676;0.2473689;1.285698,-0.007758346;0.2639089;1.280261,0.002660405;-0.2296597;1.276361,2
8699,1020,-3476;-15716;-2876,3380;1198;630,-0.1405852;-0.0659693;0.8810301,-0.1629663;-0.06189442;0.9347289,-0.2464372;0.03662007;1.169746,-0.1684938;0.2473122;1.285598,-0.007781008;0.2639015;1.280206,0.00310821;-0.2299858;1.276553,2
8733,1023,-2636;-15532;-2256,689;-2196;-1461,-0.1521844;-0.06147444;0.8763717,-0.1979661;-0.03129305;0.978915,-0.2450478;0.03778992;1.170205,-0.1682804;0.2469341;1.285171,-0.007575075;0.2638648;1.280372,0.003333688;-0.2301529;1.276681,2
8768,1023,-3088;-15988;-3616,1014;725;-1717,-0.160644;-0.05834066;0.8781079,-0.213953;-0.03336541;0.9775071,-0.2406536;0.03958723;1.171259,-0.1683022;0.2468837;1.285109,-0.0076069;0.2638635;1.280366,0.003818932;-0.2305119;1.27765,2
8799,1021,-3560;-16128;-2976,-267;-461;-3320,-0.1660757;-0.06146847;0.8802961,-0.1992123;-0.04068192;0.9814307,-0.2377755;0.03961121;1.170194,-0.1683146;0.2468595;1.285082,-0.007635886;0.2638582;1.280361,0.003717381;-0.2307009;1.278317,2
8833,1020,-2936;-15524;-3860,1155;314;-1263,-0.1690355;-0.06652617;0.8704288,-0.197664;-0.04166043;0.9749457,-0.2320642;0.03781145;1.164865,-0.1682231;0.2468431;1.284767,-0.007704481;0.2638155;1.280201,0.003639427;-0.2307639;1.278445,2
8865,1023,-3424;-15988;-2548,1298;-756;-1264,-0.1760243;-0.07414613;0.8542169,-0.1717613;-0.0684547;0.9228892,-0.2196048;0.03261954;1.144732,-0.1681824;0.2467053;1.284413,-0.007532008;0.2636783;1.280211,0.003583048;-0.2309634;1.278667,2
8899,1018,-3004;-15788;-2932,510;-1415;-1687,-0.1868172;-0.07343915;0.8552492,-0.1729945;-0.06880109;0.9189604,-0.2173406;0.03074209;1.140108,-0.1681719;0.2466509;1.284338,-0.007560656;0.2636679;1.28022,0.003079213;-0.2312127;1.279998,2
8933,1023,-3128;-16340;-3380,1199;-288;-941,-0.1969493;-0.07250452;0.8589975,-0.1805013;-0.05534016;0.9553623,-0.2121994;0.05570262;1.209173,-0.1681745;0.2466476;1.28434,-0.006972494;0.2635902;1.281827,0.002655859;-0.2314735;1.28151,2
8967,1018,-2940;-16140;-3452,761;-1547;-1258,-0.2216344;-0.08233494;0.8289149,-0.202415;-0.06059076;0.9030142,-0.2022203;0.03276714;1.165812,-0.1681683;0.2466272;1.284281,-0.00709119;0.263565;1.281645,0.002695328;-0.2315113;1.281727,2
9000,1021,-2992;-16220;-3564,1463;324;-424,-0.2316647;-0.07897443;0.8325058,-0.2036536;-0.04379625;0.9413531,-0.2037286;0.05609433;1.201699,-0.1681418;0.2463979;1.283899,-0.007274379;0.2634919;1.281302,0.002751586;-0.2315414;1.281712,2
9033,1023,-2996;-16128;-3116,999;-584;-1453,-0.2415957;-0.07370882;0.8361268,-0.2066081;-0.04321126;0.9410583,-0.2036809;0.05583211;1.201712,-0.1680843;0.2462528;1.283596,-0.007469879;0.2634279;1.280861,0.002738232;-0.2315434;1.281682,2
9065,1023,-3088;-16284;-3416,1118;544;-713,-0.2502431;-0.07262072;0.839875,-0.2103482;-0.04223368;0.9402231,-0.2036983;0.05523298;1.201404,-0.1680112;0.2457765;1.282911,-0.007378034;0.2632931;1.280874,0.00283266;-0.2316453;1.281602,2
9099,1021,-3232;-16316;-3112,1362;156;-1299,-0.2596772;-0.07076751;0.8504979,-0.2152437;-0.04135492;0.9406469,-0.2038607;0.05494932;1.202099,-0.1680045;0.245718;1.282903,-0.00716591;0.2631618;1.281899,0.002703769;-0.2317442;1.282291,2
9133,1023,-3144;-15892;-3000,855;-661;-1754,-0.2600532;-0.06735454;0.8521661,-0.2175643;-0.04063965;0.9403842,-0.2038692;0.05491462;1.202002,-0.1680021;0.2456711;1.282834,-0.007079917;0.2630714;1.281908,0.002748977;-0.2317776;1.282261,2
9166,1023,-3040;-16048;-3352,1425;-340;-1057,-0.2642193;-0.0648287;0.8572744,-0.2198709;-0.03991871;0.9400865,-0.2039026;0.05470089;1.201917,-0.1679841;0.2455017;1.282599,-0.007236749;0.2630414;1.281566,0.00283822;-0.2318238;1.282077,2
9200,1023,-2896;-16080;-3240,978;-735;-1466,-0.2723817;-0.06064626;0.86451,-0.2230319;-0.039689;0.9402146,-0.2039232;0.0546767;1.20193,-0.1679803;0.2454765;1.282601,-0.00729078;0.2630561;1.281515,0.002883923;-0.2318326;1.282148,2
9275,1023,-2816;-15860;-3292,1298;-463;-1091,-0.2736479;-0.05325464;0.8733999,-0.2269499;-0.03912471;0.9398562,-0.2037855;0.05467326;1.201453,-0.1679187;0.2453651;1.28246,-0.007333294;0.2629122;1.281228,0.003196802;-0.2319471;1.282017,2
9350,1023,-2832;-15988;-3208,970;-408;-1237,-0.2776876;-0.04334314;0.8842735,-0.230759;-0.03755112;0.9381172,-0.2030432;0.05420779;1.199999,-0.1673574;0.2445283;1.282096,-0.007462239;0.2628857;1.280939,0.003687567;-0.2321658;1.282065,2
9367,1023,-2724;-16048;-3176,1003;-693;-1300,-0.274777;-0.04158999;0.8860052,-0.2320119;-0.03710537;0.9374346,-0.2026273;0.05437149;1.199236,-0.167368;0.2445156;1.282025,-0.007255135;0.2627427;1.281161,0.003700086;-0.2321715;1.282024,2
9400,1023,-2844;-16140;-3228,1132;-471;-1063,-0.276069;-0.04043676;0.8896669,-0.2337198;-0.03670648;0.937301,-0.2024843;0.05445483;1.199001,-0.1673854;0.2445288;1.282056,-0.00673828;0.2627554;1.282062,0.003720498;-0.2321854;1.282068,2
9433,1018,-2668;-16120;-3336,1047;-544;-1081,-0.2711159;-0.03984402;0.8870116,-0.2343914;-0.03663117;0.936799,-0.2022011;0.05472219;1.198318,-0.1673869;0.2445828;1.282076,-0.006634577;0.2627306;1.28213,0.003723341;-0.2321898;1.281838,2
9466,1023,-2900;-16048;-3528,1225;-451;-1011,-0.274598;-0.0383446;0.891342,-0.2353336;-0.03676365;0.9368093,-0.2020322;0.05480132;1.198117,-0.167403;0.244608;1.282108,-0.006480233;0.2627451;1.28241,0.003726463;-0.2321882;1.281853,2
9500,1023,-2752;-16096;-3256,1218;-585;-978,-0.2778805;-0.03876618;0.8948087,-0.2369508;-0.03626569;0.9369145,-0.20199;0.05480053;1.198182,-0.1674106;0.2446306;1.282137,-0.006613361;0.262798;1.282185,0.003788937;-0.2322055;1.281914,2
9534,1021,-2948;-15888;-3360,1189;-222;-857,-0.274466;-0.03744268;0.8946397,-0.2376018;-0.03630067;0.9369927,-0.2019467;0.05477734;1.198163,-0.1674042;0.2446233;1.282095,-0.006539557;0.262756;1.282266,0.00396121;-0.2322558;1.281924,2
9567,1023,-2980;-16136;-3188,1062;-731;-1033,-0.2731166;-0.03667659;0.8948168,-0.2380582;-0.03614648;0.936596,-0.2018312;0.0549408;1.197686,-0.1674052;0.2446405;1.282054,-0.006750388;0.2627416;1.281763,0.003983865;-0.2322736;1.281701,2
9599,1019,-3064;-15952;-3168,1228;-1722;-1280,-0.2742671;-0.03593149;0.8965007,-0.2385994;-0.03614593;0.9369502,-0.2011338;0.0539628;1.198205,-0.1674065;0.2446409;1.282051,-0.006679794;0.2626918;1.281812,0.003984842;-0.232271;1.281689,2
9635,1023,-3272;-16628;-2852,880;-3021;-2622,-0.2749958;-0.03578727;0.8983818,-0.2394767;-0.03601478;0.9369999,-0.2011416;0.0539775;1.198169,-0.1674058;0.2446429;1.282052,-0.006573873;0.262665;1.281921,0.003988053;-0.2322739;1.281688,2
9665,1023,-2496;-16192;-2456,-567;-5503;-5478,-0.2431381;-0.03960539;0.9070831,-0.2400119;-0.04355419;0.9398836,-0.2008954;0.05373395;1.198317,-0.1673931;0.244638;1.281985,-0.006730962;0.2626445;1.281448,0.004125168;-0.23231;1.281587,2
9700,1022,-1956;-16496;-2288,-2432;-8509;-6010,-0.2451755;-0.03802945;0.9092673,-0.2306162;-0.01439879;0.9817088,-0.2013523;0.02979131;1.160817,-0.1673843;0.2446452;1.28197,-0.006889101;0.2626461;1.281184,0.004241218;-0.2322969;1.281514,2
9732,1023,-1972;-15852;-3512,-4526;-10622;-5081,-0.2450025;-0.03848413;0.9108105,-0.2405466;-0.04405515;0.9442802,-0.1982199;0.04992624;1.203423,-0.1673778;0.2446335;1.281955,-0.006936393;0.2626532;1.281094,0.004330057;-0.2323104;1.281548,2
9766,1023,-1736;-16064;-3416,-2035;-11146;-5400,-0.2432638;-0.03845314;0.9099303,-0.2405854;-0.04219608;0.9435026,-0.1982229;0.05008903;1.203247,-0.1673785;0.2446335;1.281953,-0.006975417;0.2626788;1.280982,0.004481897;-0.2322599;1.281618,2
9801,1018,-968;-16652;-5396,-841;-6526;-5271,-0.2418028;-0.03855322;0.9083325,-0.2400863;-0.04623098;0.9431835,-0.1988067;0.05089544;1.201339,-0.1673842;0.2446556;1.28197,-0.006794729;0.2626192;1.281115,0.004545417;-0.2322638;1.281622,2
9841,1021,-1908;-16284;-4064,-3737;-9375;-6027,-0.2411417;-0.03772313;0.9095203,-0.2401146;-0.04379188;0.9422678,-0.1988105;0.05078102;1.201363,-0.167384;0.2446631;1.281973,-0.006880668;0.2626301;1.280977,0.004645208;-0.2322787;1.281625,2
9876,1023,-964;-15920;-5200,-3038;-11138;-6596,-0.2357334;-0.0389454;0.9056582,-0.2395283;-0.0420775;0.9402463,-0.1990422;0.05156878;1.199807,-0.1673859;0.2447384;1.282022,-0.006772561;0.2626254;1.281068,0.004634222;-0.2322588;1.281552,2
9908,1022,-1184;-16352;-4976,-970;-11508;-4885,-0.2368231;-0.03926079;0.902116,-0.2386333;-0.03936869;0.9390413,-0.1991856;0.05166146;1.199686,-0.1673866;0.2447316;1.282032,-0.006506236;0.2626997;1.28174,0.004632537;-0.2322947;1.281673,2
9935,1023,-1580;-15688;-4772,-2014;-16983;-7179,-0.2538857;-0.04410234;0.8790826,-0.2362049;-0.03797498;0.9366606,-0.198258;0.04959895;1.198704,-0.1674003;0.2447515;1.282064,-0.006277907;0.2626928;1.282107,0.004708097;-0.2323087;1.281739,2
9965,353,-88;-15824;-6004,-4012;-16326;-9347,-0.2411692;-0.04719683;0.8706421,-0.2315762;-0.03557356;0.9363521,-0.198989;0.05182448;1.199165,-0.1674048;0.2447558;1.282065,-0.006493371;0.2626867;1.281773,0.004877816;-0.23231;1.281777,2
9998,355,-316;-15312;-6052,-756;-19911;-6956,-0.2278571;-0.04810082;0.8689494,-0.225939;-0.03440194;0.9368024,-0.2000515;0.05381887;1.200075,-0.1674094;0.2447569;1.282066,-0.006557894;0.2627098;1.281687,0.005060022;-0.2323694;1.282008,2
10036,359,1180;-15716;-6900,-3287;-14245;-8802,-0.2208873;-0.05108671;0.8644027,-0.2249943;-0.05121204;0.8862136,-0.2234717;0.03375805;1.14777,-0.1674133;0.2447558;1.282051,-0.00664511;0.2627324;1.281565,0.005184057;-0.2323416;1.28196,2
10076,366,628;-14812;-6668,-1011;-16204;-5797,-0.2119976;-0.05160598;0.8644619,-0.2130052;-0.0353439;0.9378644,-0.2032914;0.05378011;1.201894,-0.1674604;0.2447686;1.28209,-0.006506877;0.2627441;1.281917,0.005237322;-0.2323461;1.281978,2
10108,368,-12;-16408;-6836,-1656;-8878;-5386,-0.1985914;-0.04959385;0.8640074,-0.2057296;-0.04581973;0.9112738,-0.2009713;0.03643648;1.177668,-0.1674688;0.2447772;1.2821,-0.006375269;0.2627035;1.282208,0.005202353;-0.2323415;1.281978,2
10139,373,712;-15464;-6856,334;-12390;-6374,-0.1851156;-0.04944056;0.8647055,-0.1964841;-0.05018418;0.8956712,-0.2089866;0.03398388;1.161213,-0.1674841;0.2447988;1.282055,-0.006636887;0.2627079;1.281728,0.005201599;-0.232342;1.281886,2
10166,380,516;-16032;-6704,1283;-10357;-6223,-0.1746525;-0.05095672;0.8689775,-0.1886184;-0.03489779;0.9441704,-0.209807;0.05316272;1.207844,-0.1675223;0.244818;1.282092,-0.006734874;0.2627419;1.281667,0.005296839;-0.2323194;1.282183,2
10199,383,1080;-15472;-7196,2248;-10431;-5225,-0.1692309;-0.05146749;0.8666986,-0.183538;-0.04633286;0.9158117,-0.2132398;0.04229796;1.178495,-0.1675464;0.2448193;1.282094,-0.006859747;0.2627543;1.281521,0.005209571;-0.2323211;1.282228,2
10233,386,1044;-15484;-6164,1734;-6225;-3952,-0.1606834;-0.0587446;0.8644943,-0.2079351;-0.03166327;0.9742594,-0.215755;0.03971414;1.170257,-0.1675791;0.2448275;1.282109,-0.007063736;0.2627974;1.281294,0.005104135;-0.2323166;1.282171,2
10270,385,1612;-14608;-7184,-87;-6726;-2218,-0.1422976;-0.06653548;0.8620721,-0.2051623;-0.03863461;0.9588755,-0.2228151;0.03453557;1.153571,-0.1676059;0.2448524;1.282142,-0.007185244;0.2628331;1.281175,0.005185612;-0.2322558;1.282009,2
10300,384,-64;-15032;-6828,-3709;-3345;-2474,-0.1327932;-0.06585367;0.8709896,-0.2042694;-0.0403422;0.9567072,-0.2276746;0.03332012;1.150608,-0.1676736;0.2450812;1.282384,-0.006979724;0.2628499;1.281497,0.005156159;-0.232153;1.281413,2
10333,387,1708;-16116;-7892,-663;-5329;-4564,-0.1222467;-0.06727177;0.8809419,-0.1629088;-0.0590919;0.9209841,-0.2313491;0.03310839;1.151454,-0.1677295;0.2452511;1.282535,-0.007088047;0.2628825;1.281417,0.004925123;-0.2319412;1.281132,2
10365,387,36;-15180;-7356,2142;-1519;-2868,-0.119288;-0.06479399;0.889286,-0.1607092;-0.05913994;0.9191249,-0.2399123;0.03307537;1.156887,-0.167892;0.2456731;1.282737,-0.007223198;0.2629723;1.281135,0.004416102;-0.231433;1.280321,2
10399,384,1180;-15096;-7680,609;-4507;-2701,-0.118725;-0.06360446;0.8987232,-0.1597675;-0.05719443;0.9241225,-0.2473318;0.03515216;1.172205,-0.1679262;0.2457359;1.282796,-0.00738662;0.2630233;1.280881,0.004094218;-0.2312311;1.279718,2
10432,389,748;-14952;-7424,1682;-622;-532,-0.1181466;-0.06258772;0.9040342,-0.1561772;-0.05550006;0.9292153,-0.2490993;0.03558692;1.175809,-0.1679661;0.245808;1.282831,-0.00754161;0.2630353;1.280649,0.003821149;-0.2309258;1.279056,2
10466,390,740;-15456;-7628,305;-2457;-1000,-0.1152485;-0.0623076;0.9077588,-0.1486005;-0.05924297;0.9193766,-0.222847;0.03148814;1.105542,-0.1679849;0.2458411;1.282903,-0.007626979;0.2630407;1.28052,0.003858095;-0.2308616;1.278778,2
10502,392,1692;-15700;-7944,3020;-809;-2901,-0.1157948;-0.06177692;0.9098108,-0.1443127;-0.05938253;0.9197317,-0.2229095;0.03156624;1.105529,-0.1680029;0.2458658;1.282941,-0.007706953;0.2630387;1.280398,0.003808751;-0.2308121;1.278464,2
10532,390,1172;-14880;-7596,2491;-641;-2391,-0.118575;-0.06044658;0.9140829,-0.1430357;-0.05909321;0.9212678,-0.2228579;0.0318424;1.105729,-0.1681126;0.2461938;1.283128,-0.007792697;0.2630596;1.280298,0.003776128;-0.2307345;1.278363,2
10567,388,1144;-14868;-7024,2000;227;-450,-0.1182404;-0.05951777;0.9153554,-0.1367763;-0.05988635;0.9219019,-0.2233491;0.03196263;1.105737,-0.1681284;0.2461961;1.283128,-0.007895166;0.2630726;1.280155,0.003613697;-0.2306667;1.278139,2
10601,389,2996;-15416;-8432,1960;2423;-619,-0.1188469;-0.05819415;0.9166374,-0.13551;-0.0593243;0.9225228,-0.2236327;0.03210499;1.105735,-0.1681725;0.2462577;1.283148,-0.007867884;0.2630361;1.280236,0.003557298;-0.2305302;1.277836,2
10633,379,4376;-14296;-9716,-652;13456;1249,-0.1185558;-0.05615562;0.9139015,-0.1348269;-0.05872398;0.9228663,-0.2247925;0.03264848;1.105421,-0.1681825;0.2462579;1.283127,-0.008013767;0.2630054;1.279958,0.003547771;-0.2304397;1.277337,2
10666,357,1056;-13536;-8300,-679;21967;4491,-0.1196912;-0.05604008;0.9210089,-0.1340275;-0.05785974;0.9241781,-0.2257102;0.03303166;1.105689,-0.1682763;0.2464458;1.283358,-0.008034156;0.2630123;1.279957,0.003639555;-0.2303775;1.277359,2
10703,343,3280;-15352;-5692,-5831;19266;4108,-0.1207402;-0.05361645;0.9196956,-0.133626;-0.05743266;0.9248815,-0.2274404;0.03227547;1.107311,-0.1682951;0.2464855;1.283402,-0.0080861;0.2630364;1.279875,0.00359145;-0.2303038;1.277098,2
10732,336,-3244;-16444;-7632,11327;19583;10315,-0.1209093;-0.05327339;0.9220638,-0.1331874;-0.05676195;0.925526,-0.2287909;0.03190891;1.108299,-0.168318;0.2465236;1.283408,-0.008153412;0.2630271;1.279774,0.003547097;-0.2302747;1.276986,2
10770,331,3624;-14792;-5524,5847;13618;5817,-0.1212949;-0.0526019;0.9215526,-0.1329892;-0.05651217;0.9260688,-0.2296184;0.03167868;1.108907,-0.1683338;0.2465286;1.283423,-0.008175742;0.26303;1.279745,0.003512174;-0.2302644;1.276903,2
10800,325,1152;-14896;-8152,1392;19507;8345,-0.1214708;-0.05190883;0.9235248,-0.1331874;-0.0561065;0.9269465,-0.2319353;0.03254795;1.10873,-0.1683496;0.2465482;1.283458,-0.008211302;0.263055;1.279657,0.00345487;-0.2301941;1.276756,2
10836,324,-44;-16068;-4696,6882;16234;10912,-0.1221889;-0.05188065;0.9251966,-0.1328832;-0.05608793;0.9276897,-0.2331577;0.0326824;1.109032,-0.1683514;0.2465483;1.283459,-0.008228456;0.2630483;1.279583,0.003440475;-0.2301545;1.276631,2
10865,1023,120;-15888;-3936,6122;14591;8403,-0.122642;-0.05139279;0.9252785,-0.1329566;-0.0559947;0.9283313,-0.2337284;0.0330411;1.108865,-0.1683717;0.2465883;1.283479,-0.008260199;0.2630502;1.279546,0.003437562;-0.2301392;1.276623,2
10902,1018,-772;-14824;-7000,7143;18197;9024,-0.1220746;-0.0513999;0.9256553,-0.1330622;-0.05590312;0.9289433,-0.2342386;0.03326983;1.108762,-0.1683861;0.2465773;1.283482,-0.008272929;0.2630495;1.279492,0.003416991;-0.2301364;1.276599,2
10937,1023,-1932;-16140;-4624,5615;19523;9892,-0.122866;-0.05128243;0.9265757,-0.1331134;-0.05573722;0.9292799,-0.235156;0.03245459;1.110212,-0.1684127;0.2466119;1.283501,-0.008291552;0.2630509;1.279477,0.003392192;-0.2301121;1.276581,2
10967,1022,-2784;-16512;-3648,8655;13938;8688,-0.121138;-0.05110647;0.924152,-0.1332092;-0.05567119;0.9293988,-0.2355947;0.03263843;1.110161,-0.1684155;0.2466159;1.283503,-0.008296063;0.2630613;1.279414,0.003367478;-0.2300702;1.276443,2
11001,1022,-2076;-15852;-2892,3961;7752;5772,-0.1216603;-0.05149731;0.924569,-0.1332251;-0.05565767;0.92952,-0.2357832;0.03275085;1.110093,-0.1684171;0.2466137;1.283504,-0.008297812;0.2630625;1.279286,0.003474175;-0.2300486;1.276322,2
