Time_Stamp,Accel,Gyro,SpineShoulder,ShoulderRight,ElbowRight,WristRight,SpineBase,TrimmingId
0,-6224;7156;12420,1123;-444;-926,-0.03419492;0.05344097;1.328024,0.1403783;0.03157241;1.3596,0.243706;-0.1374171;1.395368,0.2170024;-0.2096529;1.166498,-0.0326825;-0.4387491;1.458913,0
32,-6212;7136;12528,1136;-431;-935,-0.03417029;0.05345986;1.32806,0.1404044;0.031499;1.359651,0.2453793;-0.1380336;1.394963,0.217263;-0.2098935;1.166142,-0.03259963;-0.4387573;1.459012,0
66,-6156;7128;12380,1082;-436;-895,-0.03410035;0.05351746;1.328225,0.1403102;0.03154993;1.359707,0.2418015;-0.1374716;1.396634,0.2167287;-0.2094898;1.167512,-0.0326245;-0.43876;1.459031,0
97,-6208;7108;12540,1113;-428;-919,-0.03404883;0.05342671;1.327997,0.1401743;0.03162595;1.359595,0.2449618;-0.137949;1.394488,0.2170951;-0.2100161;1.165702,-0.03281219;-0.4386874;1.458594,0
132,-6224;7100;12436,1111;-418;-931,-0.03405735;0.05343833;1.327979,0.1400833;0.03160872;1.359627,0.2411935;-0.1371379;1.396358,0.216534;-0.2094601;1.167288,-0.03291846;-0.4386688;1.458584,0
164,-6048;7192;12492,1094;-398;-930,-0.03410603;0.05369959;1.32879,0.140245;0.03162182;1.360166,0.2390661;-0.1359619;1.398835,0.2163221;-0.2088274;1.169744,-0.03249667;-0.4386281;1.45997,0
196,-6136;7044;12384,1092;-416;-949,-0.03410774;0.05370213;1.328793,0.1402643;0.03161453;1.36018,0.2410913;-0.1365698;1.39777,0.2166135;-0.2092076;1.168783,-0.03256802;-0.4385937;1.459975,0
230,-6220;7108;12396,1062;-408;-955,-0.03410522;0.05370709;1.328796,0.140288;0.03156944;1.3602,0.2394063;-0.1361931;1.397996,0.2162971;-0.2091324;1.168964,-0.03258339;-0.438595;1.459974,0
264,-6296;7056;12380,1116;-420;-944,-0.03410647;0.05370885;1.3288,0.1403248;0.03166201;1.360183,0.2386917;-0.1360531;1.398115,0.2161698;-0.2090786;1.169052,-0.03250252;-0.4385247;1.460059,0
300,-6208;7060;12312,1061;-369;-939,-0.03409673;0.05371394;1.328831,0.1403589;0.03164153;1.360201,0.2424227;-0.1369513;1.396418,0.216722;-0.2096837;1.167594,-0.03249899;-0.4385222;1.460064,0
331,-6180;7020;12508,1127;-429;-851,-0.03412928;0.05378785;1.329184,0.1403942;0.03164807;1.360453,0.2433317;-0.1375629;1.396498,0.2169091;-0.209942;1.167643,-0.03256526;-0.4384961;1.460357,0
366,-6116;7092;12344,1108;-367;-982,-0.03412275;0.05378494;1.329154,0.1404343;0.03178346;1.360282,0.2444424;-0.1373737;1.396676,0.2171396;-0.2098185;1.167945,-0.03254645;-0.4384764;1.460254,0
396,-6296;7184;12364,1040;-361;-947,-0.03412313;0.05378437;1.329154,0.1404418;0.03177249;1.360274,0.2411362;-0.1360778;1.397558,0.2166099;-0.2093488;1.16878,-0.03248962;-0.4385199;1.460242,0
429,-6080;6976;12488,1052;-336;-931,-0.03412427;0.0537807;1.329152,0.1404658;0.03183055;1.360258,0.2393516;-0.1355257;1.398226,0.2163146;-0.2090938;1.169391,-0.03250317;-0.438522;1.460217,0
466,-6372;7112;12500,1184;-329;-909,-0.03411347;0.05374913;1.32912,0.140467;0.03175657;1.360197,0.2440244;-0.1372892;1.395783,0.2169801;-0.2100278;1.167116,-0.03248908;-0.4385466;1.460177,0
499,-6216;7160;12344,1075;-385;-890,-0.03411143;0.05370931;1.329047,0.1403253;0.03174829;1.360151,0.2405511;-0.1366287;1.396114,0.2163438;-0.2098272;1.167279,-0.03249473;-0.4385462;1.460168,0
531,-6152;7140;12600,1072;-413;-930,-0.03410308;0.05363094;1.328722,0.1402256;0.03172855;1.360114,0.2437384;-0.1379171;1.394022,0.2166426;-0.2103698;1.165268,-0.03268016;-0.4386219;1.459644,0
562,-6200;7060;12520,1126;-385;-927,-0.03411833;0.05363218;1.328727,0.1402265;0.03172986;1.360112,0.2402308;-0.1366761;1.395705,0.2159823;-0.209562;1.166772,-0.03283676;-0.4385739;1.459631,0
595,-6140;7080;12400,1124;-384;-923,-0.03410026;0.05359513;1.328714,0.1402288;0.03172782;1.360109,0.2440079;-0.1391734;1.389432,0.2156675;-0.211296;1.16072,-0.03276101;-0.4385993;1.459661,0
630,-6244;7016;12496,1144;-416;-915,-0.0341248;0.05359962;1.32928,0.1402983;0.03167121;1.360737,0.2375009;-0.1359216;1.397471,0.2141706;-0.2081791;1.168241,-0.03251237;-0.4387605;1.460377,0
663,-6232;7060;12480,1114;-380;-940,-0.03413181;0.05357116;1.329214,0.1403119;0.03180916;1.360539,0.2458741;-0.1381589;1.391649,0.2139691;-0.2087131;1.162909,-0.0325349;-0.4387336;1.460404,0
697,-6260;7084;12364,1157;-424;-946,-0.03417732;0.05358685;1.329307,0.1403386;0.03181853;1.360745,0.2504433;-0.1400628;1.385567,0.2129991;-0.2095037;1.157319,-0.03238739;-0.4387258;1.460661,0
733,-6292;7024;12452,1147;-440;-950,-0.03414121;0.05357067;1.329279,0.1403417;0.03181825;1.360745,0.2516382;-0.1407668;1.381425,0.2116632;-0.2093683;1.153347,-0.03239154;-0.4387274;1.46067,0
766,-6284;7024;12520,1104;-487;-913,-0.03413391;0.053579;1.329479,0.1403904;0.03197129;1.360872,0.2518772;-0.1411852;1.380372,0.211067;-0.2087492;1.152127,-0.03231064;-0.4385893;1.461337,0
796,-6248;7136;12540,1176;-562;-925,-0.03416118;0.05357942;1.329501,0.1404478;0.03193568;1.36096,0.2521885;-0.1410225;1.380466,0.2107397;-0.2072719;1.151945,-0.03234064;-0.4385687;1.461405,0
829,-6084;7036;12448,1155;-492;-980,-0.03414906;0.05356205;1.329498,0.1404659;0.03189881;1.360922,0.2521714;-0.140952;1.380429,0.210247;-0.205243;1.151428,-0.03233666;-0.4385159;1.461436,0
863,-6272;7048;12336,1127;-479;-949,-0.03418864;0.05355688;1.329468,0.1405348;0.0321052;1.360849,0.2522255;-0.140974;1.380398,0.2099937;-0.2036323;1.150994,-0.03231672;-0.4384995;1.461462,0
896,-6016;6964;12352,1039;-393;-976,-0.03418978;0.05355714;1.329467,0.1405178;0.0320902;1.360848,0.2352952;-0.1350054;1.400513,0.2089408;-0.1968784;1.168504,-0.03228533;-0.4384967;1.461495,0
932,-6204;7124;12496,1184;-477;-936,-0.03421647;0.05355886;1.32954,0.1404954;0.03206647;1.360926,0.2343543;-0.1350264;1.402069,0.2085909;-0.1950213;1.169379,-0.03224884;-0.4384377;1.461666,0
965,-6320;7212;12476,1120;-492;-914,-0.03421868;0.05355315;1.329524,0.1405072;0.03194382;1.36092,0.249641;-0.1374505;1.387027,0.2100489;-0.1964781;1.156182,-0.0322016;-0.4384042;1.461758,0
996,-6192;7108;12524,1150;-480;-920,-0.03415852;0.05359309;1.329857,0.1405649;0.03185197;1.361385,0.2508955;-0.1377452;1.386262,0.2102025;-0.1942697;1.154973,-0.03196753;-0.4382764;1.462702,0
1030,-6264;7156;12320,1191;-326;-1032,-0.03416376;0.05359595;1.329853,0.1405623;0.03179887;1.361366,0.2514605;-0.1382948;1.385613,0.210861;-0.1919508;1.153617,-0.03189716;-0.4382443;1.462736,0
1062,-6068;7008;12620,1086;-478;-944,-0.03416534;0.05355785;1.329649,0.1404701;0.03171926;1.361099,0.2522595;-0.1380986;1.385694,0.212311;-0.1888878;1.152931,-0.03195386;-0.4381915;1.462677,0
1096,-6188;7124;12520,1114;-469;-967,-0.03421313;0.05355628;1.329617,0.1404574;0.03180686;1.360975,0.2411749;-0.1329521;1.397049,0.2129001;-0.1839499;1.162502,-0.03187323;-0.438105;1.462741,0
1130,-6260;7096;12504,1063;-462;-962,-0.03414911;0.05350867;1.329412,0.1402562;0.0316629;1.360856,0.2221237;-0.1649705;1.460525,0.2334227;-0.1839796;1.212096,-0.03185013;-0.4381228;1.46259,0
1166,-6128;7056;12556,1102;-471;-965,-0.03414623;0.05351091;1.329415,0.1402924;0.0316881;1.360854,0.2221514;-0.1647763;1.460015,0.2317289;-0.2137689;1.217421,-0.03171641;-0.4378598;1.462834,0
1196,-6336;7128;12456,1078;-460;-976,-0.03414166;0.05350865;1.329416,0.1403463;0.03157922;1.3609,0.2297406;-0.1370976;1.404488,0.2155838;-0.1817987;1.167212,-0.03163593;-0.4378199;1.462871,0
1229,-6136;7020;12316,1130;-430;-919,-0.03414932;0.05350757;1.329399,0.1404293;0.03160169;1.360896,0.2192707;-0.1647338;1.455648,0.2249691;-0.2116706;1.200007,-0.03176346;-0.4378231;1.462846,0
1264,-6160;7116;12472,1087;-476;-941,-0.03411495;0.05352385;1.329469,0.1402989;0.03152534;1.360945,0.205331;-0.2021154;1.464089,0.2247948;-0.2115231;1.197876,-0.03177961;-0.4378401;1.46285,0
1296,-6196;7112;12560,1108;-437;-978,-0.0341105;0.05352624;1.329433,0.1403325;0.03128223;1.360786,0.2294237;-0.1391985;1.399823,0.2201824;-0.1840328;1.161903,-0.03182344;-0.4378852;1.462606,0
1329,-6116;7032;12364,1044;-452;-958,-0.03412014;0.05354001;1.329448,0.1403833;0.03125925;1.360822,0.2295335;-0.1390653;1.400215,0.2225372;-0.184237;1.1623,-0.03182726;-0.4379066;1.462586,0
1366,-6268;7092;12424,1070;-447;-987,-0.03409352;0.05354061;1.329366,0.1404773;0.0313373;1.360619,0.2178134;-0.2258274;1.385469,0.223874;-0.1951646;1.147512,-0.03187083;-0.4379115;1.462515,0
1396,-6212;7024;12396,1131;-404;-959,-0.03405358;0.05359925;1.329528,0.1406233;0.03126245;1.360983,0.2301867;-0.1370423;1.40529,0.2264295;-0.1844019;1.167886,-0.03204229;-0.4378997;1.462583,0
1429,-6224;7132;12436,1110;-512;-925,-0.03402783;0.05359283;1.329534,0.1406747;0.03133244;1.360975,0.2301542;-0.1370789;1.405124,0.2281659;-0.1854617;1.167942,-0.03219796;-0.4379577;1.462268,0
1462,-6244;7076;12376,1116;-460;-948,-0.03401025;0.05360963;1.329598,0.1406815;0.03139476;1.361004,0.2163406;-0.226396;1.385185,0.2296888;-0.1984055;1.147695,-0.03225471;-0.4379402;1.462336,0
1495,-6176;7036;12440,1152;-467;-935,-0.03402176;0.05362104;1.329608,0.1405617;0.03143803;1.360943,0.2286349;-0.1391921;1.401106,0.2316513;-0.1886467;1.164391,-0.03225634;-0.4379702;1.462315,0
1530,-6260;6924;12204,1202;-447;-989,-0.03399564;0.05359541;1.329461,0.1406357;0.03141451;1.360835,0.2290039;-0.1391018;1.400875,0.2328826;-0.189651;1.164422,-0.03261103;-0.4380566;1.461593,0
1564,-6224;7004;12576,1149;-458;-918,-0.0338801;0.05357816;1.329216,0.140806;0.03141693;1.360706,0.2290631;-0.1391972;1.400633,0.2339069;-0.1909607;1.164505,-0.03275886;-0.4382798;1.46109,0
1598,-6328;7080;12476,1091;-435;-943,-0.03387383;0.05358768;1.329195,0.1409181;0.03145806;1.36071,0.2291198;-0.1391956;1.400607,0.2351398;-0.1925836;1.164924,-0.03274734;-0.4382922;1.46107,0
1630,-6128;7080;12452,1155;-417;-949,-0.03375544;0.05369677;1.329704,0.1413106;0.03153612;1.361497,0.2290196;-0.1390885;1.402204,0.2365377;-0.194689;1.167171,-0.03280066;-0.4382195;1.461619,0
1663,-6216;7044;12448,1123;-469;-964,-0.0337303;0.0536969;1.329688,0.141248;0.0315489;1.361471,0.2289806;-0.1390654;1.402175,0.2396066;-0.2020436;1.187909,-0.03314077;-0.4382172;1.46146,0
1696,-6164;7012;12412,1140;-437;-934,-0.0335905;0.053693;1.329751,0.1412031;0.03156068;1.361497,0.228955;-0.1390411;1.402208,0.2384427;-0.1987866;1.168355,-0.03312929;-0.4382195;1.461437,0
1730,-6184;7040;12376,1144;-458;-884,-0.03341595;0.05374363;1.330294,0.1411445;0.03156217;1.361608,0.2292057;-0.1388712;1.402333,0.2425227;-0.2040418;1.193145,-0.03311448;-0.4382598;1.461704,0
1762,-6160;7084;12584,1186;-430;-970,-0.03314853;0.05373805;1.33029,0.1411179;0.03136382;1.361681,0.2318673;-0.1376879;1.406044,0.2431951;-0.204795;1.194221,-0.03308473;-0.4382379;1.461728,0
1797,-6160;7096;12320,1097;-424;-957,-0.03307115;0.05372136;1.330309,0.1411035;0.03126607;1.361707,0.2314949;-0.1391983;1.404012,0.2438147;-0.2053378;1.195212,-0.03315772;-0.4382325;1.461638,0
1831,-6312;7088;12572,1187;-432;-946,-0.0328779;0.05371638;1.330281,0.1410921;0.03107706;1.361772,0.2320327;-0.1398589;1.405682,0.2444455;-0.2063677;1.196325,-0.03318634;-0.4382115;1.461535,0
1863,-6144;7064;12428,1212;-481;-871,-0.03260989;0.05368093;1.330257,0.1410895;0.03090855;1.3618,0.2114963;-0.2226062;1.384777,0.2483868;-0.2067953;1.181494,-0.03307078;-0.4382221;1.461458,0
1895,-6132;7104;12452,1135;-458;-904,-0.03237986;0.05365385;1.329906,0.1410616;0.03094084;1.361672,0.2339492;-0.1381981;1.398483,0.2252582;-0.285909;1.165034,-0.03287956;-0.4381481;1.461289,0
1930,-6216;7124;12476,1157;-451;-926,-0.0319689;0.05356665;1.329491,0.1410122;0.0309777;1.361502,0.2339051;-0.1381209;1.398429,0.2425884;-0.22023;1.199403,-0.03271141;-0.4382316;1.460749,0
2020,-6080;7016;12488,1226;-476;-934,-0.03169601;0.05361899;1.329553,0.1409693;0.03098089;1.361479,0.2265435;-0.1589763;1.44056,0.2399125;-0.2170133;1.206585,-0.03249568;-0.4382813;1.46081,0
2051,-6172;7156;12484,1204;-523;-925,-0.03142499;0.05372205;1.33019,0.1409433;0.03100134;1.3615,0.2265594;-0.1584625;1.440292,0.2360082;-0.2292676;1.208782,-0.03207561;-0.4383487;1.461454,0
2071,-6148;7088;12460,1135;-425;-938,-0.03130722;0.05369543;1.330075,0.1409413;0.03101485;1.361469,0.2281459;-0.1531514;1.424165,0.2359238;-0.2292262;1.208847,-0.03197306;-0.4383409;1.461361,0
2097,-6224;7152;12504,1115;-577;-882,-0.03119002;0.05366692;1.330019,0.140943;0.03102074;1.361458,0.2286067;-0.1522226;1.421344,0.2384955;-0.2240296;1.191097,-0.03187846;-0.4383891;1.461238,0
2130,-6040;7096;12464,1169;-401;-925,-0.03100946;0.05368863;1.330088,0.1409442;0.03102249;1.361457,0.2284545;-0.1523885;1.423302,0.2327189;-0.2383227;1.194222,-0.03186011;-0.4383988;1.46129,0
2165,-6180;6928;12496,1148;-413;-946,-0.03082457;0.05367135;1.329865,0.1409409;0.0310355;1.361365,0.2283013;-0.1529603;1.425324,0.2324326;-0.2372837;1.195528,-0.03175845;-0.4383351;1.461069,0
2207,-6220;7072;12312,1190;-473;-940,-0.03052638;0.05364503;1.330335,0.142042;0.03089812;1.362243,0.228807;-0.1550504;1.435649,0.2324084;-0.2362549;1.201099,-0.03134377;-0.4383442;1.46209,0
2230,-6200;7160;12364,1108;-471;-899,-0.03044831;0.05363484;1.330228,0.1419863;0.03091658;1.362114,0.229147;-0.1511274;1.42069,0.2356458;-0.2266347;1.191547,-0.03121447;-0.4383772;1.46198,0
2265,-6148;7216;12524,1179;-455;-944,-0.03035829;0.05363171;1.330269,0.1419832;0.0309141;1.362111,0.230646;-0.1493206;1.41632,0.2312922;-0.236425;1.199099,-0.03113803;-0.4383932;1.462026,0
2297,-6148;7204;12384,1025;-404;-982,-0.03021022;0.05358422;1.330367,0.1429453;0.03047527;1.362649,0.2284401;-0.1570701;1.436334,0.2316137;-0.2313919;1.217271,-0.03061903;-0.4386204;1.462031,0
2330,-6212;7072;12396,1136;-342;-904,-0.03002219;0.05350138;1.33016,0.1428222;0.03050536;1.362458,0.2338294;-0.1486657;1.415703,0.2314042;-0.231909;1.215547,-0.03088433;-0.4389553;1.461016,0
2362,-6148;7116;12460,1212;-322;-891,-0.02990021;0.05345514;1.329982,0.142713;0.03055488;1.362289,0.2343873;-0.1477787;1.412726,0.2312282;-0.2323135;1.214102,-0.0308648;-0.4389591;1.461011,0
2395,-6276;7216;12316,1275;-514;-833,-0.02981404;0.05343141;1.329916,0.1431726;0.03050473;1.362237,0.2339213;-0.1483466;1.412596,0.2357681;-0.2289718;1.185145,-0.03087376;-0.4388954;1.461079,0
2430,-6080;7184;12400,1159;-511;-886,-0.02952936;0.05335135;1.330384,0.143092;0.03051728;1.362257,0.2334842;-0.1482941;1.414564,0.2327187;-0.2320771;1.225501,-0.0306137;-0.4387824;1.462168,0
2464,-6048;7060;12620,1080;-364;-942,-0.02942479;0.05333149;1.330334,0.143441;0.03046198;1.362131,0.233331;-0.1484704;1.414634,0.2326732;-0.23193;1.225422,-0.03060932;-0.4387835;1.462167,0
2498,-6212;7092;12408,1241;-114;-886,-0.02935051;0.05329116;1.330229,0.1438113;0.03041027;1.362012,0.2332696;-0.1485455;1.414437,0.2324561;-0.2310071;1.224773,-0.03060342;-0.4387875;1.462112,0
2529,-6064;7156;12464,1130;-396;-893,-0.02932215;0.05327918;1.330253,0.1440027;0.03037697;1.361996,0.2328605;-0.1497028;1.412639,0.2324351;-0.2315616;1.222707,-0.03061185;-0.4387753;1.462121,0
2562,-6148;7184;12480,1108;-425;-986,-0.02929781;0.0532724;1.330256,0.144104;0.03029839;1.361931,0.2324751;-0.1498253;1.413058,0.2326638;-0.2309286;1.222794,-0.0306168;-0.4387524;1.462174,0
2595,-6172;7220;12356,1101;-386;-911,-0.02927108;0.05327646;1.330257,0.1439255;0.03035752;1.361892,0.2321675;-0.1502569;1.413217,0.2325706;-0.2305727;1.222609,-0.03063572;-0.4387291;1.462193,0
2629,-6168;7116;12380,1001;-386;-913,-0.02921236;0.05326776;1.330256,0.1441297;0.03032567;1.361818,0.2321146;-0.1502358;1.413339,0.2330106;-0.2301356;1.222552,-0.03063511;-0.4387106;1.462198,0
2663,-6188;6956;12312,1259;-318;-858,-0.02910948;0.0531929;1.330149,0.1439611;0.03036448;1.361757,0.2320616;-0.1503527;1.413571,0.2332076;-0.2297643;1.222575,-0.03063736;-0.4387205;1.462177,0
2700,-6212;7324;12368,1041;-450;-888,-0.02906576;0.0531806;1.330157,0.1441135;0.03037035;1.361701,0.2319972;-0.150343;1.413611,0.2332927;-0.229604;1.22255,-0.03065934;-0.438599;1.462269,0
2732,-6240;7112;12492,1184;-324;-951,-0.02902863;0.05318747;1.330193,0.1444598;0.03029974;1.361876,0.2305884;-0.1529138;1.421001,0.2333459;-0.2293817;1.223301,-0.03066924;-0.4385444;1.462352,0
2771,-6144;7164;12324,1190;-379;-921,-0.02903325;0.05317779;1.330161,0.1445562;0.03021429;1.361819,0.2305669;-0.1529334;1.420409,0.2336352;-0.2293505;1.222678,-0.03091761;-0.4385481;1.462071,0
2795,-6148;7196;12408,1175;-399;-907,-0.02882403;0.05304916;1.329662,0.14421;0.03027484;1.361538,0.2306888;-0.1525362;1.419411,0.2337052;-0.2294682;1.221507,-0.03092326;-0.4386087;1.461728,0
2830,-6248;7120;12312,1111;-440;-873,-0.02881068;0.05304652;1.329659,0.1444116;0.03027507;1.361551,0.2308318;-0.1524993;1.418723,0.2338897;-0.2295561;1.221061,-0.0308704;-0.4385304;1.461804,0
2863,-6200;7208;12376,1214;-454;-900,-0.02872435;0.05302847;1.329563,0.1445782;0.03024163;1.361441,0.2309449;-0.1525771;1.417422,0.2340897;-0.22955;1.220688,-0.03081881;-0.4384163;1.461875,0
2896,-6260;7272;12420,1192;-514;-909,-0.02858808;0.05289653;1.329179,0.1441975;0.03022391;1.361138,0.2308415;-0.1526538;1.416947,0.234107;-0.22971;1.219798,-0.0307906;-0.4385003;1.461542,0
2931,-6224;7120;12312,1223;-491;-900,-0.02858488;0.05287912;1.329696,0.1444163;0.03011923;1.361452,0.2308592;-0.1525414;1.417104,0.234309;-0.2299288;1.219432,-0.03088713;-0.4385098;1.462213,0
3011,-6128;7256;12332,1242;-520;-925,-0.02852797;0.05286624;1.329676,0.1443302;0.03006875;1.361309,0.230855;-0.1525437;1.416751,0.2344527;-0.2305101;1.218213,-0.03078558;-0.4384813;1.462193,0
3031,-6168;7260;12348,1156;-529;-919,-0.02836994;0.05271421;1.329048,0.1440354;0.0301233;1.361046,0.2307566;-0.1525241;1.416222,0.2340378;-0.2311785;1.217018,-0.0312844;-0.4384939;1.46115,0
3063,-6268;7216;12320,1188;-516;-949,-0.02829372;0.05276047;1.329416,0.1445339;0.03002955;1.361457,0.2011181;-0.2334906;1.38091,0.2428762;-0.2312323;1.178014,-0.03124978;-0.4384935;1.461685,0
3097,-6176;7336;12232,1118;-482;-951,-0.02813047;0.05274759;1.329872,0.1443671;0.03008133;1.361609,0.2289369;-0.158658;1.438033,0.2341598;-0.2318764;1.217882,-0.031183;-0.4385305;1.462011,0
3134,-6168;7236;12356,1164;-467;-945,-0.02809284;0.05271927;1.329849,0.1441389;0.03014943;1.361552,0.1953235;-0.2206269;1.434597,0.2341552;-0.2318701;1.217905,-0.03129604;-0.4385107;1.461943,0
3164,-6176;7164;12428,1225;-517;-927,-0.02810169;0.05272634;1.32984,0.1439806;0.03018763;1.361508,0.2311357;-0.1543402;1.416533,0.2343403;-0.2318564;1.217409,-0.03131972;-0.4385014;1.461944,0
3195,-6060;7220;12484,1032;-411;-1019,-0.02801797;0.05265162;1.329704,0.1438242;0.03022637;1.361437,0.2311273;-0.1543484;1.416555,0.2341354;-0.2307488;1.220605,-0.03135156;-0.4384785;1.461923,0
3231,-6100;7196;12272,1230;-471;-985,-0.02800576;0.05264674;1.32967,0.1436848;0.03026439;1.361374,0.2308258;-0.1545151;1.418484,0.2341705;-0.2308478;1.220441,-0.03132635;-0.438481;1.461922,0
3263,-6080;7204;12400,1073;-451;-995,-0.02798007;0.05263281;1.329628,0.1439889;0.03019145;1.361246,0.2304211;-0.1543424;1.420087,0.2345355;-0.230062;1.221265,-0.031294;-0.4384935;1.461896,0
3296,-6124;7200;12372,1108;-397;-955,-0.02796322;0.05263613;1.329621,0.1443171;0.03013993;1.361285,0.2299341;-0.1542512;1.4215,0.2346576;-0.2300928;1.221022,-0.03124849;-0.4384954;1.461883,0
3332,-6288;7172;12364,1283;-428;-901,-0.02789474;0.05268447;1.329822,0.1441749;0.03015401;1.361367,0.2301203;-0.1539755;1.421494,0.2368795;-0.2309988;1.214367,-0.03111998;-0.4382301;1.462761,0
3364,-6176;7308;12336,1342;-648;-858,-0.0278564;0.05268792;1.329873,0.1440787;0.03017766;1.361407,0.2299063;-0.1541457;1.422446,0.2368386;-0.2309971;1.214628,-0.0310831;-0.4382448;1.462792,0
3395,-6152;7204;12376,1417;-588;-909,-0.02784287;0.05268249;1.32986,0.1439934;0.03019447;1.361402,0.2297761;-0.1538728;1.423687,0.2365261;-0.2314482;1.21607,-0.03102176;-0.4383055;1.462721,0
3430,-5920;7280;12264,1314;-695;-906,-0.02774179;0.05264329;1.329572,0.1438246;0.03023937;1.361264,0.2303794;-0.1536917;1.419728,0.2365607;-0.2314802;1.2145,-0.03090315;-0.4384628;1.462106,0
3463,-5992;7292;12280,984;-418;-975,-0.02774609;0.05264775;1.329549,0.1437523;0.03025273;1.361246,0.2304243;-0.1535869;1.419501,0.2359682;-0.2304369;1.218179,-0.03088953;-0.4384661;1.462113,0
3495,-6160;7384;12308,877;-231;-962,-0.0277463;0.05264915;1.329543,0.1436786;0.03027677;1.361227,0.2307374;-0.154151;1.419269,0.2357655;-0.2315408;1.218761,-0.03105369;-0.4385249;1.461936,0
3534,-6200;7292;12280,865;-149;-910,-0.02772679;0.05262004;1.329062,0.1442356;0.03018868;1.360511,0.2313221;-0.1521289;1.409978,0.2362391;-0.2311194;1.217167,-0.03104129;-0.4384475;1.46172,0
3567,-6160;7328;12292,955;-174;-963,-0.02767612;0.05264094;1.329384,0.1440899;0.0302339;1.360615,0.2173432;-0.2212767;1.408079,0.2398443;-0.2301772;1.202272,-0.0309511;-0.4384399;1.461885,0
3597,-6252;7264;12396,965;-323;-1019,-0.02764762;0.05263199;1.329385,0.1445515;0.0301752;1.360629,0.2173519;-0.2218298;1.40761,0.2400158;-0.2300867;1.201793,-0.03094208;-0.4383929;1.461917,0
3634,-6148;7324;12276,1037;-548;-1049,-0.02763133;0.05260913;1.329297,0.1447027;0.03009687;1.360514,0.2340622;-0.1480062;1.401875,0.2413418;-0.2317545;1.175694,-0.03097279;-0.4384407;1.461813,0
3664,-6148;7272;12452,1083;-648;-1067,-0.02760968;0.05262107;1.329321,0.1444871;0.03013651;1.360564,0.2292391;-0.1552165;1.429237,0.2399656;-0.227105;1.199104,-0.030964;-0.4384561;1.461827,0
3695,-6136;7236;12512,1123;-574;-1088,-0.02760094;0.05262309;1.329295,0.1443217;0.03019269;1.360519,0.2321769;-0.1515764;1.414656,0.2398279;-0.2272123;1.222265,-0.03094649;-0.4384763;1.461754,0
3737,-6156;7280;12540,1062;-523;-1049,-0.02758995;0.05265275;1.329324,0.1441649;0.03021769;1.360533,0.2321638;-0.1516166;1.414685,0.2419618;-0.2290728;1.186344,-0.03092921;-0.4384779;1.461787,0
3767,-6140;7132;12400,1073;-474;-975,-0.02760212;0.05265771;1.329302,0.1444786;0.03013781;1.36039,0.2310832;-0.1520974;1.418532,0.2398154;-0.2258165;1.224325,-0.03093368;-0.4384781;1.461776,0
3797,-6156;7260;12368,1012;-451;-952,-0.02759683;0.05265964;1.329298,0.1443426;0.03017084;1.360411,0.2306459;-0.1562622;1.429296,0.2397947;-0.2255941;1.224938,-0.03112836;-0.4385118;1.461576,0
3831,-6144;7132;12340,982;-429;-991,-0.02757288;0.05265906;1.329293,0.1442237;0.03021162;1.360454,0.2148608;-0.2237802;1.408529,0.2432073;-0.2262135;1.203275,-0.03118692;-0.4385177;1.461513,0
3862,-6124;7112;12284,1103;-432;-921,-0.02755691;0.05266166;1.329289,0.1448363;0.02974689;1.360739,0.2329314;-0.1478771;1.403834,0.2425936;-0.230488;1.177324,-0.03116831;-0.438554;1.461461,0
3895,-6044;7132;12416,1088;-356;-937,-0.0275439;0.05266413;1.329256,0.1446324;0.02982074;1.360741,0.2332433;-0.1463967;1.403316,0.2426562;-0.2297936;1.177087,-0.03132936;-0.4385921;1.461254,0
3934,-6188;7200;12388,1103;-390;-954,-0.02753469;0.05267816;1.32927,0.1444711;0.02988683;1.360772,0.2332417;-0.1463627;1.40333,0.243138;-0.2252241;1.201888,-0.03140801;-0.4385839;1.461214,0
3966,-6260;7188;12540,1085;-449;-940,-0.02751202;0.05267295;1.329163,0.1448366;0.02984735;1.360597,0.2332466;-0.1461065;1.403297,0.2417053;-0.2274883;1.195513,-0.03166971;-0.4386093;1.46079,0
3997,-6204;7232;12224,1158;-460;-951,-0.02751484;0.05267263;1.329161,0.1446659;0.02990261;1.360608,0.2333692;-0.1460349;1.403273,0.2415077;-0.2278748;1.194211,-0.03179902;-0.4386126;1.460683,0
4030,-6180;7164;12356,1169;-463;-958,-0.02750915;0.05269194;1.329118,0.1449965;0.02982482;1.36054,0.2336201;-0.1453574;1.402843,0.2411533;-0.2282535;1.193641,-0.0318962;-0.4386652;1.460306,0
4064,-6220;7168;12424,1195;-497;-906,-0.02744465;0.05268678;1.329158,0.1448937;0.02970992;1.36068,0.2344703;-0.1457053;1.402096,0.240803;-0.2285485;1.194061,-0.03186473;-0.4386342;1.460365,0
4095,-6232;7288;12308,1188;-546;-897,-0.02739036;0.05266364;1.329128,0.1448119;0.02961048;1.360735,0.2296942;-0.1592079;1.43638,0.2403941;-0.21815;1.202537,-0.03181465;-0.4386429;1.460375,0
4132,-6180;7176;12476,1161;-492;-928,-0.02731181;0.05262922;1.329174,0.1447348;0.0296041;1.360777,0.2343773;-0.1561248;1.406381,0.242572;-0.2210141;1.174021,-0.03181807;-0.4385959;1.460449,0
4164,-6244;7228;12316,1177;-498;-941,-0.02728233;0.05262155;1.329174,0.1446204;0.02950227;1.360898,0.2308189;-0.200522;1.377792,0.2436089;-0.2320023;1.138709,-0.03181813;-0.4385951;1.460453,0
4199,-6100;7252;12444,1192;-387;-902,-0.02720618;0.05265141;1.329221,0.1445246;0.02943579;1.360967,0.2286849;-0.1980897;1.389208,0.2421856;-0.2273647;1.149882,-0.03178691;-0.4385093;1.460592,0
4233,-6188;7332;12428,1197;-375;-874,-0.02720417;0.05265108;1.329207,0.1443553;0.02953689;1.360892,0.230356;-0.1843098;1.457507,0.2405379;-0.2291787;1.197266,-0.03178552;-0.4384757;1.460612,0
4264,-6128;7164;12476,1103;-383;-883,-0.02720525;0.05268805;1.329146,0.1448309;0.02950991;1.360682,0.2308117;-0.1851828;1.458705,0.2412687;-0.2267179;1.198724,-0.03172698;-0.4384003;1.460669,0
4295,-6124;7216;12340,1161;-395;-874,-0.02718673;0.05268478;1.329076,0.1445779;0.02959627;1.36058,0.2296592;-0.1812927;1.458101,0.2419326;-0.2239457;1.200691,-0.03172029;-0.4384142;1.460639,0
4332,-6112;7164;12412,1183;-383;-873,-0.0271814;0.05269688;1.329082,0.1443835;0.02968657;1.360592,0.229085;-0.1781438;1.458209,0.2433534;-0.220424;1.201693,-0.03173213;-0.4383251;1.460792,0
4364,-6136;7220;12348,1215;-364;-891,-0.02722182;0.05278231;1.329287,0.1441276;0.02980028;1.36068,0.2600763;-0.150354;1.384953,0.2381808;-0.2035115;1.150386,-0.03199318;-0.4382674;1.461084,0
4397,-6080;7280;12256,1134;-412;-910,-0.02722057;0.0527906;1.329302,0.143933;0.02989781;1.360622,0.259902;-0.1500544;1.384557,0.2365777;-0.201508;1.149741,-0.0319631;-0.438294;1.461093,0
4432,-6148;7360;12240,1135;-432;-889,-0.02720876;0.05278971;1.329324,0.1437758;0.02999591;1.360631,0.2309625;-0.1511868;1.43022,0.2309559;-0.1930849;1.192374,-0.03198738;-0.4382855;1.46116,0
4464,-6244;7304;12384,1099;-329;-903,-0.02721382;0.05282355;1.329492,0.1436207;0.03012395;1.360703,0.2319432;-0.1494916;1.416175,0.2298584;-0.1944277;1.178894,-0.03202629;-0.4382343;1.4614,0
4495,-6164;7368;12464,1172;-356;-923,-0.02720838;0.05283505;1.329504,0.1439248;0.03017003;1.360708,0.229481;-0.1533972;1.432142,0.2279015;-0.1931572;1.193928,-0.03206473;-0.4382107;1.461407,0
4532,-6244;7288;12312,1143;-434;-900,-0.02714596;0.05283315;1.329568,0.1438112;0.03017814;1.360787,0.2290687;-0.1535746;1.434111,0.2259878;-0.1936309;1.195973,-0.03205623;-0.4382106;1.461419,0
4565,-6052;7224;12324,1099;-475;-902,-0.02710488;0.05281178;1.329553,0.1437073;0.03017027;1.360787,0.2335119;-0.1438033;1.407539,0.2252654;-0.1963698;1.171989,-0.03206674;-0.4382394;1.461367,0
4596,-6248;7232;12100,1225;-371;-925,-0.02708658;0.05280456;1.329557,0.1436353;0.03022274;1.360829,0.2304067;-0.1548167;1.435949,0.2234072;-0.1971402;1.19829,-0.03205805;-0.4382446;1.461267,0
4634,-6132;7244;12372,1137;-436;-909,-0.02694594;0.05284189;1.329724,0.1445886;0.02997668;1.361778,0.2302937;-0.1559324;1.437227,0.2218323;-0.2011442;1.200164,-0.03201166;-0.4382549;1.461387,0
4665,-6296;7212;12532,1045;-384;-953,-0.02692991;0.05283734;1.329702,0.1444332;0.030059;1.361718,0.2302738;-0.1561864;1.437452,0.2207801;-0.2041861;1.200985,-0.03216441;-0.4382469;1.46111,0
4696,-6196;7288;12268,1206;-464;-869,-0.02696259;0.0529802;1.330044,0.1442854;0.03013342;1.361845,0.2305938;-0.1565132;1.437708,0.2293191;-0.2076199;1.191412,-0.03223901;-0.4382331;1.461181,0
4732,-6152;7388;12264,1142;-526;-917,-0.02660218;0.05298702;1.330428,0.1442302;0.0299902;1.362099,0.2314544;-0.1568288;1.43833,0.2280165;-0.2109661;1.192821,-0.03203066;-0.4382048;1.461388,0
4764,-6188;7256;12352,1201;-543;-957,-0.02630017;0.05289923;1.330409,0.1441869;0.02986969;1.362188,0.2317917;-0.1568248;1.437716,0.2272251;-0.2129391;1.193829,-0.03189861;-0.4384464;1.460573,0
4797,-6176;7316;12400,1168;-517;-926,-0.0261288;0.05290952;1.330513,0.1441438;0.0297781;1.362263,0.2373268;-0.1501566;1.421253,0.2261005;-0.2165659;1.196767,-0.03134557;-0.4382648;1.460917,0
4833,-6156;7364;12516,1151;-504;-924,-0.02600648;0.05299049;1.330882,0.144095;0.0296879;1.362405,0.2490804;-0.1642745;1.389427,0.2249228;-0.2213224;1.191781,-0.03105391;-0.4382768;1.461162,0
4864,-6156;7336;12236,1172;-519;-948,-0.02577728;0.05297554;1.331003,0.1440728;0.0295996;1.36253,0.2467027;-0.1565099;1.400458,0.2257568;-0.221014;1.199857,-0.03072659;-0.4383513;1.461138,0
4897,-6188;7332;12236,1114;-528;-940,-0.02570024;0.0530054;1.331042,0.1440494;0.02951945;1.362643,0.2419889;-0.1569787;1.42613,0.2258511;-0.2219227;1.200204,-0.03053465;-0.438312;1.461223,0
4936,-6084;7372;12368,1154;-454;-977,-0.02537327;0.0528399;1.330607,0.1440224;0.02946259;1.36261,0.2416397;-0.1575514;1.422902,0.2258336;-0.2226065;1.199996,-0.03041108;-0.4383237;1.460757,0
4966,-6116;7308;12284,1146;-516;-956,-0.02536361;0.05286406;1.330614,0.1445687;0.02961682;1.362517,0.2374386;-0.1618564;1.436377,0.2259306;-0.2233061;1.200578,-0.0301907;-0.4383233;1.460792,0
4998,-6064;7272;12364,1097;-534;-952,-0.02516179;0.05293492;1.330853,0.1445263;0.02954978;1.362629,0.2372125;-0.1619935;1.437032,0.2259527;-0.2246045;1.201842,-0.03003772;-0.4382801;1.460882,0
5033,-6116;7364;12532,1145;-413;-1022,-0.02508638;0.05295461;1.330846,0.1445033;0.02948374;1.362671,0.2371458;-0.1623155;1.436863,0.2259388;-0.2250072;1.20208,-0.02999955;-0.438268;1.460817,0
5066,-6192;7356;12296,1126;-471;-972,-0.02490215;0.05322029;1.331567,0.1444562;0.02937899;1.362933,0.2368383;-0.1631339;1.442542,0.2264028;-0.2256815;1.203885,-0.02981322;-0.4383045;1.461307,0
5097,-6136;7272;12340,1111;-444;-988,-0.02483732;0.05325919;1.331613,0.1444307;0.02932088;1.36301,0.2480142;-0.1743669;1.374246,0.221047;-0.246429;1.145487,-0.02969958;-0.438312;1.461323,0
5131,-6160;7364;12336,1162;-433;-961,-0.02480166;0.05326171;1.331612,0.1444105;0.02927815;1.363016,0.2351345;-0.1702354;1.44775,0.22767;-0.2294088;1.204303,-0.02951984;-0.4383954;1.461212,0
5164,-6180;7360;12256,1215;-472;-984,-0.02478819;0.05329492;1.331702,0.1443845;0.02921778;1.363089,0.2352182;-0.1700752;1.447809,0.2277534;-0.2293697;1.204347,-0.02943767;-0.4383864;1.46127,0
5197,-6100;7420;12200,1200;-519;-987,-0.02474476;0.05330078;1.331774,0.1443664;0.02916332;1.363154,0.2419602;-0.1559432;1.409665,0.2277573;-0.2293887;1.20437,-0.0293621;-0.4384042;1.461262,0
5235,-6032;7372;12316,1212;-574;-976,-0.02475483;0.05331415;1.331692,0.144997;0.02889207;1.363215,0.2349981;-0.1652322;1.437811,0.2277059;-0.2293851;1.204333,-0.02938159;-0.4384238;1.461134,0
5269,-6032;7264;12468,1274;-532;-976,-0.0247;0.05332179;1.331691,0.1449559;0.02885892;1.363249,0.235198;-0.1649464;1.437826,0.2277604;-0.2293746;1.20442,-0.02925341;-0.4384484;1.461091,0
5299,-5964;7348;12224,1152;-584;-974,-0.02467264;0.05333721;1.33169,0.1449037;0.02881964;1.363265,0.2505642;-0.1698627;1.37701,0.2250108;-0.2374793;1.183009,-0.02920169;-0.4384767;1.461069,0
5335,-6108;7484;12576,1067;-487;-974,-0.02454187;0.05334955;1.331789,0.1448627;0.02879074;1.363296,0.2361227;-0.1687303;1.450682,0.22774;-0.2294582;1.204522,-0.0291222;-0.4384899;1.46106,0
5366,-6132;7200;12316,1133;-446;-959,-0.02446781;0.05337851;1.331818,0.1448224;0.02876034;1.363293,0.236558;-0.1658098;1.444579,0.2277287;-0.2294634;1.204491,-0.02908748;-0.4384981;1.461035,0
5397,-6116;7356;12208,1143;-483;-951,-0.02440767;0.05340229;1.331849,0.1447827;0.02872916;1.363306,0.2389191;-0.1617004;1.430223,0.227705;-0.2294765;1.204457,-0.02906848;-0.4384448;1.461043,0
5432,-6084;7244;12312,1124;-395;-918,-0.02442498;0.05346582;1.33187,0.1447024;0.02874813;1.363282,0.2360937;-0.1647411;1.438649,0.2277085;-0.2294321;1.204532,-0.02903819;-0.4384693;1.460996,0
5467,-6160;7344;12340,1122;-437;-913,-0.02437245;0.05350881;1.331818,0.1446003;0.02891082;1.363144,0.2352962;-0.1654701;1.440548,0.2276435;-0.2294122;1.204421,-0.02903169;-0.4384146;1.460864,0
5501,-6032;7400;12392,1131;-428;-944,-0.024358;0.05354002;1.331649,0.1452453;0.02875907;1.362981,0.2350166;-0.1658958;1.441231,0.2292361;-0.2410715;1.174995,-0.0290118;-0.4383358;1.460777,0
5531,-6040;7344;12456,1068;-391;-970,-0.02437408;0.05361615;1.331734,0.1450881;0.02884051;1.362994,0.2346214;-0.1662566;1.44309,0.2281482;-0.2296385;1.210166,-0.0291188;-0.438311;1.460781,0
5563,-5988;7304;12232,1137;-415;-936,-0.02441131;0.05366119;1.33175,0.1449826;0.02889566;1.362957,0.2344485;-0.1663757;1.443413,0.2281491;-0.2296297;1.209861,-0.02928539;-0.4383322;1.460555,0
5597,-6132;7524;12456,1160;-419;-903,-0.0244749;0.05372279;1.331735,0.1455495;0.02859497;1.36315,0.234372;-0.1664386;1.443657,0.2280675;-0.2296189;1.209238,-0.02948748;-0.4383599;1.460376,0
5632,-6124;7372;12336,1113;-535;-887,-0.02448709;0.05377314;1.331724,0.1461821;0.02836443;1.363446,0.2342947;-0.1665211;1.443875,0.2280582;-0.2296282;1.209059,-0.02971665;-0.4383254;1.460208,0
5668,-6160;7396;12216,1126;-496;-917,-0.02435587;0.05374964;1.331717,0.1460545;0.02834295;1.363459,0.2343794;-0.1666513;1.444573,0.2280714;-0.2294557;1.208382,-0.0295147;-0.4383717;1.460178,0
5701,-6020;7316;12152,1161;-447;-900,-0.02450411;0.05395906;1.33204,0.1458316;0.02858302;1.363478,0.2343397;-0.166793;1.445119,0.2280833;-0.2294446;1.208352,-0.02958821;-0.4383706;1.460269,1
5732,-6052;7324;12540,1139;-403;-939,-0.0244841;0.0539814;1.332032,0.1455775;0.02882582;1.363328,0.2342995;-0.1668068;1.44514,0.2280044;-0.2293828;1.208143,-0.02931025;-0.4383182;1.460318,1
5764,-6004;7376;12348,1084;-332;-954,-0.02442008;0.05412917;1.332483,0.145376;0.02889639;1.363456,0.2343081;-0.166785;1.445756,0.2280078;-0.2293716;1.208167,-0.02927431;-0.4382744;1.460975,1
5799,-6156;7400;12352,1072;-311;-914,-0.02439892;0.05417855;1.332327,0.1451555;0.02893409;1.363294,0.234299;-0.1667878;1.445757,0.2277808;-0.2292069;1.207443,-0.02920259;-0.4382948;1.460856,1
5832,-6132;7260;12348,1007;-336;-927,-0.02432773;0.0542125;1.332332,0.1450854;0.02889716;1.36331,0.2350749;-0.1653645;1.444091,0.2277092;-0.2291323;1.207386,-0.02911476;-0.4383049;1.460821,1
5864,-6224;7372;12272,1080;-304;-912,-0.02427084;0.05421334;1.332341,0.1450343;0.02887473;1.363341,0.2353832;-0.1650041;1.443242,0.2275968;-0.229034;1.20716,-0.02909238;-0.4382949;1.460823,1
5899,-6244;7220;12356,1060;-335;-896,-0.02425106;0.05423011;1.332346,0.1449958;0.02884256;1.363369,0.2356957;-0.1652746;1.442135,0.2273957;-0.2289299;1.206457,-0.02902467;-0.4382806;1.460815,1
5935,-6104;7468;12264,1056;-361;-923,-0.02419802;0.05423161;1.332351,0.1449364;0.02881914;1.36338,0.2360796;-0.1647153;1.44174,0.2273498;-0.2289173;1.206355,-0.02892219;-0.4383085;1.460797,1
5969,-6024;7288;12476,1161;-348;-958,-0.02413859;0.05424232;1.332437,0.1448809;0.02880143;1.36343,0.2362207;-0.164511;1.441242,0.2273768;-0.2288352;1.206024,-0.02889238;-0.4383314;1.460784,1
5999,-6220;7328;12260,1100;-336;-974,-0.02407402;0.05426635;1.332444,0.1448411;0.02877736;1.363454,0.2364619;-0.1640298;1.441106,0.227352;-0.2288122;1.205875,-0.02885189;-0.4383456;1.460802,1
6031,-6048;7348;12376,1120;-366;-950,-0.02402101;0.05426906;1.332443,0.144802;0.02875734;1.363461,0.2444225;-0.1491792;1.413553,0.2273074;-0.2287689;1.205808,-0.02873028;-0.4384192;1.460729,1
6064,-6264;7468;12352,1124;-352;-943,-0.02394171;0.0542121;1.332005,0.1447021;0.02870906;1.363334,0.2402671;-0.1595251;1.425119,0.2271414;-0.22854;1.20495,-0.02864589;-0.438429;1.460414,1
6098,-6248;7320;12216,1082;-357;-953,-0.02388509;0.05423217;1.331953,0.1446707;0.02868448;1.36333,0.2396866;-0.1601741;1.428058,0.2271143;-0.2284594;1.204797,-0.02859858;-0.4384165;1.460377,1
6134,-6272;7348;12336,1098;-396;-985,-0.02393258;0.05429133;1.332082,0.1446179;0.02869253;1.363447,0.2393884;-0.1601983;1.431373,0.2271448;-0.2284328;1.204811,-0.02864632;-0.4384377;1.460401,1
6165,-6268;7640;12380,787;-463;-1013,-0.02392466;0.05428991;1.332117,0.1445638;0.02866168;1.363474,0.2388704;-0.1610255;1.434615,0.2271319;-0.2283901;1.204755,-0.0286122;-0.4384587;1.4604,1
6198,-5936;7348;12260,1059;-183;-1039,-0.0238238;0.05424637;1.331972,0.1445402;0.02864552;1.363467,0.2388333;-0.1610362;1.434627,0.2272954;-0.2278319;1.204207,-0.02858895;-0.4384778;1.460306,1
6231,-6224;7636;12488,1033;-165;-933,-0.02378587;0.05423029;1.331966,0.1445002;0.02860637;1.363492,0.238499;-0.1612573;1.435494,0.2272439;-0.2278005;1.204037,-0.02853657;-0.4384875;1.460325,1
6264,-6260;7240;12432,1055;-236;-808,-0.02371204;0.05422105;1.332229,0.1444421;0.0286087;1.363597,0.2383502;-0.1609699;1.436365,0.2272776;-0.2277498;1.204149,-0.02833914;-0.4385144;1.460626,1
6299,-6060;7476;12108,1660;-234;-630,-0.02367342;0.05422308;1.33221,0.1443973;0.02858427;1.363616,0.2382808;-0.1607751;1.436278,0.2262183;-0.2408127;1.171676,-0.02832663;-0.438522;1.460598,1
6334,-6172;7552;12208,1030;-223;-820,-0.0236712;0.05416225;1.331962,0.1443409;0.0285583;1.36356,0.2389224;-0.1618877;1.43875,0.2255814;-0.2274447;1.197469,-0.02827506;-0.4385304;1.460391,1
6367,-6348;7432;12368,1047;-242;-867,-0.02367095;0.05416236;1.331958,0.1443021;0.02853845;1.363579,0.2387702;-0.1618006;1.438638,0.2254004;-0.2275589;1.198709,-0.0282687;-0.4385386;1.46036,1
6398,-6420;7184;12392,1125;-452;-895,-0.02366515;0.05414869;1.332005,0.1442679;0.02853958;1.363612,0.2386702;-0.1612343;1.438213,0.2253708;-0.2276805;1.198883,-0.02818776;-0.4385895;1.460385,1
6431,-6208;7588;12316,1215;-727;-1129,-0.02367057;0.05406035;1.331525,0.1441895;0.02850881;1.363519,0.2404366;-0.1581573;1.425602,0.2253419;-0.227687;1.198873,-0.02818614;-0.4384605;1.460266,1
6524,-688;7700;14068,1105;-401;-912,-0.02365495;0.05407604;1.331624,0.1441421;0.02847564;1.363594,0.2420905;-0.1627248;1.456536,0.2260593;-0.2284192;1.203331,-0.02813858;-0.4384866;1.460299,1
6539,-664;7504;14028,1160;-268;-776,-0.02364542;0.05406151;1.331604,0.14413;0.02846581;1.363595,0.2462703;-0.146863;1.407687,0.2260496;-0.2283504;1.203292,-0.02804454;-0.4385059;1.460281,1
6565,-668;7460;14064,1023;-449;-844,-0.02357217;0.05408576;1.331777,0.1441;0.02846165;1.363684,0.2408147;-0.1553876;1.428082,0.2261302;-0.228355;1.203613,-0.02828714;-0.438423;1.4604,1
6599,-652;7412;14008,1155;-440;-1054,-0.02356336;0.05408503;1.331789,0.1440739;0.02844664;1.363696,0.2394358;-0.1562949;1.429287,0.2260443;-0.228337;1.203602,-0.02820421;-0.4383422;1.46039,1
6631,-740;7724;13996,1057;-475;-1039,-0.02354512;0.0540309;1.331681,0.1440576;0.02843273;1.363686,0.2386099;-0.1573469;1.430346,0.2260282;-0.2283023;1.20356,-0.02811534;-0.4383872;1.460195,1
6663,-764;7624;14012,1113;-425;-892,-0.02349561;0.05405043;1.332131,0.1440077;0.0284041;1.363816,0.2417253;-0.1518879;1.421722,0.2260379;-0.2282931;1.203621,-0.02804232;-0.4384834;1.460515,1
6697,-516;7408;13836,1236;-563;-829,-0.02347979;0.05404494;1.332118,0.1439932;0.02840141;1.363823,0.2402016;-0.1544476;1.426515,0.2259682;-0.2282935;1.203504,-0.02799648;-0.4384986;1.460467,1
6731,-432;7372;14004,1064;-561;-998,-0.02347549;0.05396985;1.331728,0.1439499;0.02839104;1.363761,0.239247;-0.1561196;1.428845,0.2258474;-0.2281632;1.202966,-0.02797608;-0.4385536;1.460107,1
6765,-592;7444;13988,1086;-549;-1058,-0.0234938;0.05397325;1.331723,0.1439384;0.02838704;1.363767,0.2375701;-0.160562;1.435769,0.2258457;-0.2281593;1.20297,-0.02801694;-0.4385227;1.460056,1
6798,-620;7524;13912,1031;-456;-1065,-0.02349633;0.05396922;1.331719,0.1439253;0.02838396;1.363766,0.2375329;-0.1605936;1.435745,0.2258426;-0.2280417;1.203211,-0.0280182;-0.4385624;1.459977,1
6834,-592;7548;13756,1202;-407;-936,-0.02351346;0.05402704;1.332172,0.1438887;0.02841152;1.363935,0.2521667;-0.1689075;1.378884,0.2213536;-0.2467163;1.152671,-0.0278476;-0.4385671;1.460412,1
6871,-660;7444;13780,1094;-453;-939,-0.02351253;0.05405637;1.332409,0.143875;0.02840248;1.363995,0.2519204;-0.1688202;1.378955,0.2223487;-0.2354983;1.185187,-0.02783334;-0.4385415;1.460753,1
6903,-644;7472;13952,1280;-333;-1032,-0.02350313;0.05405784;1.332401,0.1438637;0.0283948;1.363998,0.2351693;-0.1586519;1.438976,0.2255583;-0.2273966;1.206541,-0.02775035;-0.4384098;1.460834,1
6935,-644;7464;13884,1710;-436;-910,-0.02349125;0.05403949;1.33238,0.1438524;0.02837699;1.363992,0.2353506;-0.1607793;1.441465,0.2255797;-0.2274097;1.206191,-0.02774484;-0.4383868;1.460783,1
6967,-568;7444;13912,2959;19;-696,-0.0234701;0.054034;1.332361,0.1438487;0.02837608;1.363993,0.2446772;-0.1459646;1.414472,0.2256225;-0.2274179;1.206023,-0.02776594;-0.4383932;1.46076,1
7001,-452;7056;12956,8354;1298;53,-0.02344179;0.05403231;1.332393,0.1438451;0.02837222;1.363995,0.2448576;-0.1455308;1.413692,0.2233505;-0.2307912;1.18916,-0.02776413;-0.4383906;1.460763,1
7033,-1088;9336;13468,15239;3345;817,-0.0234242;0.05402381;1.332415,0.1438407;0.02836046;1.363998,0.2405349;-0.1541749;1.42702,0.225566;-0.2276776;1.202356,-0.02774607;-0.4384114;1.46074,1
7066,-1136;11040;12700,12813;2450;1808,-0.02342949;0.05402615;1.332416,0.1438297;0.02835134;1.364001,0.2401189;-0.1555169;1.430596,0.2256358;-0.2276535;1.202541,-0.02772582;-0.4384288;1.460729,1
7095,-524;10432;11996,9556;882;1369,-0.02344044;0.05404034;1.332264,0.1438109;0.02833904;1.363963,0.2393232;-0.1574033;1.431765,0.2255839;-0.2276396;1.20234,-0.02773513;-0.4383506;1.460567,1
7129,-788;10996;11364,6463;341;725,-0.02343017;0.05403736;1.332268,0.1438078;0.0283395;1.363965,0.2430064;-0.1483559;1.417748,0.225563;-0.2276455;1.20234,-0.02770782;-0.4383739;1.460568,1
7168,-568;9716;10460,10186;766;573,-0.02342217;0.05400336;1.332104,0.1437924;0.02833069;1.36393,0.2398896;-0.1557721;1.429576,0.2255436;-0.2276437;1.20234,-0.02766273;-0.4384233;1.460177,1
7198,-1284;13004;10324,12492;1013;524,-0.02344551;0.05403236;1.332113,0.1437902;0.02832695;1.363932,0.238607;-0.1599937;1.435371,0.2255819;-0.2276348;1.202257,-0.02766651;-0.4384279;1.460172,1
7233,-676;12124;8776,10765;395;614,-0.02343766;0.05405128;1.332151,0.1437887;0.02832422;1.363943,0.2374735;-0.1628617;1.440212,0.225556;-0.2276135;1.20226,-0.02763892;-0.4384493;1.460183,1
7263,-608;13544;7928,15363;1496;948,-0.02357607;0.0541799;1.332418,0.1448951;0.02808471;1.364695,0.2357815;-0.1646356;1.444864,0.2255561;-0.2275178;1.202462,-0.02773696;-0.4383898;1.46043,1
7297,-704;13660;6908,14644;1338;504,-0.02361211;0.05425769;1.332382,0.1447438;0.02821278;1.364559,0.2353;-0.165452;1.446041,0.2255648;-0.2275055;1.20246,-0.02770277;-0.4384196;1.460403,1
7330,-600;14640;5516,20766;2904;1457,-0.02359404;0.05428557;1.332418,0.1456265;0.02802168;1.364979,0.2349271;-0.1662935;1.447413,0.2257375;-0.2273768;1.202518,-0.02771771;-0.4384806;1.460458,1
7363,-420;15244;3972,20540;2424;1574,-0.02357165;0.05429054;1.332182,0.1462015;0.02785046;1.364943,0.2347372;-0.1663918;1.447684,0.2259119;-0.2272874;1.202507,-0.02772712;-0.4384772;1.460436,1
7399,-40;15644;1732,21483;2307;1141,-0.02356349;0.05432269;1.332122,0.1457616;0.02828112;1.364562,0.234503;-0.1665908;1.447954,0.2259385;-0.227291;1.202529,-0.02794528;-0.4384865;1.460282,1
7432,-280;14856;-588,21222;1876;774,-0.02356962;0.05435359;1.332133,0.145563;0.02838988;1.364503,0.2342051;-0.167139;1.449238,0.2260047;-0.227269;1.202694,-0.02807299;-0.4385159;1.4603,1
7464,24;15140;-2632,22408;2163;978,-0.02357577;0.05436914;1.332117,0.1461675;0.02834516;1.364625,0.2339023;-0.1674022;1.448565,0.2260172;-0.2272673;1.202705,-0.02818365;-0.4385028;1.46018,1
7499,96;14984;-3080,24519;3367;856,-0.02359983;0.05441383;1.332077,0.1466002;0.02816303;1.364627,0.2338162;-0.1675615;1.448636,0.2260103;-0.2272764;1.202758,-0.02814211;-0.4384307;1.460261,1
7529,168;14428;-6812,24772;900;1043,-0.0236035;0.05449861;1.332207,0.1472023;0.02830905;1.364973,0.2336161;-0.1681425;1.448993,0.2260673;-0.227257;1.202897,-0.02823349;-0.4383886;1.460348,1
7565,1400;14456;-7584,22747;2215;-676,-0.02368428;0.05457057;1.331952,0.1475297;0.0281885;1.364863,0.2334172;-0.1684389;1.447932,0.2261289;-0.2272208;1.202876,-0.02849042;-0.4383565;1.460137,1
7596,824;13352;-10488,20550;1812;-601,-0.02368213;0.05458662;1.331966,0.1477133;0.02815517;1.364849,0.2334082;-0.1684268;1.447738,0.2262153;-0.2272003;1.202624,-0.028475;-0.4383808;1.460167,1
7633,1052;11312;-12084,21053;1950;347,-0.02366696;0.05460612;1.331936,0.1472307;0.02825676;1.364631,0.2333685;-0.1684249;1.447708,0.226223;-0.2271424;1.202649,-0.02851028;-0.4383944;1.46019,1
7666,968;10732;-13236,21296;1348;-295,-0.0236671;0.0546256;1.331888,0.1468377;0.02837626;1.3644,0.2333092;-0.1684307;1.448408,0.2261894;-0.2271151;1.202293,-0.02889693;-0.4384193;1.459933,1
7698,1420;9344;-14216,20088;2034;-368,-0.02366736;0.05464239;1.331882,0.147349;0.02816928;1.364527,0.2332736;-0.1684525;1.448345,0.2261808;-0.2271194;1.202294,-0.02889897;-0.4384217;1.45993,1
7730,1300;7788;-15824,17682;349;-251,-0.02366522;0.05466533;1.331851,0.1469231;0.02830573;1.364352,0.2331282;-0.1692536;1.449343,0.2261809;-0.2271201;1.202294,-0.02889887;-0.4384215;1.45993,1
7765,1472;5908;-16056,15274;404;-1207,-0.0236575;0.05475694;1.33203,0.1475356;0.02813029;1.364888,0.2331428;-0.1696602;1.450197,0.2262131;-0.2271332;1.202381,-0.02900553;-0.4383011;1.460301,1
7797,1512;4936;-16428,14875;100;-1812,-0.02365155;0.05475632;1.332039,0.1478165;0.02798426;1.365029,0.2332233;-0.1697196;1.450448,0.2262121;-0.2270992;1.202203,-0.02903217;-0.4383397;1.46034,1
7830,1120;4160;-16560,15956;57;-1103,-0.02363703;0.05477546;1.332031,0.1473285;0.02817685;1.364838,0.2337132;-0.1684217;1.447095,0.2264244;-0.2267185;1.201922,-0.0288868;-0.4383705;1.460336,1
7868,1472;2392;-17332,14388;-387;-1456,-0.02354213;0.05478274;1.332009,0.1470718;0.02814944;1.364716,0.2338293;-0.1684184;1.447182,0.2264317;-0.2266983;1.201795,-0.0287126;-0.4383531;1.460276,1
7899,1872;1384;-17568,12657;-181;-466,-0.02355581;0.0548339;1.331872,0.1476202;0.02843151;1.364221,0.23362;-0.168806;1.44733,0.226327;-0.2266987;1.201224,-0.02865823;-0.4383385;1.459991,1
7932,1236;56;-18180,13340;-181;-1215,-0.02354508;0.05482982;1.331831,0.1480424;0.02853062;1.364076,0.2336013;-0.168954;1.447587,0.2263906;-0.2266396;1.201188,-0.02864769;-0.4383383;1.459868,1
7964,1776;-372;-16856,7999;574;-1282,-0.02357852;0.05484657;1.331824,0.1482569;0.02844011;1.364114,0.2336541;-0.1688986;1.447136,0.2264267;-0.2265303;1.20101,-0.02890776;-0.4382852;1.459855,1
7996,1388;-2080;-16648,8558;-932;-741,-0.02358997;0.05483745;1.331606,0.1476656;0.02852547;1.363783,0.2335009;-0.1689114;1.447058,0.2263052;-0.2257929;1.199731,-0.02912175;-0.4383713;1.459471,1
8031,1120;-2736;-15540,5840;-1370;-615,-0.02362879;0.05483819;1.331571,0.1479329;0.02828524;1.363855,0.2329838;-0.1689022;1.448028,0.2265557;-0.2249177;1.199273,-0.02943712;-0.4384058;1.459347,1
8066,876;-3652;-17624,7220;-1570;-1412,-0.02368044;0.05486405;1.331605,0.1482141;0.02812396;1.364099,0.2328096;-0.1687791;1.448683,0.2268669;-0.2236572;1.198818,-0.02978622;-0.4383788;1.459437,1
8100,1376;-3064;-17168,2232;-1171;-1302,-0.0237199;0.05485734;1.331602,0.1482855;0.02811064;1.36412,0.2326937;-0.168327;1.448251,0.2270936;-0.2220098;1.196701,-0.02999095;-0.4384395;1.45941,1
8130,908;-3316;-17788,2748;-2004;-1067,-0.02372641;0.05485836;1.331601,0.148421;0.02803582;1.364208,0.2323618;-0.1668728;1.448507,0.2284441;-0.219851;1.195752,-0.03012883;-0.4384423;1.459396,1
8164,1280;-3652;-17972,2648;-115;-1504,-0.02372898;0.05485048;1.331586,0.1477504;0.02817128;1.364034,0.2315682;-0.1642231;1.447638,0.2346691;-0.2152433;1.194892,-0.03043647;-0.4383847;1.459462,1
8198,692;-3244;-17516,2271;-455;-1900,-0.02376697;0.05483644;1.331512,0.147047;0.02861953;1.363589,0.2350291;-0.1473755;1.410852,0.218305;-0.2179614;1.180986,-0.03053367;-0.4383889;1.459442,1
8231,1380;-3396;-17016,1589;-19;-1207,-0.02384352;0.05485736;1.331856,0.1476125;0.02836365;1.36445,0.2356683;-0.1455573;1.410431,0.2192748;-0.213758;1.179809,-0.03071071;-0.4384079;1.460004,1
8267,620;-3540;-17416,1810;447;-1521,-0.02384306;0.05485576;1.331856,0.1469986;0.02847138;1.364196,0.2366888;-0.1428047;1.410017,0.2210332;-0.2089719;1.178742,-0.03082003;-0.4384254;1.460091,1
8300,1564;-3972;-16980,791;-151;-815,-0.0238358;0.05485037;1.331841,0.147175;0.0286103;1.364008,0.2294942;-0.1683456;1.455584,0.2485515;-0.2021814;1.203272,-0.03092263;-0.4382649;1.460245,1
8330,840;-3488;-17048,1445;406;-1367,-0.02383966;0.05486669;1.331764,0.1474306;0.02832767;1.363892,0.2294028;-0.1686316;1.455424,0.2499677;-0.2059119;1.200382,-0.03089197;-0.4382387;1.460237,1
8363,1552;-4412;-17144,1450;-241;-631,-0.02386017;0.05498324;1.332135,0.1479978;0.02808876;1.364686,0.2268707;-0.2294105;1.38409,0.2260835;-0.2169843;1.149691,-0.03102797;-0.4380261;1.461339,1
8395,1268;-3476;-17076,1018;1297;-2145,-0.02388781;0.05498191;1.332035,0.148127;0.02798462;1.364626,0.2266161;-0.2293598;1.385794,0.2274242;-0.215103;1.151114,-0.03105741;-0.4380389;1.461306,1
8432,1528;-4188;-17428,-105;470;-2116,-0.02388883;0.05499127;1.332053,0.1474339;0.0280307;1.364399,0.2214142;-0.2249442;1.412399,0.2294097;-0.2147408;1.180092,-0.03112667;-0.438085;1.461438,1
8463,1812;-3796;-17160,838;976;-1545,-0.02387808;0.05499575;1.332048,0.1469124;0.02813802;1.364223,0.2277723;-0.1734814;1.447758,0.2310398;-0.1960953;1.207696,-0.03113906;-0.4381199;1.46143,1
8499,1840;-3536;-16440,1238;-230;28,-0.02389448;0.05500495;1.331955,0.1464679;0.02823972;1.363973,0.2277782;-0.1728267;1.446101,0.2325244;-0.1950979;1.206033,-0.03116653;-0.4381231;1.461386,1
8531,1488;-3360;-16368,1603;-445;-89,-0.02390033;0.05498354;1.331876,0.1468502;0.02800392;1.36375,0.2276428;-0.173132;1.446337,0.2340455;-0.1946585;1.206254,-0.03116808;-0.438132;1.461377,1
8564,1540;-4264;-16920,1437;-806;-31,-0.02390701;0.05498166;1.331887,0.1471041;0.02788264;1.363896,0.2277093;-0.1727939;1.446805,0.2362582;-0.1944789;1.206807,-0.03134896;-0.4381624;1.461342,1
8595,1604;-3944;-16844,1662;-699;-512,-0.02370568;0.054998;1.33226,0.1469135;0.02783249;1.364053,0.2282727;-0.1721841;1.446546,0.2377994;-0.1951216;1.206706,-0.03112301;-0.43807;1.462116,1
8628,1828;-4100;-16948,1023;-158;-677,-0.02364333;0.05501979;1.332672,0.146738;0.02778235;1.364235,0.2283263;-0.1716143;1.446678,0.2394975;-0.1965827;1.20712,-0.03111273;-0.4379885;1.462615,1
8663,1696;-4172;-17212,970;-1013;-836,-0.02356527;0.05500752;1.332644,0.1466248;0.0277474;1.364256,0.2290807;-0.1695035;1.44538,0.2406716;-0.1978166;1.206223,-0.03110449;-0.4379538;1.462624,1
8697,1808;-3904;-16992,1306;-254;-1064,-0.02356193;0.05500579;1.332623,0.146521;0.02774301;1.364274,0.2370158;-0.1555075;1.417627,0.2499366;-0.2099372;1.218283,-0.03104629;-0.4380215;1.462481,1
8731,1680;-4328;-17064,998;-501;-991,-0.0234523;0.05499086;1.332743,0.146431;0.02771472;1.364369,0.2370857;-0.1545772;1.41719,0.2504337;-0.2108715;1.218409,-0.03114845;-0.437921;1.462607,1
8764,1668;-3744;-16836,1193;-415;-1057,-0.02336811;0.05497;1.332749,0.1463456;0.02767167;1.364381,0.2373395;-0.1543173;1.416268,0.2467676;-0.2072609;1.181288,-0.03115543;-0.4379052;1.462624,1
8796,1516;-3992;-16924,1196;-252;-909,-0.0231366;0.05482855;1.332665,0.1462999;0.02764067;1.364408,0.237801;-0.1538139;1.415448,0.2418012;-0.2341862;1.224927,-0.03118391;-0.4379321;1.462472,1
8829,1612;-4076;-16860,924;-686;-896,-0.0227198;0.05463414;1.3321,0.146244;0.02756564;1.364376,0.2378751;-0.1535396;1.414729,0.24171;-0.2344038;1.224417,-0.0310533;-0.4379548;1.462045,1
8864,1340;-3836;-16948,1511;-586;-845,-0.02271582;0.05463436;1.332097,0.1472051;0.02716606;1.364697,0.2376564;-0.1532334;1.413682,0.2418;-0.2349887;1.223768,-0.03100672;-0.43799;1.462023,1
8897,1464;-4024;-17064,1316;-794;-753,-0.02267227;0.05461231;1.332152,0.1470433;0.02722924;1.364785,0.2344568;-0.1555876;1.42274,0.2477857;-0.219034;1.190628,-0.03116429;-0.4380122;1.462005,1
8930,1636;-3860;-17060,1226;-125;-1102,-0.02262491;0.05461817;1.332139,0.146871;0.02727342;1.364748,0.233763;-0.156719;1.424216,0.2474954;-0.2220071;1.192651,-0.03110097;-0.4380389;1.461971,1
8965,1624;-4084;-17064,844;-560;-879,-0.02255518;0.05463189;1.332096,0.1477869;0.02680083;1.365162,0.2335104;-0.1569264;1.424224,0.2471064;-0.2256168;1.193657,-0.03108282;-0.4380256;1.461981,1
8997,1684;-3648;-16860,1392;-300;-895,-0.02243121;0.05464988;1.332096,0.1474972;0.0270756;1.365028,0.2331302;-0.1569328;1.422669,0.2403366;-0.2339427;1.230832,-0.03099388;-0.4379131;1.4621,1
9030,1568;-4180;-16872,233;-445;-1105,-0.02232582;0.05464137;1.332143,0.148739;0.0264155;1.365824,0.2328628;-0.1579873;1.421082,0.2396733;-0.2362568;1.229756,-0.03086423;-0.4378967;1.462301,1
9063,1540;-3556;-16776,1051;-560;-915,-0.02228318;0.05466388;1.33214,0.1483461;0.02656413;1.365718,0.1950895;-0.2269629;1.433508,0.2387613;-0.2400953;1.227366,-0.03077699;-0.437862;1.462355,1
9095,1560;-3900;-17012,608;-447;-795,-0.02219185;0.05470882;1.332135,0.1490167;0.02619712;1.365947,0.1943994;-0.2264495;1.436896,0.2386902;-0.2437005;1.223293,-0.03062063;-0.4378638;1.462403,1
9129,1524;-3516;-17040,864;-667;-756,-0.02193735;0.05474623;1.332126,0.148676;0.02633908;1.365878,0.1928784;-0.227724;1.433493,0.2384064;-0.2458983;1.222087,-0.03039708;-0.4378003;1.462458,1
9164,1244;-3136;-16868,-534;-1544;-578,-0.02183082;0.0547866;1.332091,0.1483887;0.02643713;1.365783,0.1967402;-0.2384014;1.387322,0.2472857;-0.2492692;1.186832,-0.02974267;-0.4375678;1.462787,1
9198,1496;-3408;-17440,-4739;-955;-118,-0.02127378;0.05464369;1.331955,0.1483093;0.02636808;1.365753,0.1928332;-0.2273607;1.434155,0.2380954;-0.2479786;1.220256,-0.02959455;-0.4375932;1.462628,1
9230,1584;-3580;-17372,-1054;-383;-684,-0.02116738;0.05465419;1.331997,0.148056;0.02660818;1.365618,0.1926833;-0.2270539;1.434168,0.2374669;-0.2489693;1.220816,-0.02929654;-0.437669;1.462658,1
9262,1580;-3060;-17136,1989;52;-724,-0.02055841;0.05455823;1.331862,0.1480315;0.02658065;1.365605,0.1925278;-0.2270545;1.434298,0.2378987;-0.2493376;1.219988,-0.02873877;-0.4377003;1.462371,1
9295,1308;-2952;-17080,2590;109;-987,-0.02043119;0.05453993;1.331643,0.1477938;0.02684459;1.365273,0.1921802;-0.2252387;1.438291,0.2381853;-0.2506662;1.218348,-0.02851569;-0.4376754;1.461898,1
9328,1500;-3068;-17012,2016;-285;-613,-0.02026938;0.05460609;1.332056,0.1498994;0.02602869;1.366956,0.1922277;-0.2226168;1.449514,0.2380477;-0.2511268;1.218874,-0.02828076;-0.4375599;1.462671,1
9363,1404;-3168;-16988,492;-910;-740,-0.02021148;0.05462193;1.332003,0.1494234;0.02638561;1.366499,0.1919908;-0.2218497;1.449947,0.2382979;-0.2520448;1.21811,-0.02815686;-0.4376239;1.46246,1
9399,1208;-3236;-17404,2079;-298;-808,-0.02015407;0.05461535;1.332028,0.1508172;0.02562228;1.36704,0.1912802;-0.2201402;1.456925,0.23868;-0.2524453;1.217747,-0.02813793;-0.4376887;1.46244,1
9433,1216;-1956;-17564,-2367;-1454;-208,-0.02013101;0.05460218;1.332076,0.1502048;0.02606723;1.366672,0.1909789;-0.2186337;1.458761,0.2387813;-0.2527169;1.217755,-0.02804582;-0.4377477;1.462382,1
9465,1436;-2816;-17992,-6995;-982;-149,-0.01984343;0.0545349;1.332114,0.1500572;0.02597831;1.36664,0.1906561;-0.2191464;1.457881,0.2390061;-0.2528809;1.21761,-0.0279152;-0.4377624;1.462304,1
9496,780;-424;-16984,-5310;-1765;-105,-0.01970825;0.05461905;1.332773,0.1517775;0.02507003;1.368399,0.1960163;-0.2302312;1.432258,0.2394254;-0.2535718;1.218037,-0.02752678;-0.4377877;1.463107,1
9532,1492;1112;-16952,-17257;-2656;2397,-0.02038171;0.05456874;1.332507,0.151355;0.02505549;1.368063,0.1919275;-0.2231392;1.452364,0.2395749;-0.2536121;1.218028,-0.02768601;-0.43805;1.462534,1
9563,-8;3208;-17700,-19529;-2364;333,-0.01992698;0.05451037;1.332627,0.1511549;0.02502344;1.368001,0.1910687;-0.2200039;1.459661,0.2398286;-0.2539885;1.218441,-0.02764756;-0.4380256;1.462569,1
9598,872;4064;-17564,-26752;-3196;3066,-0.01955034;0.05443985;1.332904,0.151053;0.02501175;1.368003,0.1944753;-0.2315252;1.428526,0.2402558;-0.2544712;1.218484,-0.02760173;-0.438053;1.462616,1
9631,-264;8876;-16956,-27171;-2040;813,-0.01941651;0.05441198;1.332877,0.1509157;0.0249886;1.367954,0.1911605;-0.2147736;1.4702,0.2405389;-0.2549895;1.218415,-0.02768698;-0.4380414;1.462398,1
9664,968;8196;-15288,-25599;-1037;1250,-0.01922477;0.05438797;1.332863,0.1507908;0.02495655;1.36791,0.196525;-0.233475;1.420746,0.2408676;-0.2555999;1.218702,-0.0276538;-0.4380621;1.462365,1
9697,-252;15056;-12592,-24830;-3224;1674,-0.01892901;0.05436716;1.333005,0.1506907;0.0249363;1.367872,0.1899434;-0.210617;1.478204,0.2415632;-0.2567317;1.21904,-0.02762836;-0.438051;1.462412,1
9732,1240;12412;-10300,-31430;-745;368,-0.01853851;0.05438823;1.332709,0.1505029;0.02487892;1.367667,0.2007951;-0.2401537;1.385073,0.2508381;-0.2612704;1.185335,-0.02748587;-0.4380369;1.462298,1
9764,48;15904;-8432,-27765;-4833;1676,-0.01837378;0.05436593;1.332713,0.1504196;0.02485275;1.367593,0.2002022;-0.2376359;1.400535,0.2466471;-0.2603812;1.20009,-0.0273136;-0.4380589;1.462311,1
9799,-308;13640;-5308,-32768;-5015;-326,-0.01812149;0.05434448;1.332557,0.1502928;0.02481064;1.367436,0.2003088;-0.2377333;1.399874,0.2468763;-0.2612969;1.199558,-0.02728301;-0.4380711;1.462106,1
9830,-4;15008;-1608,-30797;-4825;-1142,-0.01794244;0.05432878;1.33251,0.1502295;0.02479311;1.367382,0.2015889;-0.237608;1.399175,0.2243698;-0.3502073;1.147678,-0.02709466;-0.4381069;1.462051,1
9862,1144;14424;1992,-32176;-4266;-1377,-0.0176516;0.05438925;1.332878,0.1499905;0.02487245;1.367327,0.232916;-0.1753735;1.438937,0.2446141;-0.2677096;1.214875,-0.02705414;-0.4380775;1.462108,1
9895,224;12960;5176,-26869;-4696;-2602,-0.01746008;0.05433289;1.332983,0.149984;0.02487309;1.367329,0.2329774;-0.1751523;1.4387,0.2445904;-0.2675035;1.214876,-0.02701591;-0.4380882;1.462116,1
9929,1332;11232;7616,-21324;-2667;-1678,-0.0171622;0.05430875;1.333315,0.1711069;0.01716205;1.389902,0.209032;-0.2518671;1.384949,0.2521943;-0.2706822;1.183334,-0.0268723;-0.4380554;1.462331,1
9964,392;11448;9236,-17261;-922;-1916,-0.01704672;0.05430171;1.333322,0.1708656;0.01695077;1.388937,0.2099118;-0.2482988;1.38498,0.2522687;-0.2701373;1.183509,-0.02683958;-0.4380679;1.462293,1
9997,704;9360;10984,-12617;615;-1558,-0.01698073;0.05427807;1.333335,0.172126;0.01658547;1.390011,0.2094813;-0.2441597;1.390054,0.2512192;-0.2687474;1.188781,-0.02677768;-0.4380779;1.462313,1
10031,368;9800;11712,-11989;1212;-2620,-0.0167197;0.05425098;1.333181,0.1718275;0.01648686;1.389257,0.2120642;-0.2360254;1.384592,0.2551151;-0.2655548;1.184299,-0.02668805;-0.4382741;1.461834,1
10064,712;6444;12628,-12171;2337;-2015,-0.01667697;0.05422127;1.333183,0.1716553;0.01643615;1.388791,0.213004;-0.2347753;1.38417,0.2549269;-0.2650784;1.18375,-0.02683705;-0.4382932;1.461677,1
10095,-432;7068;13856,-6210;2741;-3687,-0.01667308;0.05422401;1.33316,0.1714496;0.01637876;1.38822,0.2133815;-0.2357786;1.383745,0.2547992;-0.2642564;1.182937,-0.02698402;-0.4382588;1.461258,1
10129,-1068;6540;14636,-5532;3196;-3309,-0.01669376;0.05428234;1.332994,0.1710157;0.01691446;1.387071,0.2137368;-0.2384614;1.383445,0.2551756;-0.2608647;1.181836,-0.02721411;-0.4382158;1.460815,1
10163,-1636;6536;15308,-1941;1902;-3209,-0.01669395;0.05427989;1.332987,0.1707186;0.01733163;1.386451,0.2144697;-0.2394575;1.384111,0.2548887;-0.2595139;1.182029,-0.02731921;-0.4382181;1.460764,1
10195,-1616;6016;15536,-133;1211;-1818,-0.01673762;0.05430277;1.332968,0.1704067;0.01774082;1.385854,0.2158906;-0.2387515;1.382885,0.2548425;-0.2572149;1.180343,-0.02741638;-0.4382107;1.460696,1
10232,-1828;6952;15324,2466;130;-1345,-0.01676058;0.05430177;1.332918,0.1702006;0.01803738;1.385408,0.2171108;-0.2369993;1.381618,0.2551118;-0.2540521;1.178758,-0.02789702;-0.4381964;1.460503,1
10264,-1368;6132;14620,1055;-169;-1038,-0.01681257;0.05432223;1.332857,0.1667343;0.02094029;1.379192,0.2316863;-0.1732654;1.434058,0.250823;-0.2463005;1.204659,-0.02823343;-0.4381228;1.460314,1
10295,-1852;6692;14648,1704;-150;-1353,-0.0169637;0.05433138;1.332705,0.1667869;0.02091868;1.379252,0.2319456;-0.1734458;1.433793,0.2523793;-0.2294105;1.200305,-0.02853755;-0.4381427;1.460127,1
10330,-1668;6232;14592,1363;-706;-1313,-0.01700587;0.05432793;1.332653,0.1668826;0.020881;1.379395,0.232044;-0.1753053;1.435084,0.25176;-0.2245691;1.199999,-0.02890862;-0.4381665;1.459854,1
10363,-1760;6680;14480,2387;-422;-764,-0.01715299;0.05432932;1.332276,0.1648325;0.02246726;1.374991,0.2320498;-0.1753189;1.435002,0.2507495;-0.2208378;1.199062,-0.02921181;-0.4380568;1.459346,1
10396,-1600;6668;14164,1107;-846;-1167,-0.01718593;0.05433888;1.332314,0.1651778;0.02221352;1.375962,0.2316595;-0.1770458;1.437746,0.2498505;-0.2168157;1.200709,-0.02921344;-0.4380469;1.459417,1
10430,-1692;6552;14028,1758;-254;-996,-0.01720686;0.05436706;1.332305,0.1653486;0.02207677;1.37645,0.2236705;-0.2407342;1.396442,0.2514441;-0.2267453;1.157504,-0.02922373;-0.4379297;1.459674,1
10464,-1716;6540;14240,1011;-471;-1227,-0.01730113;0.05439429;1.33223,0.1654705;0.02184553;1.376871,0.2232048;-0.2410067;1.397446,0.2503482;-0.2236011;1.158613,-0.02923439;-0.4379345;1.459682,1
10496,-1664;6640;14124,1691;-256;-800,-0.0173727;0.05442666;1.332241,0.1655599;0.02178815;1.377179,0.2235746;-0.2411234;1.39692,0.2494406;-0.2188582;1.158284,-0.0294307;-0.4378516;1.459729,1
10528,-1836;6748;14368,1195;-361;-1036,-0.01740277;0.05446759;1.332199,0.1656179;0.02174353;1.377323,0.2255063;-0.2409524;1.395539,0.2489698;-0.2146998;1.157228,-0.02943898;-0.4376495;1.459945,1
10562,-1668;6672;14280,1576;-274;-678,-0.01744541;0.05449773;1.332239,0.16317;0.02247639;1.374692,0.2261972;-0.2390781;1.395633,0.2489789;-0.2132973;1.157643,-0.02969591;-0.4376572;1.459942,1
10595,-1780;6844;14428,1454;-533;-836,-0.01751253;0.05451194;1.332282,0.1617712;0.02313097;1.372948,0.2294541;-0.1766759;1.46631,0.2504753;-0.2094665;1.201416,-0.0298006;-0.4376643;1.459951,1
10629,-1548;6520;14268,1354;-419;-883,-0.01762539;0.05454566;1.332374,0.1626586;0.02272276;1.374531,0.2294874;-0.176458;1.466376,0.2505902;-0.2037306;1.199374,-0.02981377;-0.4375663;1.460546,1
10665,-1760;6804;14072,1531;-229;-928,-0.01771662;0.05455041;1.332378,0.1631631;0.02236665;1.375442,0.2297554;-0.1760106;1.465745,0.2520354;-0.1966743;1.19829,-0.02986837;-0.4375997;1.460528,1
10696,-1616;6608;14232,889;-420;-818,-0.01773929;0.05457287;1.332391,0.1612607;0.02329838;1.373271,0.2590698;-0.1547435;1.382809,0.2432752;-0.1970427;1.145946,-0.02980278;-0.4375501;1.460697,1
10729,-1532;6676;14052,1844;-182;-595,-0.01779643;0.05458717;1.332384,0.1620043;0.02313543;1.374418,0.2307628;-0.1627445;1.449724,0.2461868;-0.1951423;1.201045,-0.02995781;-0.43762;1.460505,1
10763,-1716;6820;14196,991;-339;-1043,-0.01783388;0.0546035;1.332394,0.1627634;0.02265846;1.375693,0.2307304;-0.1627229;1.449808,0.2460122;-0.1949577;1.200927,-0.02998068;-0.4376332;1.460554,1
10795,-1748;6872;14116,1351;-343;-809,-0.01793751;0.05462309;1.332702,0.1617626;0.02315452;1.375014,0.2307679;-0.1634897;1.450491,0.2434051;-0.1975766;1.198797,-0.03007339;-0.4376168;1.46067,1
10830,-1784;6804;14224,1184;-565;-889,-0.01804004;0.05465816;1.332698,0.1605075;0.02358162;1.373247,0.2310166;-0.1645092;1.450518,0.2416392;-0.2009975;1.196683,-0.03006496;-0.4376152;1.46068,1
10864,-1824;6948;14132,1545;-462;-628,-0.0181585;0.05467214;1.332958,0.1602695;0.02367711;1.373258,0.2312121;-0.1660515;1.450891,0.239048;-0.2069504;1.19839,-0.0301083;-0.4376061;1.460733,1
10898,-1708;6692;14120,1103;-653;-924,-0.01821024;0.05467701;1.332978,0.160077;0.02369278;1.373137,0.2318176;-0.166594;1.450608,0.2367355;-0.212616;1.200136,-0.02979961;-0.4376054;1.460844,1
10931,-1624;6764;14060,1398;-230;-878,-0.01821485;0.0546582;1.333016,0.162177;0.02216125;1.376047,0.2375269;-0.1655721;1.43766,0.2347495;-0.2183734;1.203487,-0.02962899;-0.4376345;1.460846,1
10963,-1744;7004;13948,1377;-401;-858,-0.01821093;0.0546388;1.332981,0.1631016;0.02137422;1.377143,0.2376117;-0.1664836;1.437698,0.2282343;-0.2278183;1.204795,-0.0297093;-0.4377829;1.460018,1
10995,-1600;6584;14056,1287;-549;-791,-0.01834037;0.05458854;1.332872,0.1614157;0.02210025;1.374818,0.2376062;-0.1664496;1.437678,0.2276537;-0.2337394;1.208192,-0.0296985;-0.4379639;1.459668,1
11029,-1560;6876;14212,1473;-546;-968,-0.01842145;0.05461938;1.332929,0.160446;0.02230989;1.373964,0.2376103;-0.1664938;1.438214,0.2315047;-0.2492675;1.174261,-0.02970535;-0.4379493;1.459672,1
11063,-1488;6736;14092,1203;-655;-970,-0.01855003;0.05455479;1.332534,0.1594008;0.02261034;1.371981,0.2373371;-0.1668835;1.438621,0.2302673;-0.2481757;1.174227,-0.02957538;-0.4379779;1.45944,1
11096,-1668;7096;14112,1318;-338;-925,-0.01856634;0.05454119;1.332534,0.1590677;0.02274797;1.371754,0.2374121;-0.165804;1.43789,0.2305891;-0.2486367;1.173971,-0.02946262;-0.4380256;1.45949,1
11131,-1600;6792;14204,1131;-488;-930,-0.01859621;0.0545486;1.332534,0.1608465;0.02189603;1.374423,0.2370726;-0.1660812;1.437989,0.2308217;-0.2488758;1.174045,-0.02928147;-0.4381029;1.459551,1
11163,-1612;6900;14196,1503;-485;-851,-0.01869402;0.0545055;1.332706,0.1619998;0.02141544;1.37641,0.2365229;-0.1676772;1.44109,0.2308283;-0.2486133;1.176556,-0.02930891;-0.4381447;1.459663,1
11196,-1596;7032;13916,1139;-620;-934,-0.01876273;0.05449215;1.332727,0.1609759;0.02193066;1.375374,0.236523;-0.1676815;1.441088,0.2308515;-0.2487564;1.176597,-0.02932302;-0.4381518;1.459662,1
11229,-1628;7220;14044,1587;-404;-624,-0.01880503;0.05446643;1.332742,0.1600476;0.02239013;1.374155,0.2365358;-0.1676518;1.441083,0.2310439;-0.2487672;1.176601,-0.02931984;-0.4381756;1.459651,1
11263,-1736;7260;14016,1196;-525;-816,-0.0188948;0.05445488;1.33266,0.1592324;0.02284825;1.373031,0.2365385;-0.1673984;1.440066,0.2298789;-0.2470305;1.177182,-0.02930089;-0.4381634;1.45931,1
11297,-1704;7048;14144,1219;-321;-820,-0.01895796;0.0544458;1.332607,0.1607593;0.02215526;1.374979,0.2365392;-0.1673146;1.439728,0.2307849;-0.2482638;1.175198,-0.02931141;-0.4381433;1.459266,1
11329,-1564;6880;14160,1236;-489;-667,-0.01897123;0.05440267;1.332684,0.1601415;0.02234092;1.374204,0.2365304;-0.1672736;1.439448,0.2306228;-0.2479451;1.175294,-0.02922659;-0.4380775;1.459453,1
11364,-1516;6832;13948,1189;-439;-880,-0.01901316;0.05438084;1.3327,0.1615729;0.02182714;1.376193,0.2365177;-0.1675899;1.439769,0.2312564;-0.2482511;1.175141,-0.02924108;-0.4380877;1.459443,1
11395,-1688;6924;13924,1162;-540;-1031,-0.0190384;0.05436548;1.332652,0.1606519;0.02226398;1.374759,0.236497;-0.1675234;1.439315,0.2318112;-0.2482744;1.174704,-0.02926025;-0.4380946;1.459355,1
11430,-1732;7124;14248,1208;-292;-1001,-0.01915774;0.05443138;1.332846,0.1620957;0.02165783;1.376905,0.2365552;-0.167286;1.43903,0.2314139;-0.2483268;1.175094,-0.02905715;-0.4381698;1.459775,1
11462,-1692;6900;14124,1190;-539;-853,-0.01917439;0.05444185;1.332821,0.1625652;0.02163281;1.377402,0.2366062;-0.1671696;1.438521,0.2312817;-0.2476603;1.176694,-0.02902257;-0.4381053;1.459889,1
11496,-1632;7080;14188,1280;-613;-885,-0.01917807;0.05445221;1.332827,0.1614228;0.02194783;1.375844,0.2366385;-0.1670968;1.438377,0.2312888;-0.2469154;1.178123,-0.02904607;-0.4381034;1.459864,1
11530,-1564;6944;14052,1306;-501;-991,-0.0192904;0.0545337;1.33308,0.1607636;0.02217491;1.375255,0.2366565;-0.1670801;1.43839,0.2317734;-0.2491659;1.174196,-0.02915814;-0.4381075;1.460016,1
11564,-1552;7244;13980,1032;-641;-1134,-0.01931207;0.0545506;1.33307,0.1598327;0.02264762;1.374063,0.2366624;-0.1671043;1.43838,0.2314963;-0.2495766;1.174313,-0.0290575;-0.4380921;1.460094,1
11595,-1600;7136;14004,1191;-410;-929,-0.01931895;0.05457557;1.33308,0.1594127;0.02279625;1.373527,0.2367171;-0.1669908;1.438233,0.2311582;-0.2496212;1.174224,-0.02901698;-0.4381182;1.460149,1
11632,-1560;7068;14088,1079;-459;-1029,-0.01931168;0.05458087;1.33303,0.1591256;0.02292895;1.372955,0.2367653;-0.1669426;1.437698,0.2311904;-0.2497519;1.173744,-0.02894989;-0.4381438;1.460115,1
11663,-1380;7124;13964,1459;-523;-785,-0.01933522;0.05458816;1.333012,0.1610061;0.02213468;1.375382,0.2380093;-0.165907;1.433296,0.2270637;-0.2398666;1.204234,-0.02896622;-0.4381571;1.46007,1
11696,-1592;7224;13960,1048;-366;-991,-0.01932471;0.05462039;1.332988,0.1603939;0.02292036;1.374173,0.2374743;-0.1668151;1.43472,0.2310229;-0.2504982;1.171062,-0.02901814;-0.4381044;1.459944,1
11732,-1516;7100;14032,1273;-382;-1026,-0.01932251;0.05467234;1.332932,0.1599852;0.02354463;1.373329,0.2371476;-0.1677608;1.436278,0.2310506;-0.2499553;1.172142,-0.02881519;-0.4381257;1.45991,2
11764,-1720;7424;14040,1147;-376;-866,-0.01927556;0.0547062;1.332515,0.1596339;0.02404004;1.372012,0.2370066;-0.1681213;1.436653,0.2311868;-0.2494774;1.172249,-0.0291149;-0.4380442;1.459315,2
11797,-1512;6980;14188,1165;-493;-781,-0.01905783;0.0546697;1.332393,0.1620821;0.02230146;1.375112,0.2370358;-0.1681427;1.436513,0.229061;-0.2334836;1.20542,-0.02897136;-0.4380345;1.459353,2
11829,-1500;7204;14136,1565;-337;-635,-0.01894036;0.05471157;1.332337,0.163176;0.0215259;1.37648,0.2363785;-0.1719426;1.441028,0.2289836;-0.2334118;1.206077,-0.02855382;-0.4381384;1.459195,2
11862,-1568;7164;14016,966;-561;-978,-0.01864447;0.05481379;1.332741,0.1640875;0.02089705;1.378071,0.2368137;-0.1718017;1.443746,0.233324;-0.247474;1.177614,-0.02849857;-0.4380681;1.45965,2
11896,-1584;7328;14108,1442;-201;-708,-0.01861742;0.05487382;1.332513,0.1623039;0.02211232;1.374459,0.2365876;-0.1719317;1.443903,0.2295293;-0.230523;1.204284,-0.02829488;-0.4380668;1.459368,2
11928,-1544;6976;14056,1141;-396;-752,-0.01861438;0.05491527;1.332599,0.1632824;0.02193469;1.376032,0.2365728;-0.1716616;1.443742,0.2330304;-0.246129;1.177268,-0.02810994;-0.4379952;1.459622,2
11964,-1684;7108;14028,1317;-435;-694,-0.01860531;0.05494414;1.332599,0.1638424;0.02183707;1.376811,0.2364009;-0.1718666;1.444731,0.2297641;-0.232869;1.208187,-0.02810619;-0.4380111;1.459669,2
11998,-1648;7092;13984,1156;-527;-811,-0.01860569;0.05502028;1.332733,0.1625804;0.02249311;1.375593,0.2364143;-0.1717575;1.444628,0.2310592;-0.2491499;1.179025,-0.0281051;-0.4380127;1.459672,2
12029,-1620;7028;13900,1167;-538;-804,-0.01864734;0.05518621;1.333058,0.1621564;0.02277626;1.375363,0.2363256;-0.1718713;1.445909,0.2312482;-0.2317449;1.210141,-0.02813608;-0.437832;1.460331,2
12062,-1412;7028;13916,967;-567;-951,-0.01860185;0.05520887;1.332981,0.1612956;0.02362936;1.373521,0.2361519;-0.1720974;1.446053,0.2318011;-0.2435506;1.178761,-0.02786919;-0.4378251;1.460062,2
12095,-1480;7064;13904,1124;-484;-1090,-0.0185938;0.05521518;1.332985,0.1626514;0.02282002;1.375592,0.2360185;-0.1724989;1.446772,0.2318046;-0.2435352;1.179366,-0.02777769;-0.4378645;1.460041,2
12129,-1500;7240;13784,1176;-528;-1048,-0.01860784;0.05533729;1.333164,0.1619046;0.02353982;1.374764,0.236028;-0.172582;1.447251,0.2318405;-0.2436724;1.179859,-0.02777704;-0.4378799;1.460006,2
12161,-1560;7420;13852,1179;-417;-1091,-0.01860314;0.05535007;1.333106,0.1613038;0.02376222;1.373824,0.2359312;-0.1727002;1.447336,0.2318325;-0.2436709;1.179911,-0.02768261;-0.4378961;1.459962,2
12198,-1560;7488;14088,1205;-536;-693,-0.01838064;0.05541748;1.333517,0.1631466;0.02237533;1.376945,0.2361748;-0.172412;1.447285,0.2319963;-0.2310028;1.209163,-0.0274973;-0.4378572;1.460503,2
12230,-1364;7268;13884,1109;-532;-639,-0.01844711;0.05548364;1.333604,0.1619982;0.02280224;1.375756,0.2359331;-0.1725853;1.448125,0.2317748;-0.2309865;1.209164,-0.02803035;-0.437675;1.460662,2
12262,-1412;7120;13948,1467;-374;-617,-0.01831211;0.05545047;1.333582,0.1631552;0.02191659;1.377121,0.2361026;-0.1725185;1.44816,0.2315557;-0.2310836;1.209095,-0.02764703;-0.4377401;1.460502,2
12295,-1468;7232;13996,1159;-731;-799,-0.01816829;0.05541844;1.333454,0.1639057;0.02131681;1.377905,0.2361278;-0.1725606;1.448219,0.2311542;-0.2311789;1.208526,-0.02748777;-0.4377923;1.460429,2
12329,-1608;7128;13852,1428;-402;-787,-0.01808322;0.05537844;1.333453,0.1644659;0.02081556;1.378663,0.2362095;-0.1723844;1.448123,0.2310128;-0.2312586;1.208374,-0.02738381;-0.4378095;1.460444,2
12362,-1588;7320;13836,1070;-468;-861,-0.01807276;0.05537876;1.333512,0.1649123;0.02047757;1.379399,0.2363168;-0.1720723;1.448009,0.2306114;-0.2315212;1.209133,-0.02756078;-0.437738;1.460487,2
12397,-1608;6996;14096,1017;-470;-870,-0.0180103;0.05544053;1.333785,0.1652918;0.02017605;1.380061,0.2372354;-0.1707214;1.44624,0.2305784;-0.2315356;1.209104,-0.02745121;-0.4377095;1.460657,2
12432,-1548;7348;13720,1138;-533;-939,-0.01800543;0.05543251;1.333779,0.1654465;0.02002177;1.380257,0.2372251;-0.1707624;1.446226,0.2302819;-0.2316561;1.209505,-0.02724793;-0.4377562;1.460662,2
12465,-1420;7240;13816,1273;-552;-916,-0.01804733;0.05543874;1.333757,0.1654933;0.02001755;1.38031,0.2371308;-0.1707733;1.446157,0.2309754;-0.2442343;1.179448,-0.02758404;-0.4378106;1.460404,2
12496,-1520;7260;14008,1279;-433;-942,-0.01812851;0.05543606;1.333631,0.1613467;0.021928;1.373628,0.2368054;-0.1710472;1.445291,0.2308952;-0.2445198;1.178579,-0.02759464;-0.4378386;1.460339,2
12529,-1432;7052;13868,1712;-327;-965,-0.01817238;0.05545325;1.333601,0.1603758;0.02228964;1.372593,0.2366319;-0.1710532;1.445015,0.2307808;-0.2446782;1.178344,-0.02765728;-0.4378013;1.460419,2
12561,-1432;6932;13564,4313;-131;-636,-0.01823386;0.05547534;1.333515,0.1616241;0.02175941;1.374414,0.2366417;-0.1698647;1.442768,0.2307612;-0.2450603;1.176538,-0.02759413;-0.4377987;1.460442,2
12596,-1492;7552;13536,10977;417;58,-0.01828286;0.05547694;1.333486,0.1623735;0.02141902;1.375538,0.2365899;-0.1697302;1.442655,0.2306361;-0.2453033;1.176534,-0.02759374;-0.437789;1.460468,2
12631,-1740;9268;13216,16664;798;1329,-0.01835348;0.05548076;1.333146,0.1605081;0.0222039;1.372235,0.23657;-0.1697594;1.442632,0.2304634;-0.2452545;1.176492,-0.02762629;-0.4378935;1.460063,2
12663,-1296;9540;12420,15507;859;2615,-0.01841568;0.05549661;1.333151,0.1617734;0.02165893;1.374519,0.235984;-0.170123;1.443347,0.2288877;-0.2300055;1.21113,-0.02767357;-0.437917;1.460061,2
12696,-960;10584;10680,24123;1045;2777,-0.01860852;0.05549789;1.333414,0.1626166;0.02128312;1.376364,0.2357686;-0.1702979;1.446335,0.2271619;-0.2423467;1.179303,-0.02780418;-0.4379064;1.460467,2
12729,-1304;13568;9112,24446;1263;3349,-0.0186778;0.05548601;1.333444,0.1616354;0.02165161;1.375574,0.2353146;-0.1706217;1.447044,0.2303352;-0.2240746;1.200513,-0.0279954;-0.437958;1.460449,2
12762,-844;14344;6452,23411;1003;2870,-0.01882538;0.05544431;1.333338,0.1621894;0.02141521;1.376262,0.2350606;-0.1695732;1.446556,0.2310414;-0.2230068;1.200338,-0.02836439;-0.4379148;1.460463,2
12795,-360;14624;3736,28086;1936;3143,-0.0189638;0.0553287;1.333134,0.1625885;0.0212887;1.376766,0.235206;-0.1658107;1.443986,0.2330535;-0.2198644;1.198693,-0.0287823;-0.4380772;1.460259,2
12830,672;16200;1036,32767;4838;3886,-0.01907906;0.05531495;1.333024,0.1608514;0.02220847;1.374847,0.2385164;-0.1523913;1.41751,0.2215183;-0.2229148;1.187729,-0.02891266;-0.4379863;1.460494,2
12864,772;15012;-1968,32767;5304;3738,-0.01938362;0.0552465;1.332476,0.1613951;0.02195057;1.375404,0.2423766;-0.1519415;1.415628,0.2220724;-0.2140899;1.183247,-0.02898271;-0.4379395;1.46045,2
12897,264;16012;-5188,32767;3151;2673,-0.01938957;0.0551913;1.332371,0.1597323;0.02245124;1.373036,0.231082;-0.1741849;1.464351,0.2457708;-0.2066684;1.20759,-0.02904066;-0.4378499;1.460639,2
12930,-268;12184;-7952,28141;4347;1562,-0.01945803;0.0551622;1.332143,0.1608272;0.02183652;1.37441,0.2308994;-0.1743238;1.463991,0.2469351;-0.2068149;1.205292,-0.02925585;-0.4379278;1.460613,2
12962,1704;12016;-9592,27640;4935;1068,-0.01955937;0.05509258;1.331815,0.1613866;0.02171683;1.374949,0.2303586;-0.1751349;1.462883,0.2461738;-0.2107889;1.200911,-0.02932376;-0.4379332;1.460598,2
12995,1192;11416;-12180,22893;2716;899,-0.01963413;0.05498166;1.331522,0.161898;0.02141798;1.375569,0.2202873;-0.2331423;1.432023,0.244309;-0.215037;1.226939,-0.0295041;-0.4379729;1.460544,2
13030,2348;8916;-13232,24278;2211;187,-0.01978104;0.05486251;1.330973,0.1592416;0.02209543;1.370559,0.223016;-0.2386298;1.395579,0.2476674;-0.2076637;1.192105,-0.02950872;-0.4379556;1.46052,2
13064,2792;7700;-15040,26189;1569;84,-0.01981754;0.05483123;1.330917,0.1581261;0.02227429;1.369024,0.2240392;-0.2381266;1.392781,0.2361979;-0.2026382;1.156433,-0.02951558;-0.4379599;1.460713,2
13096,2468;6544;-15756,21700;843;-1149,-0.01991882;0.05472427;1.330721,0.1572401;0.02245066;1.367723,0.226044;-0.1821084;1.44089,0.2372885;-0.1910595;1.200231,-0.02961261;-0.4380004;1.460642,2
13130,2828;3536;-17348,22512;554;-670,-0.02001084;0.05464403;1.330482,0.159374;0.02145845;1.370569,0.2292251;-0.2369107;1.379061,0.2491532;-0.1977502;1.176463,-0.02965716;-0.4380246;1.460649,2
13162,2548;4176;-17524,19431;-437;-488,-0.02013893;0.0545832;1.330351,0.1606281;0.02124259;1.37209,0.2284954;-0.23616;1.379458,0.2503893;-0.1970397;1.177063,-0.02968123;-0.4380512;1.460666,2
13195,2732;1100;-17556,13509;-468;443,-0.02020139;0.05447289;1.330003,0.1614065;0.02083057;1.372981,0.2279249;-0.2353776;1.379359,0.2511111;-0.1956135;1.142691,-0.02994151;-0.4381065;1.460506,2
13230,1944;-1388;-17140,11807;227;-23,-0.02019374;0.05429748;1.32968,0.1620196;0.0205522;1.373722,0.2272505;-0.2322863;1.378685,0.2549891;-0.1976678;1.141708,-0.03019827;-0.438267;1.460281,2
13263,2344;-684;-17068,10232;-498;503,-0.02018188;0.05418481;1.329469,0.1605157;0.02080539;1.370941,0.2280317;-0.1779821;1.443826,0.2520668;-0.193752;1.204509,-0.03020501;-0.4383168;1.460307,2
13297,2240;-1952;-17392,7249;-1374;373,-0.02017454;0.05411774;1.329371,0.1594341;0.02104222;1.368981,0.2243575;-0.2184041;1.376381,0.2636954;-0.2064099;1.13887,-0.0304081;-0.4383096;1.460347,2
13330,2312;-1332;-17264,6672;-1767;222,-0.0201789;0.05396837;1.329164,0.1589016;0.02112;1.368059,0.2295527;-0.1768766;1.436982,0.2523344;-0.2231003;1.206001,-0.03056293;-0.4383553;1.460311,2
13362,2328;-2768;-17452,5148;-2483;290,-0.01999344;0.05370175;1.328787,0.1609279;0.02068067;1.370678,0.2227199;-0.2156865;1.372472,0.2600369;-0.2253772;1.168951,-0.03075688;-0.4385425;1.460103,2
13396,2032;-2636;-17196,5047;-2857;-119,-0.01988899;0.05342484;1.327713,0.1617143;0.02057122;1.371431,0.2207576;-0.2211626;1.376941,0.2596775;-0.2241285;1.173499,-0.03099476;-0.4385798;1.459539,2
13429,1720;-3428;-17252,3718;-3202;-37,-0.01986964;0.05326217;1.327813,0.1626089;0.02038003;1.372861,0.2313342;-0.1669152;1.428205,0.2533727;-0.2251621;1.216544,-0.03095165;-0.4386231;1.459713,2
13462,1628;-3916;-17948,3644;-2019;-322,-0.01983722;0.05316108;1.327688,0.1631301;0.02031044;1.373482,0.2102356;-0.2288118;1.405464,0.2573336;-0.2271468;1.203787,-0.03095602;-0.4386527;1.459718,2
13497,1280;-3932;-17908,2330;-1427;-799,-0.01961712;0.05299609;1.327618,0.1640138;0.01939674;1.374869,0.2112356;-0.2354864;1.392146,0.2619127;-0.2462189;1.156819,-0.03081699;-0.4386649;1.459861,2
13531,1576;-3532;-17432,1047;215;-938,-0.01958101;0.05297114;1.327621,0.1617981;0.02007144;1.37175,0.2077956;-0.2402159;1.400792,0.2506713;-0.2497964;1.198409,-0.03053669;-0.4387754;1.460139,2
13565,1324;-4004;-17012,1844;-666;-501,-0.0195217;0.05292967;1.327528,0.1627765;0.01995814;1.373114,0.2273699;-0.1725564;1.419407,0.2463565;-0.2512203;1.212562,-0.03024165;-0.4388838;1.460165,2
13596,1176;-3912;-17176,1517;-125;-460,-0.019122;0.05274861;1.327127,0.1634753;0.01962788;1.373769,0.2282573;-0.1734748;1.415972,0.2457021;-0.2537473;1.213096,-0.0299271;-0.4388606;1.460081,2
13629,1132;-4632;-16944,595;-522;-928,-0.01859195;0.0525273;1.32697,0.1644782;0.01873105;1.375104,0.228335;-0.1747969;1.414529,0.2449757;-0.2562957;1.215053,-0.02964029;-0.4388772;1.460089,2
13661,1228;-4092;-17044,1340;-229;-704,-0.01842049;0.05243306;1.326877,0.1650438;0.01848553;1.375791,0.1895181;-0.2395938;1.439382,0.2431431;-0.2597947;1.217355,-0.02957566;-0.4388686;1.460055,2
13697,1280;-4112;-16616,740;-36;-899,-0.01787513;0.05209123;1.326269,0.1654235;0.01811123;1.376115,0.1878697;-0.2456067;1.420709,0.2419544;-0.2619866;1.217458,-0.02931906;-0.4390526;1.45913,2
13732,1228;-4224;-16660,1517;-378;-670,-0.01782003;0.05205886;1.326333,0.1655671;0.01813945;1.376403,0.1891217;-0.2459683;1.41894,0.2399915;-0.2642319;1.218026,-0.0288243;-0.4391234;1.459676,2
13764,1340;-4200;-16620,1045;-460;-966,-0.01774308;0.05202427;1.326309,0.165731;0.01815589;1.376605,0.2277895;-0.1800836;1.405701,0.2383937;-0.2667064;1.215539,-0.02868902;-0.4391547;1.459745,2
13796,1468;-4036;-16648,1035;-386;-1213,-0.01773932;0.05201892;1.326314,0.1657954;0.01816251;1.37671,0.2277448;-0.17937;1.405819,0.2377873;-0.2687321;1.212806,-0.02840733;-0.4392364;1.459903,2
13829,1468;-3460;-16328,1226;-760;-933,-0.01771614;0.05200202;1.326327,0.1639238;0.01834006;1.373782,0.1907058;-0.2494075;1.396248,0.2417982;-0.2713227;1.19687,-0.02819744;-0.4393393;1.460149,2
13867,1208;-4068;-16948,1599;-1260;-327,-0.01770808;0.0519888;1.326334,0.164363;0.01838393;1.374383,0.2279179;-0.1797117;1.404724,0.2372122;-0.2694688;1.212761,-0.02812235;-0.4393342;1.460221,2
13897,1288;-4160;-17088,1606;-823;-347,-0.01746223;0.05193402;1.326408,0.1656399;0.0177009;1.376282,0.1940066;-0.2515399;1.385873,0.2454084;-0.2730211;1.18653,-0.02780688;-0.439433;1.460225,2
13932,1000;-4668;-17540,1648;-1379;-387,-0.01709882;0.05179715;1.326836,0.1662174;0.01719115;1.377287,0.1942636;-0.2513651;1.392883,0.2444856;-0.2721011;1.193149,-0.027599;-0.4394068;1.460593,2
13964,1028;-4484;-17524,941;-732;-692,-0.01699738;0.05176518;1.326865,0.166566;0.01695336;1.377782,0.2285308;-0.1810763;1.40765,0.2376033;-0.2690381;1.218778,-0.02734462;-0.4393943;1.460623,2
13995,1168;-4132;-17304,817;-232;-821,-0.01679477;0.05173398;1.327039,0.1671315;0.01658892;1.378635,0.190859;-0.2322739;1.46639,0.237978;-0.2687701;1.220079,-0.0271076;-0.4393743;1.460707,2
14029,968;-4120;-17440,683;-365;-909,-0.01668646;0.05171587;1.327021,0.1674042;0.01638878;1.379044,0.1909955;-0.2357375;1.459079,0.2383651;-0.2689879;1.219598,-0.02704346;-0.4393809;1.460731,2
14062,992;-4076;-17520,-110;-63;-871,-0.01787093;0.052006;1.327454,0.1675621;0.01627437;1.379287,0.19586;-0.2483531;1.417152,0.2394016;-0.2696057;1.215863,-0.02701182;-0.4393699;1.460666,2
14095,1144;-2908;-17068,-2506;-313;-969,-0.01779203;0.05201475;1.327452,0.1676513;0.01619803;1.379391,0.2062127;-0.2388698;1.39531,0.2440995;-0.2737243;1.194822,-0.02697482;-0.4393899;1.46066,2
14130,1060;-2824;-17144,-8075;-1461;-1376,-0.01764049;0.05199737;1.327451,0.1677258;0.01617063;1.379512,0.2315066;-0.1775633;1.413514,0.2393243;-0.2687468;1.219511,-0.02696855;-0.4393967;1.460662,2
14164,-72;-368;-18008,-11669;-2405;-361,-0.01745855;0.05195935;1.327447,0.1677841;0.01611732;1.379589,0.2330606;-0.1750557;1.415296,0.2393018;-0.2684872;1.220091,-0.02685815;-0.4394412;1.460647,2
14196,1320;-640;-18312,-22219;-1980;420,-0.01725648;0.05193753;1.32731,0.1678151;0.01607772;1.379627,0.2329783;-0.1750378;1.415209,0.2395042;-0.2682686;1.219989,-0.02669528;-0.4395014;1.460518,2
14231,-136;1460;-19280,-17033;-2090;-159,-0.01709223;0.05190733;1.327312,0.1678046;0.01607974;1.379628,0.232673;-0.1751622;1.414026,0.2393551;-0.2673695;1.221114,-0.0266463;-0.4395168;1.460502,2
14265,924;5316;-18336,-20275;545;1650,-0.01689067;0.05187286;1.32725,0.1678412;0.01604202;1.379647,0.203288;-0.2517403;1.381447,0.2495989;-0.2710911;1.180597,-0.02662909;-0.4395283;1.460446,2
14298,-208;7076;-17996,-27442;-779;1117,-0.01671138;0.05190425;1.327387,0.1678824;0.01600137;1.37974,0.1957887;-0.2333659;1.465206,0.2398876;-0.2659107;1.221247,-0.02659393;-0.4394923;1.460512,2
14331,1648;7180;-15736,-26078;-777;951,-0.01644363;0.05193292;1.327955,0.1680142;0.01588709;1.380151,0.2337333;-0.1815429;1.418382,0.2400561;-0.2654028;1.22164,-0.02640337;-0.4393744;1.461366,2
14364,144;12232;-13468,-27240;-2303;1633,-0.01615491;0.05195565;1.328574,0.1680782;0.01585219;1.380399,0.204518;-0.2482902;1.39165,0.2478531;-0.267695;1.19012,-0.02636414;-0.4392236;1.461914,2
14396,1908;10608;-10656,-32768;-2497;2104,-0.01602716;0.05202873;1.328745,0.1681101;0.01581595;1.380471,0.1913579;-0.2280489;1.478988,0.2403102;-0.2631455;1.222119,-0.02637524;-0.4391735;1.461958,2
14430,472;13900;-7152,-23628;-2973;2104,-0.01598935;0.05202682;1.328732,0.1681124;0.01581709;1.380473,0.19132;-0.2278121;1.479474,0.2406144;-0.262149;1.22145,-0.02631527;-0.4391872;1.46191,2
14463,1320;14956;-5280,-30426;-4233;-1762,-0.0158509;0.05201892;1.328568,0.1681191;0.01583187;1.380438,0.1992038;-0.2428444;1.439533,0.2420779;-0.2593736;1.219406,-0.02622371;-0.439224;1.461554,2
14495,404;14908;-3000,-28024;-4157;-35,-0.01581843;0.05201966;1.328559,0.1681432;0.015816;1.380475,0.2073832;-0.2505879;1.350686,0.2622401;-0.263775;1.151528,-0.02622653;-0.4392739;1.461511,2
14529,1004;14664;248,-26505;-4226;-1604,-0.01581251;0.05202101;1.328556,0.1681508;0.0158049;1.380488,0.1971771;-0.236421;1.458672,0.2415826;-0.2566009;1.218872,-0.02615209;-0.4392624;1.461492,2
14564,1064;14272;2192,-26311;-3085;-1315,-0.01580469;0.05202862;1.328552,0.1681524;0.01580481;1.380489,0.202656;-0.2485297;1.415955,0.2422764;-0.2541686;1.212718,-0.02615983;-0.4392758;1.461475,2
14598,1552;12576;4388,-25773;-2094;-3336,-0.0158052;0.05203019;1.328549,0.1681545;0.0158025;1.38049,0.2346613;-0.171344;1.404721,0.2407411;-0.2526111;1.214676,-0.02617542;-0.4392722;1.461443,2
14631,1384;11060;6804,-22870;-1102;-3365,-0.01580788;0.05204912;1.328555,0.1681813;0.01578823;1.380525,0.2063907;-0.2512442;1.397176,0.2451487;-0.241388;1.193876,-0.0265484;-0.4391963;1.461185,2
14661,1324;9428;8840,-20519;1299;-3769,-0.01586489;0.05206707;1.328439,0.1681848;0.01578312;1.380521,0.2394561;-0.1662365;1.407429,0.2427246;-0.23734;1.205022,-0.02723297;-0.4390867;1.460843,2
14695,480;8728;11120,-18898;2663;-5547,-0.01592908;0.05208877;1.328392,0.1681687;0.01606604;1.380421,0.2357458;-0.1655014;1.414333,0.2471927;-0.2218542;1.180347,-0.02742168;-0.4391302;1.460745,2
14729,-244;7364;12704,-12855;4390;-5231,-0.01610566;0.05217664;1.328412,0.1681146;0.0164073;1.380276,0.2342637;-0.1648586;1.417008,0.2457577;-0.2149439;1.181476,-0.02761513;-0.4392537;1.460465,2
14763,-1432;7572;14460,-7384;3761;-4694,-0.01615948;0.05221011;1.32838,0.1680804;0.01649827;1.380251,0.2114803;-0.241889;1.434002,0.2391557;-0.2273019;1.198393,-0.02774329;-0.4392188;1.460531,2
14798,-2184;7212;15284,-3880;3111;-2767,-0.0163671;0.05229812;1.328094,0.1680172;0.01677193;1.379991,0.2257235;-0.1802792;1.425254,0.2420209;-0.205048;1.186053,-0.02826235;-0.4392808;1.459803,2
14831,-2172;6556;15296,115;2478;-1575,-0.01640629;0.05231475;1.328104,0.1679759;0.01682787;1.379981,0.2220915;-0.2460538;1.39576,0.2428029;-0.2111296;1.158117,-0.02840733;-0.439286;1.459935,2
14864,-2332;7096;15536,1146;1074;-1305,-0.01655477;0.05239403;1.328051,0.1678612;0.01710319;1.379796,0.2214005;-0.2460734;1.398185,0.2466583;-0.206922;1.195239,-0.02861187;-0.4392858;1.459869,2
14896,-2296;7112;15084,3266;178;-708,-0.01668831;0.05249034;1.32818,0.1677534;0.01734864;1.379717,0.2261337;-0.1777122;1.451649,0.2465049;-0.2078242;1.199774,-0.02885978;-0.439246;1.459988,2
14932,-2076;6948;14608,1569;-541;-1003,-0.01682136;0.05258279;1.328059,0.1676279;0.01755051;1.379477,0.2262769;-0.1778385;1.45178,0.246448;-0.2077097;1.199701,-0.02908032;-0.4392153;1.459857,2
14963,-2112;7128;14180,2279;-213;-678,-0.01694398;0.05265266;1.328035,0.167548;0.0176905;1.379333,0.2359554;-0.2386174;1.419438,0.2469035;-0.1993897;1.202441,-0.02900906;-0.4390507;1.46002,2
14997,-2276;7224;14016,1073;-923;-1118,-0.01706394;0.05273971;1.328049,0.1674271;0.01787722;1.379138,0.2316989;-0.1726824;1.466303,0.249372;-0.1911515;1.202018,-0.02893871;-0.4390039;1.460061,2
15033,-2080;6896;13788,2236;-162;-300,-0.01715821;0.05280994;1.328067,0.1616591;0.02177945;1.369813,0.231607;-0.1727018;1.466406,0.2497023;-0.186102;1.202142,-0.02893374;-0.4389087;1.460157,2
15065,-2320;7392;13920,592;-857;-1296,-0.01736067;0.05285345;1.327737,0.1622454;0.02164537;1.370679,0.2507216;-0.1520344;1.399562,0.2310818;-0.1798222;1.158214,-0.02906059;-0.4388976;1.459842,2
15098,-2068;6648;13684,1574;-310;-938,-0.01745423;0.0529468;1.328037,0.163079;0.02128209;1.372493,0.2497545;-0.1535323;1.400574,0.2283607;-0.181927;1.159605,-0.02892056;-0.4387597;1.460544,2
15131,-2340;7248;14068,1662;-666;-1125,-0.01750142;0.05302558;1.328008,0.1634795;0.02127579;1.373139,0.2472077;-0.154533;1.402941,0.246333;-0.1839195;1.188783,-0.02890761;-0.4387301;1.46054,2
15164,-2048;6908;13916,1504;-320;-426,-0.01762091;0.05310237;1.328087,0.1639054;0.02122188;1.373861,0.2324388;-0.157616;1.439133,0.2414204;-0.1903984;1.18313,-0.02890442;-0.4385861;1.460708,2
15195,-2120;7500;13864,1548;-623;-914,-0.01763239;0.05310713;1.328089,0.1641193;0.02106835;1.374304,0.2323588;-0.1586153;1.439694,0.237789;-0.1946719;1.183037,-0.02887495;-0.4385772;1.460693,2
15230,-2060;7076;13924,1159;-467;-719,-0.01774474;0.0531889;1.328146,0.1643568;0.02107807;1.374831,0.2325328;-0.1596218;1.440165,0.2328023;-0.2022832;1.186827,-0.02876518;-0.4385216;1.460709,2
15264,-1916;7500;13920,1487;-335;-671,-0.01780474;0.05320764;1.328094,0.1644788;0.02106478;1.37503,0.2325612;-0.1623976;1.440799,0.2322018;-0.2052018;1.188898,-0.0289528;-0.4385304;1.460241,2
15297,-1896;6964;13948,999;-652;-806,-0.01785216;0.05322792;1.328118,0.1645996;0.02089416;1.375424,0.2321227;-0.1666923;1.442931,0.2306382;-0.2096157;1.191719,-0.02903835;-0.4385815;1.460133,2
15330,-2092;7356;13764,1662;-363;-580,-0.01793111;0.05324112;1.328148,0.1647259;0.02086663;1.375735,0.232174;-0.1675049;1.443172,0.2298929;-0.2127179;1.193238,-0.02906826;-0.4385609;1.46008,2
15361,-1972;7156;13884,1002;-490;-711,-0.0181363;0.05336099;1.328476,0.1622732;0.02150482;1.373325,0.2322951;-0.168192;1.443977,0.2289358;-0.2165478;1.196063,-0.0291183;-0.4385648;1.460153,2
15395,-1956;7160;13864,1544;-396;-697,-0.01823138;0.05331918;1.328059,0.1626845;0.02117134;1.373788,0.2326852;-0.1685297;1.440123,0.2273851;-0.2201952;1.197012,-0.02923896;-0.4386657;1.459294,2
15431,-2052;7100;14012,779;-369;-943,-0.01834655;0.05334562;1.328007,0.1631951;0.02078985;1.374548,0.2326577;-0.1684864;1.440197,0.227093;-0.2224502;1.197971,-0.02925399;-0.4386723;1.459226,2
15464,-2140;7496;14096,1333;-210;-568,-0.01840151;0.05335637;1.327967,0.1635059;0.02074516;1.374906,0.2333313;-0.1674732;1.437535,0.227017;-0.2417748;1.171044,-0.02925901;-0.4386767;1.459086,2
15497,-2116;7224;13868,1113;-667;-639,-0.01844252;0.05338103;1.328046,0.1638734;0.02069915;1.375456,0.2334431;-0.1677493;1.437735,0.2270328;-0.2419465;1.171217,-0.0291928;-0.4386883;1.459099,2
15529,-2116;7068;13808,1756;-327;-534,-0.0184547;0.05340234;1.328062,0.1641725;0.02064798;1.37582,0.2335849;-0.1683193;1.438103,0.2272454;-0.2424162;1.171555,-0.02924846;-0.438664;1.459032,2
15563,-2108;7376;13796,642;-682;-1014,-0.01851426;0.05344298;1.328092,0.1644089;0.0206066;1.376114,0.2336756;-0.1688502;1.43841,0.2279272;-0.24316;1.17191,-0.02934929;-0.4386337;1.459,2
15595,-1996;7088;13676,1477;-422;-931,-0.0185333;0.05345574;1.328112,0.1623076;0.02098228;1.37294,0.2338841;-0.1688745;1.438127,0.2287946;-0.2442161;1.171906,-0.02939702;-0.4386514;1.459002,2
15630,-2096;7604;13768,1570;-514;-795,-0.01854924;0.05344985;1.328124,0.1630078;0.02083111;1.37391,0.2339035;-0.1691409;1.437564,0.2295142;-0.2455512;1.171639,-0.02943674;-0.4386603;1.458953,2
15665,-1920;7232;13636,1027;-548;-764,-0.01856518;0.0534474;1.328139,0.1613451;0.02132778;1.371366,0.2342018;-0.1689528;1.436673,0.2301397;-0.2473331;1.171321,-0.02950904;-0.4386145;1.458934,2
15698,-2116;7452;13888,1613;-383;-702,-0.01857667;0.0534462;1.328062,0.162239;0.0211432;1.372428,0.2342002;-0.169288;1.436172,0.2301116;-0.2476249;1.171221,-0.02945649;-0.4386017;1.458887,2
15730,-1964;7260;13756,1130;-612;-854,-0.01850777;0.05343425;1.32834,0.1613311;0.02136719;1.371474,0.2342249;-0.1698477;1.436615,0.2308167;-0.2489477;1.171471,-0.02950909;-0.4385833;1.459,2
15762,-1956;7428;13640,1619;-388;-726,-0.01851053;0.05343618;1.328344,0.1623752;0.02115525;1.372941,0.234286;-0.169815;1.436469,0.231282;-0.249028;1.17258,-0.02951589;-0.4385898;1.45895,2
15795,-1880;7440;13672,871;-596;-1118,-0.01851178;0.05343589;1.32835,0.1631244;0.02098528;1.374045,0.2344346;-0.1698037;1.43631,0.2316317;-0.2484728;1.175119,-0.02951338;-0.4385962;1.458949,2
15830,-2012;7368;13752,1489;-179;-789,-0.01854496;0.05345425;1.328421,0.1617882;0.02117588;1.372261,0.2344573;-0.1697827;1.436327,0.2316428;-0.2483041;1.176944,-0.02937727;-0.4386756;1.45916,2
15862,-1924;7468;13820,880;-566;-1014,-0.01855991;0.05346235;1.328438,0.1608159;0.0212935;1.370844,0.234488;-0.1698575;1.43596,0.2317208;-0.2483229;1.177612,-0.02928725;-0.4386888;1.459284,2
15897,-1984;7300;13716,1633;-201;-869,-0.01857325;0.05345252;1.328306,0.1619211;0.02102682;1.37211,0.2344263;-0.1701861;1.435413,0.2318466;-0.2481782;1.177859,-0.02933437;-0.4387186;1.458954,2
15930,-2044;7708;13888,915;-602;-1076,-0.01855583;0.05344696;1.328697,0.1612154;0.0212198;1.371639,0.2345751;-0.170444;1.436551,0.2321041;-0.2481824;1.180164,-0.0294333;-0.4387202;1.459178,2
15962,-2028;7360;13936,1583;-339;-727,-0.0185593;0.05344401;1.3287,0.1607306;0.02133527;1.370991,0.2345172;-0.1712991;1.437014,0.2330944;-0.2513364;1.173045,-0.02943981;-0.4387069;1.459187,2
15994,-1960;7652;13864,1125;-691;-949,-0.01855856;0.0534451;1.328718,0.1601395;0.02141376;1.370033,0.2344809;-0.1717913;1.437209,0.2328658;-0.2513669;1.173269,-0.02946969;-0.4386849;1.459158,2
16028,-1844;7084;13708,1930;-586;-729,-0.01858316;0.05345455;1.328701,0.1597669;0.02138422;1.369539,0.2344684;-0.1717725;1.437174,0.2331772;-0.251849;1.17231,-0.02950695;-0.438706;1.459147,2
16062,-2008;7256;13576,3676;-288;-716,-0.01858133;0.05344355;1.329036,0.1596578;0.02139286;1.369536,0.2345032;-0.1717688;1.437168,0.2332925;-0.2508313;1.175494,-0.02965732;-0.4386045;1.459439,2
16102,-1644;5728;12496,16254;1959;1079,-0.01862028;0.05344281;1.328998,0.1594248;0.02140092;1.369167,0.2345055;-0.171728;1.437069,0.2332359;-0.2508008;1.175507,-0.02966384;-0.438645;1.45936,2
16133,-2488;11684;12280,23819;2637;2584,-0.01863662;0.05342209;1.328936,0.1614061;0.02056125;1.37214,0.2343582;-0.1721645;1.436453,0.2327397;-0.2503329;1.176247,-0.02947503;-0.4387216;1.459391,2
16165,-1888;11940;10140,29750;3101;4960,-0.0186419;0.05343981;1.328958,0.1609431;0.02079736;1.37157,0.2343931;-0.1721046;1.436392,0.2322445;-0.2500482;1.177461,-0.02952155;-0.4387133;1.459404,2
16196,-1284;14996;8040,29278;2569;5440,-0.01862251;0.05343865;1.328964,0.1606996;0.02079606;1.371313,0.2353338;-0.171611;1.433725,0.2321519;-0.2483065;1.181209,-0.02934369;-0.4387556;1.459554,2
16230,-952;15084;5988,27839;2295;5294,-0.01864807;0.05345209;1.329051,0.1623053;0.0206341;1.373652,0.236286;-0.1711993;1.431719,0.2322278;-0.2484643;1.180795,-0.02927303;-0.4387446;1.459701,2
16264,-764;16196;2748,29454;2608;5354,-0.01864814;0.05345896;1.329047,0.1631055;0.02027536;1.37486,0.2362946;-0.1711503;1.431731,0.232066;-0.2477414;1.182164,-0.02931893;-0.4387822;1.45957,2
16295,216;15460;-516,32767;3565;6544,-0.01869008;0.05347562;1.329049,0.1636329;0.02008014;1.375785,0.2367567;-0.1707222;1.430194,0.2319955;-0.2475512;1.182137,-0.02931529;-0.4387899;1.459594,2
16331,604;15432;-3436,32767;3624;5930,-0.01871349;0.05349428;1.329054,0.1640526;0.02009275;1.376369,0.236761;-0.1708292;1.430873,0.2267894;-0.2437596;1.201464,-0.02928825;-0.4387043;1.459736,2
16365,2200;14596;-5724,32767;3923;6289,-0.01876521;0.05352408;1.329049,0.1620707;0.02074078;1.373102,0.2366892;-0.1708834;1.430928,0.2332235;-0.2524611;1.167282,-0.02918338;-0.4387431;1.459694,2
16397,4796;14352;-7852,32759;4018;3765,-0.01882787;0.05357271;1.329042,0.1611257;0.02097421;1.371724,0.236501;-0.1709431;1.431174,0.2328644;-0.2519165;1.168566,-0.02893163;-0.438796;1.459628,2
16431,2972;10648;-10588,26575;3082;1605,-0.0188406;0.05361158;1.329208,0.1606767;0.02107457;1.371382,0.2363283;-0.1708389;1.431515,0.232593;-0.2513963;1.170355,-0.02890926;-0.4388161;1.459776,2
16464,2632;8300;-13344,31590;4596;202,-0.01892885;0.05368159;1.329367,0.1622449;0.020523;1.374282,0.2362473;-0.1709377;1.432618,0.2325706;-0.2508169;1.171578,-0.02904154;-0.4387859;1.459869,2
16499,2604;6928;-13896,27495;1894;156,-0.0189213;0.05369643;1.329381,0.1614599;0.02078989;1.373157,0.2364298;-0.1707644;1.431504,0.2324129;-0.2505437;1.171778,-0.02904574;-0.4387868;1.459917,2
16532,2640;5956;-15092,23371;-1627;1066,-0.01890518;0.05371173;1.329371,0.1624253;0.02051999;1.374541,0.2355195;-0.1736422;1.434899,0.2323563;-0.2504577;1.171832,-0.02901605;-0.4388149;1.459895,2
16565,2316;612;-16712,22586;-38;-156,-0.01889304;0.05372392;1.329379,0.1630955;0.02030911;1.375475,0.2359218;-0.1716611;1.429739,0.232506;-0.2494678;1.173068,-0.02875886;-0.4388128;1.459837,2
