Time_Stamp,Accel,Gyro,Head,HandLeft,WristLeft,ElbowLeft,ShoulderLeft,SpineShoulder,SpineBase,TrimmingId
0,-8756;-12832;-5056,203;-447;-1048,0.2037172;0.2366693;1.560538,-0.05665592;-0.4336409;1.162524,-0.029477;-0.3664978;1.304313,-0.01630492;-0.2420867;1.450591,0.05328118;-0.03434697;1.529073,0.2102567;0.006694708;1.537657,0.1780123;-0.4583703;1.459021,0
34,-8724;-12740;-5460,606;-479;-872,0.203709;0.2366695;1.56051,-0.05447887;-0.4296522;1.16538,-0.02981157;-0.3664499;1.303232,-0.01618936;-0.2420176;1.45047,0.05332451;-0.03440626;1.528967,0.2102904;0.006409794;1.537393,0.1779871;-0.4583525;1.458884,0
68,-8752;-12576;-5356,896;-307;-1017,0.2037551;0.2366861;1.560537,-0.05572025;-0.432498;1.164902,-0.02974177;-0.3662218;1.303563,-0.01616495;-0.2420551;1.45044,0.0533331;-0.03440414;1.528967,0.2104102;0.006165127;1.537397,0.1779905;-0.4583549;1.45888,0
101,-8692;-12720;-5168,226;-547;-1004,0.2037816;0.2366811;1.560642,-0.05684858;-0.4326881;1.164726,-0.02969282;-0.3664291;1.303979,-0.01619301;-0.2421277;1.450941,0.05336027;-0.03441877;1.528993,0.2105712;0.005981067;1.537551,0.1780268;-0.4583754;1.458964,0
156,-9168;-14532;-6216,-520;-542;-1000,0.2037794;0.2367131;1.560635,-0.05539458;-0.4337409;1.157445,-0.02971771;-0.3663982;1.303802,-0.01596393;-0.2420921;1.450341,0.05339813;-0.03447541;1.528895,0.2105587;0.006550968;1.5375,0.1780515;-0.4583842;1.458706,0
172,-12088;-22312;-4384,4012;-540;281,0.2039988;0.2367963;1.561104,-0.05711828;-0.4340386;1.162375,-0.02956825;-0.3665723;1.304808,-0.01614763;-0.2419383;1.451354,0.05347992;-0.03440725;1.529094,0.2107729;0.006083261;1.538288,0.1781721;-0.4585596;1.459316,0
200,-11392;-27220;-7724,4475;-85;-4834,0.2040192;0.2368495;1.561128,-0.05559282;-0.4311683;1.162705,-0.02988319;-0.3666562;1.303859,-0.01632606;-0.2417015;1.451631,0.0535407;-0.03445407;1.529046,0.2108309;0.005925513;1.538178,0.1781695;-0.458553;1.459274,0
233,-14112;-31580;-7012,-1836;2884;-15118,0.2043121;0.2369786;1.561711,-0.05581486;-0.4305374;1.162734,-0.02999322;-0.3667512;1.30381,-0.01666716;-0.2413211;1.452902,0.05358466;-0.03443843;1.529124,0.2108872;0.005840568;1.538313,0.1782328;-0.458494;1.459501,0
267,-14492;-27440;-8572,2152;3539;-21099,0.2043079;0.2369408;1.561899,-0.05629762;-0.4275748;1.163763,-0.0299558;-0.3663335;1.304624,-0.01726243;-0.2403899;1.454575,0.05369471;-0.03431776;1.529317,0.2109136;0.006633;1.538619,0.1782348;-0.4584377;1.459911,0
300,-13876;-22848;-8624,2969;5014;-25264,0.2043196;0.2368278;1.561485,-0.05359787;-0.4255721;1.152009,-0.03230327;-0.3618347;1.303491,-0.01735961;-0.2401826;1.453579,0.053707;-0.03427917;1.529269,0.2110854;0.006405971;1.538091,0.1781521;-0.4583351;1.459647,0
332,-11664;-19612;-8364,2853;5166;-27036,0.2043478;0.2367973;1.561389,-0.05530643;-0.4204361;1.136945,-0.03207509;-0.3599112;1.305566,-0.01735724;-0.2401822;1.453494,0.05370867;-0.03432912;1.52929,0.2110562;0.006960192;1.538046,0.1781087;-0.4583268;1.459661,0
370,-10332;-16488;-8544,4296;5329;-27711,0.204377;0.2368457;1.561386,-0.05189158;-0.418289;1.141064,-0.03199978;-0.3592885;1.305945,-0.01753796;-0.239943;1.454227,0.05373206;-0.03433586;1.529293,0.2110587;0.007450249;1.538012,0.178085;-0.4583274;1.459681,0
400,-8148;-13640;-7936,5984;5412;-27918,0.2044669;0.2369219;1.56143,-0.05104828;-0.4015822;1.135684,-0.03578438;-0.3526114;1.303144,-0.01805649;-0.2393167;1.456006,0.05377004;-0.03435657;1.529354,0.2110851;0.007936098;1.538095,0.1779666;-0.4582831;1.459925,0
433,-5236;-11104;-6396,4280;6056;-27779,0.2045762;0.2369637;1.561376,-0.04981392;-0.3786376;1.129507,-0.03762234;-0.3463943;1.300033,-0.0182689;-0.2383606;1.456665,0.05377925;-0.03439239;1.529342,0.2110666;0.008307477;1.538064,0.1778758;-0.4582822;1.459957,0
467,-1628;-9268;-4940,5100;4879;-26549,0.2048357;0.2371719;1.561581,-0.05351716;-0.344393;1.107145,-0.03917526;-0.3356579;1.297482,-0.01897852;-0.2354009;1.459368,0.05378557;-0.03437913;1.529368,0.2113733;0.008050435;1.537778,0.1778304;-0.4582304;1.459983,0
500,1736;-6548;-3460,6002;4347;-24585,0.2049446;0.2372291;1.561753,-0.05472499;-0.3101151;1.109157,-0.04133193;-0.3257768;1.296192,-0.01989329;-0.2319974;1.46195,0.05377693;-0.03438222;1.529414,0.2115735;0.007935822;1.537492,0.1777665;-0.4582025;1.460057,0
533,4572;-5240;-1220,6295;2890;-22197,0.204987;0.2372294;1.56174,-0.05545997;-0.2718663;1.094582,-0.04881677;-0.2554748;1.274151,-0.02140094;-0.2285322;1.462862,0.0534131;-0.03486503;1.529137,0.211483;0.008356478;1.537307,0.1775894;-0.4583386;1.459806,0
569,7368;-4052;-1020,10424;1230;-19015,0.2057983;0.237991;1.563249,-0.05558254;-0.2355306;1.058041,-0.03952235;-0.2224088;1.210073,-0.02181367;-0.2227256;1.466641,0.05338763;-0.03489775;1.52918,0.2115321;0.008184959;1.53717,0.1775588;-0.4583771;1.459865,0
602,9116;-1396;-276,8674;194;-18278,0.2061709;0.2382585;1.563612,-0.05681551;-0.1996063;1.049556,-0.03816918;-0.1867841;1.159946,-0.006131899;-0.1617048;1.393232,0.05335107;-0.03491801;1.529248,0.211583;0.00810878;1.537128,0.1774688;-0.4583102;1.460027,0
633,11668;1504;1000,6043;-109;-16800,0.2063906;0.2384302;1.563875,-0.05645438;-0.1619616;1.048466,-0.03900404;-0.168603;1.156113,-0.006265035;-0.1567277;1.388814,0.05322964;-0.03474659;1.529497,0.2115322;0.007961622;1.537021,0.177349;-0.4584171;1.46017,0
667,13268;4008;1208,7003;-3055;-13523,0.2067753;0.238987;1.565053,-0.055253;-0.1247402;1.050026,-0.05069277;-0.1515019;1.139245,-0.007546927;-0.148101;1.382113,0.0530323;-0.0345209;1.529695,0.2114976;0.00791138;1.53707,0.1771895;-0.4584868;1.460684,0
700,15572;6804;-852,3683;-3722;-11186,0.2073732;0.2395289;1.565982,-0.05597365;-0.09104778;1.054341,-0.05564736;-0.1284076;1.128795,-0.008247978;-0.1451077;1.381026,0.05219476;-0.03363233;1.530377,0.2115693;0.007920447;1.537292,0.1775928;-0.4582699;1.460714,0
732,16668;4872;-728,2761;-3626;-7967,0.2077756;0.2400025;1.567375,-0.05487255;-0.05296122;1.049801,-0.06313365;-0.1256929;1.178936,-0.02571652;-0.185396;1.426276,0.05209532;-0.03364864;1.530274,0.2116173;0.007887919;1.537139,0.1778631;-0.4581327;1.460264,0
767,17624;4968;-2332,5303;-3117;-5865,0.2082995;0.2408407;1.569563,-0.05255276;-0.0169181;1.054909,-0.06546798;-0.1132868;1.182977,-0.02684708;-0.1834232;1.427368,0.05197139;-0.03370994;1.530255,0.2116047;0.008731889;1.537812,0.1781498;-0.4581269;1.460428,0
803,17696;3800;-1516,2657;-1271;-4611,0.2084193;0.2412751;1.571345,-0.05266216;0.009628453;1.06268,-0.05663898;-0.06814656;1.189208,-0.03381934;-0.1773635;1.420873,0.05187063;-0.03372477;1.530161,0.2119324;0.008699493;1.538314,0.1780858;-0.4584655;1.460789,0
833,17156;2196;-1528,2363;-1280;-3497,0.2084964;0.2412542;1.571422,-0.05115241;0.03741232;1.069458,-0.05866021;-0.0596039;1.191719,-0.03527709;-0.1735267;1.421034,0.051793;-0.0337292;1.530108,0.2118508;0.009184103;1.538549,0.1773844;-0.4589249;1.461689,0
867,17176;2320;-1732,146;-704;-3925,0.2086254;0.2414045;1.571524,-0.05022176;0.06280939;1.079616,-0.06070161;-0.03698173;1.191753,-0.04523534;-0.1637993;1.414849,0.05174694;-0.03371866;1.530007,0.2117448;0.009664652;1.538921,0.176845;-0.4590981;1.462413,0
899,17232;-744;-1332,2216;-1228;-2522,0.2086827;0.2414269;1.571464,-0.04771899;0.08745378;1.090129,-0.06128686;-0.01998037;1.194435,-0.04505642;-0.1553762;1.412331,0.05170149;-0.03366267;1.529905,0.2116455;0.01014699;1.539216,0.1766803;-0.459083;1.462615,0
935,17936;148;-2868,444;-1023;-3117,0.2089385;0.2415946;1.571504,-0.04546299;0.1130397;1.102561,-0.06400233;0.01056292;1.186423,-0.05267316;-0.1394583;1.394757,0.05171863;-0.03364219;1.529917,0.2118167;0.009898632;1.539795,0.1767277;-0.4590764;1.462786,0
967,17164;1624;-2208,1356;-849;-3119,0.2094687;0.2416125;1.570799,-0.04526114;0.1366391;1.113498,-0.06480348;0.02859355;1.191107,-0.05603178;-0.1348791;1.389059,0.05176802;-0.03361252;1.529858,0.211863;0.01031703;1.539961,0.1772868;-0.4589929;1.462561,0
1000,17664;1852;-3060,2085;393;-739,0.2108897;0.2408188;1.568409,-0.04378913;0.1576125;1.125416,-0.063526;0.1067982;1.162044,-0.0684474;-0.06960855;1.299885,0.05186679;-0.03364655;1.529717,0.2118854;0.0108;1.54025,0.1780406;-0.4589316;1.462197,0
1036,17852;3324;-2332,3125;105;-315,0.2118215;0.2403152;1.567239,-0.04616873;0.1688659;1.13991,-0.06459549;0.1085784;1.170128,-0.0715983;-0.08303154;1.3405,0.05194267;-0.03362601;1.529633,0.2119874;0.01115123;1.540344,0.1785641;-0.4589263;1.461836,0
1067,17728;4408;-2816,3286;1216;1206,0.2146327;0.2390953;1.562457,-0.04620295;0.1803949;1.148656,-0.06633631;0.1158373;1.181882,-0.07191218;-0.08198804;1.340056,0.05206812;-0.03343546;1.529075,0.2121357;0.01106991;1.54042,0.1789017;-0.4588098;1.461406,0
1099,17088;4648;-1456,1367;851;2146,0.2149125;0.2384694;1.561173,-0.04601838;0.1929103;1.15891,-0.06681218;0.1229891;1.190641,-0.07224891;-0.07997515;1.342008,0.05220393;-0.03344361;1.528795,0.2122872;0.01099278;1.540571,0.179158;-0.4587598;1.461255,0
1133,17220;5068;-1816,3009;1028;5214,0.2153489;0.2373134;1.559659,-0.04478278;0.2044313;1.165375,-0.06693445;0.1311378;1.197164,-0.0725818;-0.07702808;1.345755,0.05251649;-0.03291093;1.529302,0.2123415;0.01132056;1.540727,0.179278;-0.4587227;1.461226,0
1166,16244;4712;-1460,2917;1306;7201,0.2154887;0.2372409;1.559406,-0.04364961;0.2104712;1.168913,-0.06588208;0.1337499;1.202385,-0.07275721;-0.07560472;1.349534,0.05284245;-0.03195899;1.530096,0.2127836;0.01134055;1.541283,0.1796272;-0.458542;1.461191,0
1200,15632;4120;-1464,4729;1560;9613,0.2164094;0.2380678;1.560765,-0.04363893;0.2130264;1.170364,-0.06545345;0.1341419;1.206498,-0.07157268;-0.07464905;1.354482,0.05292525;-0.03170088;1.530325,0.2127953;0.01170797;1.541286,0.1797486;-0.4582478;1.460987,0
1234,15296;2404;-512,4829;2143;12301,0.2168397;0.2381768;1.561437,-0.04246833;0.2150609;1.174082,-0.06517369;0.135532;1.209893,-0.07195668;-0.07397118;1.356781,0.05314478;-0.03100209;1.53112,0.2128899;0.01209975;1.541577,0.1799092;-0.4581801;1.461023,0
1268,13388;2644;-488,3149;2654;13367,0.2174431;0.2379302;1.562346,-0.04126211;0.2150843;1.173008,-0.06494649;0.1337453;1.213645,-0.07117884;-0.07436364;1.36258,0.0533402;-0.03070572;1.531933,0.2129607;0.01241779;1.541947,0.1799665;-0.4580976;1.46117,0
1300,12312;2232;-712,1401;3286;15360,0.2182197;0.2381033;1.562926,-0.04040804;0.2143418;1.172116,-0.06471813;0.1333898;1.215194,-0.07082632;-0.07403936;1.365104,0.0534269;-0.03034393;1.532331,0.2129208;0.01260502;1.542119,0.180018;-0.4579933;1.461247,0
1333,9972;-764;-404,-5915;4340;17283,0.2202017;0.2354321;1.559805,-0.03967973;0.2120083;1.167645,-0.06464827;0.1334984;1.21504,-0.07082189;-0.07382842;1.365093,0.05352674;-0.03008061;1.532786,0.2129579;0.01283918;1.542307,0.1800796;-0.457801;1.461223,0
1367,8084;-2236;-636,-8933;2311;18264,0.2203462;0.2355885;1.560308,-0.03819207;0.2094513;1.164029,-0.06445287;0.1335159;1.214527,-0.07113636;-0.07384209;1.364516,0.05366184;-0.02989705;1.532976,0.212947;0.01295697;1.542343,0.180135;-0.4576827;1.461074,0
1399,5212;-5944;-2208,-2447;2162;21270,0.2204824;0.2354415;1.560075,-0.03849949;0.2049439;1.163408,-0.06383576;0.1329485;1.213365,-0.07108007;-0.07386295;1.364113,0.05374373;-0.03000692;1.532627,0.2136002;0.01251415;1.543186,0.1803303;-0.4576559;1.461036,0
1435,2564;-10344;-2012,-3608;2242;22737,0.2223274;0.2340342;1.557776,-0.03807698;0.200836;1.158912,-0.06314854;0.1331889;1.210747,-0.07116371;-0.07345559;1.361702,0.05378592;-0.03009761;1.532181,0.2135086;0.01265552;1.543184,0.1803942;-0.4575847;1.460972,0
1468,1000;-10908;-2780,-5654;3578;22650,0.2224452;0.234546;1.558482,-0.03729722;0.1981036;1.156615,-0.06259266;0.1318835;1.208447,-0.07118096;-0.07398522;1.360476,0.05387018;-0.0302183;1.5318,0.2137599;0.01251346;1.543442,0.1804834;-0.4575479;1.46092,0
1500,-2380;-12948;-3560,-311;2837;22981,0.2226801;0.2345164;1.55832,-0.03759276;0.1935573;1.154721,-0.06206389;0.1294568;1.205661,-0.07127974;-0.07469235;1.360045,0.05388597;-0.03025187;1.531751,0.2136948;0.01277754;1.543591,0.1805896;-0.4575836;1.46111,0
1533,-5320;-19008;-2168,-4488;2466;23631,0.2226222;0.2349999;1.559752,-0.03852767;0.1876084;1.152893,-0.06219751;0.12524;1.200828,-0.07181486;-0.07666986;1.358226,0.05395216;-0.03037174;1.531604,0.2141058;0.01255604;1.544511,0.1807481;-0.4575643;1.461261,0
1566,-9336;-15188;-4124,-5862;2341;21425,0.2224972;0.2350802;1.559485,-0.03982913;0.1800337;1.146288,-0.06257454;0.1180506;1.196046,-0.07103126;-0.08025897;1.358186,0.05397466;-0.03028709;1.531615,0.2141559;0.01252726;1.544533,0.1808072;-0.4575337;1.461122,0
1599,-10152;-17424;-3776,-5106;1401;20341,0.2223824;0.2352489;1.559686,-0.03983596;0.1744065;1.143504,-0.06360698;0.1108285;1.193045,-0.07014405;-0.08424783;1.359277,0.05397974;-0.03018587;1.531649,0.2140663;0.01281496;1.544365,0.1808507;-0.4574346;1.461123,0
1634,-11804;-20784;-3636,-6779;-412;20265,0.2233658;0.2370693;1.562317,-0.03932982;0.169182;1.139102,-0.06348761;0.1085197;1.190511,-0.0716906;-0.08719056;1.355924,0.05400334;-0.02997098;1.531852,0.2140125;0.01302717;1.54429,0.1809898;-0.4572666;1.461085,0
1669,-14224;-22916;-3460,-3997;-2652;18675,0.2235048;0.2373925;1.562691,-0.04099185;0.1601903;1.135255,-0.06345409;0.1025272;1.187339,-0.07029188;-0.08992967;1.356701,0.0539975;-0.02995179;1.531877,0.2139803;0.01316814;1.544165,0.1810338;-0.4572491;1.461012,0
1699,-13604;-23176;-5128,-3003;-3915;13728,0.2237647;0.2376417;1.563082,-0.04223838;0.1509888;1.132718,-0.06061916;0.06350859;1.214493,-0.0606815;-0.1266784;1.386624,0.05395692;-0.02962214;1.532269,0.2139472;0.01329702;1.544101,0.1810769;-0.4572357;1.461035,0
1734,-13236;-26740;-4604,-847;-3802;9919,0.2245179;0.2394036;1.565309,-0.04325373;0.1403231;1.126532,-0.07063901;0.04619462;1.198269,-0.06052293;-0.1274663;1.387117,0.05397464;-0.0296121;1.532398,0.2138956;0.01340717;1.544015,0.1810856;-0.4572285;1.461039,0
1766,-12152;-22340;-4240,-1307;-3610;5372,0.2246818;0.2406067;1.567558,-0.04457703;0.1280113;1.121694,-0.07229074;0.01132377;1.215147,-0.06219328;-0.1331632;1.388525,0.05378977;-0.02986133;1.532185,0.2139153;0.01351103;1.54385,0.1811848;-0.457258;1.460939,0
1799,-12228;-27548;-9056,-2902;-2393;-1678,0.2245942;0.2415591;1.568981,-0.04441815;0.1136869;1.113954,-0.07190935;0.01078381;1.210041,-0.05702749;-0.1407363;1.398516,0.05361209;-0.03010299;1.531888,0.2138568;0.01357087;1.543669,0.1810515;-0.457303;1.460854,0
1834,-9444;-16388;-4748,-1758;1733;-5259,0.2245351;0.2417182;1.569193,-0.04413959;0.09636576;1.108895,-0.07154424;0.005167297;1.204639,-0.05532231;-0.1421843;1.402033,0.05351325;-0.03021188;1.531768,0.2137736;0.0136079;1.543532,0.1802013;-0.4574739;1.460977,0
1866,-8848;-10644;-3436,-1364;999;-218,0.2244899;0.2419223;1.569448,-0.04236195;0.0757217;1.10079,-0.07254647;-0.04151838;1.216481,-0.05279673;-0.148273;1.409312,0.05341826;-0.03025752;1.53175,0.2137986;0.01359246;1.543415,0.1806258;-0.4580429;1.460506,0
1900,-6568;-8440;-5728,-128;-2338;631,0.2245782;0.2423871;1.570348,-0.04016601;0.05230615;1.096242,-0.05888386;-0.02727083;1.19488,-0.04938142;-0.1556244;1.417421,0.05325407;-0.03027033;1.531785,0.2137846;0.01360311;1.543399,0.1804811;-0.4581057;1.460649,0
1932,-8248;-14384;-6976,881;-1956;-1061,0.2246802;0.2424593;1.5704,-0.03865046;0.02496265;1.088857,-0.05740889;-0.04101018;1.197194,-0.04518175;-0.1601594;1.424696,0.05325048;-0.03049275;1.531559,0.2138146;0.01361927;1.543335,0.180375;-0.4582253;1.460721,0
1966,-8892;-14792;-5704,5567;-526;-941,0.2250603;0.2436731;1.571809,-0.03835632;-0.004948704;1.081516,-0.04907906;-0.06915396;1.193119,-0.03913201;-0.1666775;1.430856,0.05365286;-0.03027941;1.532121,0.2138571;0.01370223;1.542914,0.180526;-0.4577217;1.460081,0
1999,-8684;-12908;-3944,3757;-36;-1214,0.2253927;0.2439952;1.572249,-0.03763792;-0.03845768;1.078561,-0.04780578;-0.09478121;1.197772,-0.03099393;-0.1789389;1.440199,0.0548875;-0.02917396;1.534709,0.2138792;0.01373729;1.542863,0.1808738;-0.4573899;1.46009,0
2033,-8856;-12528;-3996,-435;-585;-1231,0.2260503;0.2447502;1.573881,-0.03710828;-0.0773446;1.075275,-0.05704791;-0.1336858;1.185468,-0.0281879;-0.1918831;1.434314,0.05524649;-0.02870596;1.535672,0.2139092;0.01376537;1.542883,0.1806205;-0.4574035;1.460907,0
2068,-8444;-13324;-5080,-440;-526;-1311,0.2261961;0.2447753;1.57396,-0.0355047;-0.1154032;1.067791,-0.05800013;-0.1598102;1.180516,-0.03147681;-0.2427901;1.42249,0.05532707;-0.02840566;1.536551,0.2148789;0.01286615;1.543115,0.1801261;-0.4573856;1.461542,0
2101,-8416;-12904;-4732,1530;-114;-810,0.2262074;0.2447633;1.573947,-0.03431725;-0.1593795;1.064974,-0.06696733;-0.1933124;1.178959,-0.03731236;-0.2440461;1.429343,0.05516961;-0.0287763;1.536285,0.2154599;0.01220282;1.543105,0.1800338;-0.4574307;1.461588,0
2133,-8624;-12936;-4232,926;-405;-671,0.2261395;0.2447627;1.57398,-0.03423584;-0.2037198;1.0627,-0.03975667;-0.1836764;1.145149,-0.009163138;-0.1528972;1.398634,0.05489789;-0.0293857;1.535701,0.2153259;0.01239812;1.542768,0.1799113;-0.4567715;1.460962,0
2167,-8880;-12988;-4788,768;-502;-721,0.2261394;0.2447601;1.574193,-0.03348246;-0.248623;1.069081,-0.03210005;-0.2151369;1.157053,-0.004010501;-0.163986;1.407485,0.05486285;-0.0295985;1.535642,0.2153355;0.01248557;1.542765,0.1799108;-0.4565354;1.461131,0
2200,-8816;-12988;-4884,-75;-496;-1126,0.2262858;0.2449552;1.57563,-0.03504662;-0.2885373;1.071684,-0.02945751;-0.2581675;1.2315,-0.02068677;-0.2079815;1.483502,0.0550319;-0.02916523;1.536697,0.2159271;0.01199681;1.54232,0.1796921;-0.4561239;1.461082,0
2232,-8760;-12912;-5168,97;-357;-1116,0.2263025;0.2449645;1.575659,-0.03512803;-0.3274674;1.079363,-0.04987796;-0.2908979;1.289573,-0.0207312;-0.2186587;1.475672,0.0549461;-0.02970403;1.53599,0.2157499;0.01214301;1.542191,0.1793813;-0.4558946;1.460921,0
2265,-8476;-12980;-5132,1336;-181;-1084,0.226217;0.2449211;1.575995,-0.03696728;-0.3695036;1.099304,-0.04200555;-0.323552;1.313368,-0.0201356;-0.2216269;1.473965,0.05495965;-0.02991874;1.535787,0.2160759;0.0119091;1.542354,0.1789902;-0.4558384;1.461132,0
2302,-8612;-12816;-4816,1003;-389;-986,0.2259211;0.2449319;1.575981,-0.04236114;-0.3821498;1.105449,-0.04205086;-0.3292078;1.302531,-0.01871564;-0.225757;1.469528,0.0560705;-0.02623267;1.541584,0.2157844;0.01217475;1.541985,0.1782938;-0.4554318;1.460858,0
2336,-8680;-13016;-5088,371;-347;-1064,0.2253434;0.2445291;1.575449,-0.04342204;-0.4025683;1.108006,-0.04263696;-0.3380232;1.298481,-0.0170734;-0.2314686;1.462754,0.05608809;-0.02626844;1.541533,0.2160327;0.01175591;1.541396,0.1777051;-0.4554918;1.460339,0
2368,-8596;-12984;-4976,-159;-329;-1105,0.2248195;0.2438533;1.5748,-0.04597006;-0.422339;1.124304,-0.0400657;-0.3464323;1.303101,-0.01661058;-0.2321279;1.462437,0.05607656;-0.02725577;1.540588,0.2162053;0.01142792;1.541299,0.1776564;-0.4555523;1.460358,0
2400,-8668;-12832;-5280,-453;-260;-1154,0.2241054;0.2432901;1.574252,-0.03815502;-0.4007899;1.237377,-0.03774117;-0.3510943;1.307362,-0.01619191;-0.233062;1.46142,0.05589985;-0.02868302;1.537998,0.2163317;0.01087106;1.540805,0.1776133;-0.4556951;1.460097,0
2432,-8572;-13024;-5440,-353;-325;-1125,0.2233915;0.242759;1.57372,-0.05373239;-0.4418077;1.141939,-0.03359072;-0.357272;1.315359,-0.01579666;-0.2349389;1.461009,0.05595;-0.02938833;1.53717,0.2164644;0.01050736;1.540928,0.1777277;-0.4557823;1.460263,0
2466,-8540;-12952;-5720,762;-320;-1033,0.2228237;0.2424122;1.573253,-0.05720709;-0.4378971;1.137164,-0.03368933;-0.3592024;1.314426,-0.015721;-0.2369813;1.4598,0.05579163;-0.02995083;1.536353,0.2165475;0.01015867;1.540782,0.1777557;-0.4558115;1.460235,0
2501,-8612;-12856;-5580,1030;-466;-941,0.2222798;0.2422048;1.572556,-0.04001533;-0.4020743;1.244085,-0.0338017;-0.3597414;1.314228,-0.01553643;-0.2373842;1.459439,0.05576448;-0.03015391;1.536056,0.2165557;0.009852023;1.540657,0.1777557;-0.4558185;1.460214,0
2536,-8608;-12724;-5524,754;-512;-923,0.2217975;0.2415707;1.571265,-0.0604248;-0.4350542;1.140483,-0.03372737;-0.3604565;1.314537,-0.01562685;-0.2375708;1.459293,0.05570734;-0.03061532;1.535574,0.216586;0.009532717;1.540696,0.1777023;-0.4559012;1.460248,0
2570,-8688;-12880;-5868,1147;-556;-860,0.2214059;0.2416372;1.571197,-0.0607592;-0.4354423;1.142172,-0.03374535;-0.3606519;1.314501,-0.01572799;-0.237585;1.459105,0.0556116;-0.03093469;1.534967,0.2165886;0.009325764;1.540524,0.177689;-0.4560692;1.460163,0
2601,-8612;-12680;-5464,1489;-368;-969,0.220178;0.2410802;1.57008,-0.05959209;-0.4366542;1.144475,-0.03383438;-0.3617966;1.3148,-0.01567187;-0.2378751;1.458605,0.05555359;-0.03110572;1.534728,0.216504;0.009087681;1.540497,0.1776427;-0.4561293;1.460145,0
2646,-8688;-12880;-5444,697;-396;-966,0.2193778;0.2409303;1.569891,-0.05950494;-0.435291;1.146526,-0.03452612;-0.3645042;1.312836,-0.01586291;-0.2377433;1.458933,0.05553126;-0.03125079;1.534527,0.2164664;0.008809542;1.540399,0.1776257;-0.4561469;1.460112,0
2666,-8496;-12796;-5576,603;-352;-1004,0.2183376;0.2408422;1.570195,-0.057829;-0.4343716;1.146482,-0.03410236;-0.3638647;1.31421,-0.01584784;-0.2377854;1.458799,0.0553843;-0.03160052;1.534006,0.2163818;0.008561921;1.540122,0.1775286;-0.4562483;1.459852,0
2702,-8528;-12820;-5804,1116;-438;-973,0.2177459;0.2409239;1.570644,-0.0605012;-0.421307;1.178534,-0.03456772;-0.3656694;1.312855,-0.01617813;-0.2391366;1.458215,0.05534536;-0.03176449;1.533936,0.2163622;0.008360151;1.540195,0.1774898;-0.4563365;1.459949,0
2736,-8696;-12628;-5644,1442;-310;-944,0.2166989;0.240634;1.570704,-0.05642533;-0.4321092;1.147855,-0.03417764;-0.3644515;1.314697,-0.01633711;-0.2391185;1.458444,0.05518679;-0.03179511;1.534137,0.2163196;0.008193154;1.540136,0.1774736;-0.4563326;1.459927,0
2767,-8536;-12820;-5456,1153;-267;-1086,0.2163743;0.2406665;1.570897,-0.05832592;-0.4339848;1.147012,-0.03388324;-0.3648628;1.315897,-0.01649967;-0.2393918;1.458358,0.05510503;-0.03187254;1.534071,0.2158408;0.00864893;1.540134,0.1774344;-0.456366;1.45991,0
2798,-8604;-12868;-5692,701;-415;-983,0.2161042;0.2407234;1.571286,-0.05832413;-0.4340205;1.144931,-0.03370281;-0.3650442;1.31569,-0.01671774;-0.2394851;1.458118,0.05495322;-0.03209846;1.53366,0.2154121;0.009012213;1.53994,0.17731;-0.4564127;1.459455,0
2833,-8744;-12792;-5712,1251;-464;-804,0.2157675;0.2405822;1.571307,-0.05897071;-0.4339751;1.146138,-0.03354263;-0.3652912;1.315883,-0.0167431;-0.2394831;1.4581,0.05470126;-0.03220513;1.533928,0.2150994;0.009333245;1.539909,0.1772708;-0.4564342;1.459433,0
2865,-8644;-12700;-5436,1403;-460;-1167,0.2150293;0.2400026;1.571212,-0.05963156;-0.4349269;1.147244,-0.03469361;-0.3657782;1.313877,-0.01682663;-0.2395175;1.458069,0.05460582;-0.03235433;1.533698,0.2150861;0.008883866;1.539827,0.1772815;-0.4564611;1.459363,0
2901,-8620;-12900;-5776,1077;-513;-979,0.2143632;0.2398227;1.571617,-0.05998522;-0.4345557;1.146828,-0.0344437;-0.3649762;1.315553,-0.0168454;-0.2395137;1.45801,0.05470404;-0.03141328;1.535326,0.214795;0.009274076;1.539861,0.1772385;-0.456445;1.459379,0
2934,-8600;-12592;-5648,1123;-275;-1118,0.21382;0.2397706;1.572637,-0.06174855;-0.4351818;1.148638,-0.03410789;-0.3655254;1.315496,-0.01721868;-0.2397687;1.457748,0.05463438;-0.03155017;1.53516,0.2145338;0.009565669;1.539888,0.1772373;-0.4564428;1.459382,1
2968,-8580;-12756;-5872,805;-110;-1105,0.2134142;0.2398389;1.573606,-0.06185328;-0.4365457;1.149987,-0.03521746;-0.3669516;1.313574,-0.01740214;-0.240143;1.457406,0.05456636;-0.03169449;1.534961,0.2146;0.009208441;1.540084,0.1772502;-0.4564791;1.459476,1
3001,-8616;-12868;-5724,447;-228;-1159,0.2130191;0.2397522;1.57394,-0.06332915;-0.4297252;1.162992,-0.03435613;-0.3660858;1.315173,-0.0174721;-0.2401383;1.457444,0.05426127;-0.03156629;1.535331,0.2146264;0.009049467;1.540138,0.1772607;-0.4564223;1.459494,1
3036,-8604;-12788;-5964,710;-355;-1064,0.2129836;0.2397389;1.574068,-0.0635522;-0.4377561;1.146614,-0.03540286;-0.3679534;1.311242,-0.01758653;-0.2404909;1.456431,0.05421901;-0.03201814;1.534729,0.2143157;0.009376837;1.540029,0.1772521;-0.4564403;1.459381,1
3066,-8520;-12536;-5636,854;-193;-1116,0.2122259;0.239978;1.575171,-0.06528255;-0.4303038;1.163069,-0.03558221;-0.3685167;1.310514,-0.01762014;-0.240447;1.456339,0.05421713;-0.03226241;1.534439,0.2142009;0.009656601;1.540079,0.1772671;-0.4564504;1.459407,1
3103,-8504;-12864;-5844,831;-177;-995,0.2121161;0.2399832;1.5753,-0.06525026;-0.4287634;1.164774,-0.03546857;-0.3665175;1.313076,-0.01773852;-0.2404785;1.456146,0.05419048;-0.03226848;1.534304,0.2142525;0.009471601;1.540034,0.1772675;-0.4564461;1.459419,1
3135,-8572;-12760;-5828,152;-272;-1076,0.2119875;0.2397806;1.575171,-0.06515279;-0.4300892;1.160733,-0.03491163;-0.3658653;1.313792,-0.0177984;-0.2402707;1.456163,0.05415395;-0.03229263;1.534128,0.2142316;0.00910192;1.539955,0.1772621;-0.4564425;1.459388,1
3171,-8516;-12796;-6116,374;-130;-1010,0.2120392;0.2399029;1.575351,-0.0650709;-0.4323409;1.161591,-0.03471754;-0.3661617;1.314051,-0.0177954;-0.2402685;1.456165,0.05416125;-0.03236919;1.534007,0.2140555;0.009370918;1.540005,0.1772605;-0.4564456;1.45939,1
3200,-8500;-12668;-6276,1065;-148;-996,0.2119984;0.2399384;1.575414,-0.06536372;-0.4313652;1.163775,-0.03468217;-0.3665243;1.313992,-0.01790037;-0.2403613;1.455868,0.05421376;-0.03173438;1.535162,0.2142191;0.009044242;1.539946,0.1772498;-0.4563867;1.459408,1
3235,-8556;-12928;-6316,1209;-488;-893,0.2120543;0.2399066;1.574939,-0.06509849;-0.4324556;1.162351,-0.03491348;-0.3667443;1.313142,-0.01803634;-0.2403247;1.455714,0.05424964;-0.03148927;1.535622,0.21406;0.00927896;1.539925,0.1772761;-0.4563333;1.459401,1
3266,-8560;-12572;-6080,1332;-593;-1044,0.2123828;0.2402688;1.575457,-0.06516985;-0.4302636;1.165593,-0.03492716;-0.3662225;1.314905,-0.01850459;-0.2401727;1.456932,0.05425943;-0.03160098;1.535525,0.2143089;0.00895272;1.540254,0.1773938;-0.4564578;1.459755,1
3299,-8388;-12904;-6108,1888;-342;-860,0.2125115;0.2402779;1.575342,-0.06510394;-0.4298524;1.165604,-0.03458812;-0.36663;1.315368,-0.01850891;-0.2401102;1.45699,0.05424645;-0.03163715;1.535458,0.214453;0.008677016;1.540437,0.1773871;-0.4564582;1.460183,1
3332,-8484;-12724;-5940,1681;-214;-929,0.2125115;0.2402799;1.575427,-0.06513226;-0.4298509;1.168244,-0.03440137;-0.3669072;1.315556,-0.01854325;-0.2401433;1.456972,0.0542124;-0.03173338;1.535298,0.2145525;0.008516449;1.540491,0.1774411;-0.4564748;1.460278,1
3367,-8480;-12888;-5936,2182;93;-775,0.2125345;0.240305;1.575346,-0.06397454;-0.4283062;1.17147,-0.03521189;-0.367219;1.312836,-0.018502;-0.2403947;1.456333,0.05416567;-0.03179149;1.535112,0.2146359;0.008246901;1.540463,0.1774553;-0.4564598;1.460261,1
3400,-8396;-12780;-5812,1724;408;-692,0.2125384;0.2403014;1.575369,-0.06520741;-0.4296597;1.173204,-0.03414435;-0.3674435;1.315459,-0.01842993;-0.2403101;1.456536,0.05416748;-0.03185562;1.53506,0.2143889;0.008684373;1.540641,0.1774962;-0.456493;1.460371,1
3435,-8500;-12828;-6032,1554;130;-650,0.2125422;0.2403349;1.575424,-0.06384677;-0.4394249;1.147949,-0.03446067;-0.3672526;1.315411,-0.01845901;-0.2402832;1.456611,0.05416466;-0.0319086;1.534987,0.2144788;0.008412311;1.540844,0.1774905;-0.456534;1.460493,1
3467,-8696;-12460;-5440,1238;570;-690,0.2125521;0.2403207;1.575305,-0.06525394;-0.4283728;1.166098,-0.03408375;-0.3672833;1.315586,-0.01845525;-0.2401295;1.456654,0.05414832;-0.03201663;1.53477,0.2143107;0.00877274;1.540782,0.1775517;-0.4565903;1.460453,1
3500,-8464;-12888;-6108,-645;119;-906,0.2125319;0.2403184;1.575319,-0.06543927;-0.4296213;1.168796,-0.03532248;-0.367889;1.313716,-0.01846281;-0.2401256;1.456667,0.05417095;-0.0321928;1.534644,0.2141204;0.009072672;1.540867,0.177649;-0.4566687;1.460566,1
3533,-8472;-12928;-6224,-2199;633;-1369,0.2126661;0.2400145;1.574095,-0.06308614;-0.4393059;1.141576,-0.03570339;-0.3689469;1.310331,-0.01854671;-0.2398285;1.456072,0.05418579;-0.03256947;1.534014,0.2139961;0.00932128;1.540628,0.1775414;-0.4566832;1.460215,1
3568,-9304;-13468;-7000,-3341;492;-866,0.2127769;0.2400869;1.574112,-0.06539498;-0.431451;1.156153,-0.03615698;-0.3694287;1.30882,-0.0185008;-0.2398402;1.45593,0.05419666;-0.03260304;1.533871,0.2141427;0.008921868;1.540589,0.1775571;-0.4566766;1.460214,1
3600,-9556;-14068;-6068,-1666;1622;-2192,0.2127137;0.2402044;1.573987,-0.0645313;-0.4318083;1.154643,-0.03619669;-0.369383;1.307604,-0.01862053;-0.2392762;1.455526,0.05418715;-0.0328914;1.533409,0.2140364;0.009316203;1.54034,0.1774971;-0.4566315;1.459878,1
3637,-9776;-15116;-3080,7174;163;-1321,0.2127376;0.2403064;1.573986,-0.06560829;-0.430341;1.162917,-0.03436321;-0.3664278;1.314508,-0.01862607;-0.2392548;1.455548,0.05419647;-0.03291444;1.53338,0.2141954;0.008988743;1.540617,0.1775849;-0.4567223;1.460264,1
3666,-9612;-12296;-5112,7429;-980;-1058,0.2127597;0.24033;1.574013,-0.06464509;-0.4288293;1.168893,-0.03365467;-0.3669519;1.314915,-0.01863213;-0.2392436;1.455522,0.05445378;-0.0319874;1.534961,0.2143345;0.008790516;1.540729,0.1776212;-0.4565512;1.460403,1
3702,-9204;-11820;-4612,5804;-1782;-1728,0.2128514;0.2404701;1.574132,-0.06304327;-0.4291537;1.169424,-0.03367219;-0.3664213;1.314311,-0.01861451;-0.2391265;1.455313,0.05444383;-0.03212715;1.534606,0.2144377;0.008630577;1.540686,0.1776402;-0.4565103;1.460337,1
3734,-7780;-8488;-5840,3614;-3559;-121,0.2128828;0.2405112;1.57418,-0.06607833;-0.4285257;1.166203,-0.03364437;-0.366463;1.314331,-0.01856394;-0.2390532;1.45522,0.054446;-0.03213803;1.534591,0.2146114;0.008500187;1.54086,0.1776617;-0.4564966;1.46043,1
3765,-6224;-9836;-8752,-2117;-2906;-366,0.2129424;0.2408087;1.574772,-0.06467629;-0.4301622;1.164347,-0.03430784;-0.3644966;1.313326,-0.01833715;-0.2376902;1.455421,0.05445351;-0.03212539;1.534575,0.2147459;0.008363378;1.541089,0.1776842;-0.4564822;1.46048,1
3797,-6488;-12668;-9804,-8671;-1557;-3748,0.2129817;0.2408464;1.574761,-0.06454566;-0.434744;1.163292,-0.0363219;-0.4071028;1.281308,-0.01818324;-0.2363276;1.453198,0.05443197;-0.03211687;1.534369,0.2148226;0.008268378;1.540903,0.1776552;-0.4564275;1.460386,1
3834,-7272;-14536;-7932,-4951;-2659;-5495,0.2130418;0.2412552;1.575204,-0.0656423;-0.4237998;1.144597,-0.03528566;-0.3569335;1.306361,-0.01807867;-0.2347757;1.451887,0.05442781;-0.03217755;1.53433,0.2146052;0.00886933;1.540923,0.1776588;-0.4563615;1.460385,1
3867,-7780;-15504;-7276,1789;-2216;-3103,0.2134365;0.2407836;1.573637,-0.06113615;-0.4274053;1.139532,-0.03381694;-0.4024557;1.268616,-0.01780039;-0.2328343;1.450282,0.05443251;-0.03218921;1.534322,0.2146923;0.008764251;1.541036,0.1776458;-0.4563521;1.460391,1
3899,-7900;-14516;-6944,2482;-445;-948,0.2138151;0.2408977;1.572311,-0.06659023;-0.39301;1.119797,-0.04556906;-0.340249;1.27767,-0.01783549;-0.230124;1.447706,0.05435391;-0.03210818;1.534066,0.2147946;0.008620666;1.540686,0.177425;-0.4560505;1.459849,1
3934,-7648;-13616;-7408,3236;1089;-569,0.2139902;0.2404664;1.571072,-0.06533565;-0.3754165;1.119424,-0.04701037;-0.3290259;1.272891,-0.01782449;-0.2286111;1.447531,0.05435412;-0.03211484;1.534078,0.2147986;0.008616439;1.540693,0.1774446;-0.4559508;1.459924,1
3965,-7812;-12716;-5616,3854;1475;-682,0.2141067;0.2406005;1.571067,-0.06942556;-0.3412374;1.073513,-0.04835272;-0.294992;1.272158,-0.01826313;-0.2231998;1.44992,0.05433642;-0.0321091;1.534073,0.2147996;0.008626438;1.540687,0.1772564;-0.4557196;1.459997,1
3998,-7584;-11336;-5180,5810;-189;-827,0.2140869;0.2407414;1.571089,-0.07078742;-0.3062805;1.067628,-0.04817482;-0.2762176;1.273893,-0.01998187;-0.2072958;1.453676,0.05428122;-0.03186014;1.534852,0.2148211;0.008649007;1.540738,0.1771907;-0.4557826;1.46011,1
4035,-7816;-11160;-4776,906;-1311;-1965,0.2143075;0.2415718;1.573117,-0.07236657;-0.2675615;1.053781,-0.04904002;-0.2532084;1.27286,-0.01972248;-0.2012206;1.455737,0.05325375;-0.03142342;1.537343,0.2148838;0.008813826;1.542062,0.1770532;-0.4558853;1.46129,1
4068,-8192;-13544;-5424,-2276;-2860;-3284,0.214688;0.2422092;1.573768,-0.07416673;-0.2233953;1.03872,-0.04973984;-0.2356325;1.272941,-0.02043431;-0.1896655;1.457506,0.05308621;-0.03149812;1.537112,0.2144555;0.009475837;1.54207,0.1770792;-0.4558962;1.4613,1
4102,-7772;-13948;-6336,-3117;-2490;-3306,0.2146904;0.2422256;1.573782,-0.0787499;-0.1799646;1.023299,-0.04982573;-0.1897343;1.205193,-0.01269517;-0.1401213;1.387408,0.05301537;-0.03162824;1.536723,0.2144012;0.009454291;1.542148,0.1772313;-0.4562222;1.461341,1
4134,-7388;-14152;-6724,-1366;-1618;-1958,0.2149124;0.2431828;1.575135,-0.08297861;-0.1309594;1.013185,-0.05690002;-0.1233881;1.13702,-0.01551378;-0.1211296;1.375185,0.05291973;-0.03185678;1.536288,0.2141927;0.01002071;1.542362,0.1773723;-0.4567241;1.462123,1
4167,-7456;-13836;-6676,134;-906;-1047,0.2149277;0.2431982;1.575101,-0.08521891;-0.08513412;1.003122,-0.06850382;-0.1025714;1.118256,-0.01662137;-0.1088743;1.370057,0.0529594;-0.03137428;1.536979,0.2140274;0.01053075;1.542475,0.1778638;-0.4568476;1.462124,1
4199,-7196;-12996;-6600,1435;-443;-1115,0.2149025;0.2432502;1.575129,-0.08502728;-0.03565298;1.001615,-0.07053665;-0.07258223;1.122996,-0.01822602;-0.09201393;1.363788,0.05305362;-0.03130746;1.537153,0.2138155;0.01090587;1.542567,0.1780859;-0.4568591;1.462128,1
4233,-7256;-13196;-6372,759;-947;-1274,0.2149855;0.2432457;1.575076,-0.08521199;0.008043434;1.009454,-0.07104287;-0.03110143;1.120308,-0.02008387;-0.08077568;1.360911,0.05310488;-0.03131614;1.537172,0.2136376;0.01123326;1.542624,0.178447;-0.4567731;1.461972,1
4266,-7284;-13160;-6392,675;-904;-1324,0.214938;0.2433151;1.575163,-0.08306791;0.05255077;1.017416,-0.06987891;0.0109747;1.117701,-0.02128016;-0.06709946;1.357845,0.05329904;-0.03136719;1.536953,0.2137052;0.01120545;1.542787,0.1787;-0.456658;1.461847,1
4303,-7320;-13328;-6424,-5;-782;-1238,0.2149356;0.2433343;1.575064,-0.08077401;0.08926379;1.031634,-0.084957;-0.02839663;1.192379,-0.04394523;-0.1224823;1.393713,0.05341183;-0.03128852;1.536889,0.213698;0.01112437;1.542885,0.1787212;-0.4568091;1.461861,1
4332,-7384;-13392;-6780,134;-422;-978,0.2148516;0.2432173;1.574539,-0.07704411;0.1301576;1.04017,-0.08282591;0.03432957;1.158196,-0.05296689;-0.08928621;1.363608,0.05358884;-0.03109868;1.5365,0.2135605;0.01143447;1.542876,0.178918;-0.4568287;1.461739,1
4367,-7356;-14124;-7056,578;538;-931,0.2148887;0.2433492;1.574556,-0.07441629;0.1549093;1.058729,-0.08108968;0.08637927;1.142789,-0.0587155;-0.06925081;1.345946,0.05381262;-0.0306694;1.53594,0.2135883;0.01142154;1.54294,0.1789464;-0.4568931;1.461707,1
4399,-7560;-14444;-7772,1313;1315;-1323,0.2149211;0.2434026;1.574609,-0.07218499;0.1788216;1.081139,-0.07955319;0.1017727;1.148599,-0.06000746;-0.06206835;1.345384,0.05406828;-0.03022056;1.5352,0.2135666;0.0113054;1.543233,0.1789476;-0.4569841;1.461805,1
4432,-8792;-20992;-11624,11274;4049;-160,0.2149021;0.2433173;1.5744,-0.06754533;0.2074375;1.090275,-0.07740486;0.1176249;1.160362,-0.05989333;-0.05532018;1.349221,0.05419102;-0.029995;1.535059,0.2137068;0.01122955;1.543502,0.1789631;-0.4571068;1.461918,1
4467,-8716;-23872;-12156,9183;8555;-7132,0.2151384;0.2433682;1.574503,-0.06235432;0.2352957;1.099454,-0.07597387;0.1323514;1.171472,-0.06066346;-0.04958465;1.351666,0.05438523;-0.02970521;1.534755,0.2136901;0.01116358;1.54382,0.1789538;-0.4571419;1.461965,1
4500,-8552;-22632;-11820,-150;12586;-18535,0.215175;0.2433482;1.574445,-0.05920294;0.2488285;1.11437,-0.07531416;0.1433061;1.183033,-0.06045885;-0.04273082;1.35887,0.05454127;-0.02945033;1.534502,0.2137142;0.01114648;1.543956,0.1789649;-0.4571686;1.461961,1
4537,-8620;-24112;-10260,7597;13677;-22458,0.2156056;0.2435877;1.575345,-0.05357696;0.2663356;1.12584,-0.074035;0.1531109;1.194345,-0.0605617;-0.03798636;1.364586,0.05480244;-0.02893548;1.534322,0.2140712;0.01091626;1.545071,0.1790953;-0.4572697;1.462305,1
4566,-6604;-19744;-8412,7516;15510;-26651,0.2164529;0.2439071;1.575904,-0.05096361;0.269468;1.135329,-0.07391585;0.1603948;1.200433,-0.06258667;-0.0205216;1.360173,0.05491176;-0.02878206;1.53419,0.2141517;0.01090944;1.545563,0.179139;-0.4573487;1.462343,1
4600,-3528;-16380;-4264,9441;12891;-27504,0.2164804;0.2438584;1.57603,-0.04844538;0.2732018;1.146379,-0.07269069;0.1619532;1.210354,-0.06285167;-0.01734144;1.361421,0.0550496;-0.02864724;1.534104,0.2140756;0.01128204;1.545532,0.1791831;-0.457409;1.462344,1
4633,-48;-12040;-3148,5796;11001;-25890,0.2168996;0.2442742;1.576822,-0.04563407;0.2766325;1.153614,-0.07135154;0.1638141;1.215339,-0.0631115;-0.0154121;1.36214,0.05518633;-0.02817004;1.533928,0.2139285;0.01164389;1.545455,0.1792047;-0.4574054;1.462319,1
4668,3644;-9960;-2104,5600;9019;-23097,0.2172085;0.2442508;1.57703,-0.04289777;0.2789746;1.161113,-0.07000804;0.1641211;1.223334,-0.06322333;-0.01370818;1.364122,0.05528883;-0.02792929;1.53381,0.213868;0.01204568;1.545552,0.1797313;-0.4572828;1.462376,1
4700,7116;-8476;-668,6674;7561;-18870,0.2173647;0.2443159;1.577178,-0.04040974;0.2800583;1.164397,-0.06924101;0.1637439;1.226261,-0.06339488;-0.01290571;1.364497,0.05532278;-0.02768029;1.533705,0.2137973;0.0122941;1.54546,0.1801108;-0.4571016;1.461953,1
4734,9208;-7968;-1356,4770;6809;-15232,0.2182579;0.2446719;1.57827,-0.03749108;0.2825323;1.167896,-0.05189716;0.1982794;1.220154,-0.06363384;-0.01234286;1.364551,0.05533883;-0.02745544;1.533745,0.2136547;0.01259346;1.545368,0.1803473;-0.4568704;1.461663,1
4769,10672;-8072;-336,7315;5823;-11707,0.2185942;0.2449785;1.578957,-0.03614508;0.2796496;1.167445,-0.0518563;0.1986438;1.219942,-0.06387567;-0.01198464;1.364304,0.05537735;-0.02738538;1.533615,0.2135885;0.01296893;1.545169,0.1807591;-0.4564738;1.461005,1
4801,11612;-7228;456,7501;4950;-9271,0.2190052;0.2451875;1.580057,-0.03482871;0.2829205;1.172028,-0.05172555;0.1986897;1.220043,-0.06401213;-0.01177424;1.36463,0.05539219;-0.02715535;1.533776,0.2135304;0.01323217;1.545321,0.181015;-0.456432;1.461271,1
4833,11680;-6312;1192,5138;4370;-6862,0.2190095;0.2451296;1.580009,-0.03367064;0.2825505;1.169119,-0.05170615;0.1907931;1.225882,-0.06325262;-0.0188645;1.371769,0.05542417;-0.02693746;1.533747,0.2134572;0.01342896;1.545354,0.181093;-0.4562591;1.461236,1
4867,11976;-6460;2200,6239;3397;-6044,0.219069;0.2451081;1.580017,-0.03299302;0.2826569;1.166905,-0.051361;0.1933224;1.224239,-0.06367276;-0.01646965;1.369851,0.0554323;-0.02684046;1.53375,0.2133622;0.01364665;1.545444,0.1812546;-0.4561444;1.46117,1
4901,12300;-5748;2796,3564;2440;-4649,0.2190933;0.2450907;1.580011,-0.03273673;0.2814588;1.165004,-0.05095163;0.1952055;1.222501,-0.06417404;-0.01472922;1.367813,0.05542898;-0.02677558;1.533716,0.2133103;0.01383745;1.545431,0.1813212;-0.4560645;1.461066,1
4936,12884;-5192;3316,2171;767;-3511,0.2191804;0.245061;1.58002,-0.03192154;0.2813275;1.162224,-0.05075621;0.1903038;1.225301,-0.06330907;-0.01887049;1.371826,0.05543025;-0.02676149;1.533709,0.2132954;0.01404188;1.545426,0.1813421;-0.4560285;1.461039,1
4966,13108;-5636;3256,1842;114;-2069,0.2191067;0.2444401;1.579328,-0.03180757;0.2807314;1.160331,-0.05018387;0.1882783;1.225318,-0.06309293;-0.02041052;1.372541,0.05542028;-0.02664759;1.533641,0.2132443;0.01418768;1.545425,0.1813847;-0.4559754;1.461023,1
4999,13300;-5216;2976,719;-235;-624,0.218631;0.2426759;1.576171,-0.03215963;0.2798751;1.15805,-0.04994764;0.1858323;1.225838,-0.06243765;-0.02233134;1.373879,0.05544131;-0.02662712;1.533619,0.2132426;0.01424604;1.545436,0.1814423;-0.4559741;1.460991,1
5032,13780;-5188;2796,-2609;-1300;180,0.2186592;0.2426943;1.576232,-0.03358966;0.2762268;1.153915,-0.04960655;0.1831228;1.225492,-0.06183524;-0.02401191;1.375061,0.05542326;-0.02648277;1.533578,0.2131751;0.01436813;1.545404,0.1815777;-0.455911;1.460898,1
5066,13668;-6404;2552,767;-2098;2863,0.2193907;0.243651;1.578257,-0.03380048;0.2759446;1.152336,-0.04981053;0.1808031;1.224522,-0.06153413;-0.02530151;1.375614,0.05541272;-0.02645039;1.533539,0.2131289;0.01450266;1.545466,0.1817952;-0.4559757;1.461032,1
5098,13264;-6092;1912,238;-2143;4611,0.2193808;0.2436195;1.578258,-0.03537696;0.2722013;1.148765,-0.05017966;0.1787165;1.222935,-0.0616449;-0.0262261;1.37569,0.05539139;-0.02639722;1.533548,0.2131139;0.01458038;1.545535,0.1819536;-0.4559817;1.461151,1
5133,12824;-6356;1824,-1352;-2624;5838,0.2192595;0.2433793;1.577737,-0.03638289;0.2679602;1.1417,-0.05068388;0.1758311;1.221093,-0.06168197;-0.02790306;1.375566,0.05532978;-0.02634098;1.533434,0.2130881;0.01460971;1.54553,0.1819976;-0.4559918;1.46112,1
5168,11888;-6096;1676,-1195;-3363;8364,0.2193434;0.2434236;1.577935,-0.03736544;0.2660713;1.140162,-0.0511921;0.1732066;1.219326,-0.06159063;-0.02930869;1.375506,0.05530362;-0.02634561;1.533443,0.2130244;0.01473917;1.545616,0.1821177;-0.4559317;1.461259,1
5199,9964;-5544;700,-2861;-4026;11496,0.2195138;0.2434788;1.577199,-0.03966307;0.2571332;1.129515,-0.0521126;0.1686402;1.214094,-0.06019636;-0.03091325;1.37433,0.05530516;-0.02628029;1.533301,0.2129697;0.01486189;1.545338,0.1819203;-0.4560742;1.460956,1
5232,9416;-5508;-320,-5800;-4098;14633,0.2194804;0.2434904;1.577388,-0.0408804;0.2542962;1.125599,-0.06356652;0.154168;1.198202,-0.05967693;-0.03245799;1.373925,0.05531779;-0.02628367;1.533226,0.2129581;0.01488869;1.545329,0.1819743;-0.4560623;1.460944,1
5268,5388;-8460;364,-3257;-6190;19036,0.2194581;0.2438596;1.5776,-0.04349038;0.2464337;1.119968,-0.06374374;0.1538512;1.19746,-0.05990547;-0.03576805;1.369882,0.05532004;-0.02625293;1.533217,0.2129313;0.01496127;1.54524,0.1819712;-0.4560449;1.460863,1
5343,-6928;-11944;-9420,1248;-441;-1016,0.2197023;0.2442855;1.578545,-0.0484559;0.2275088;1.109075,-0.0648685;0.1456925;1.191178,-0.06028116;-0.04100592;1.366859,0.05534624;-0.02618597;1.533476,0.2131566;0.01458352;1.546776,0.1816192;-0.4564908;1.461624,1
5369,-6936;-11792;-9380,1200;-459;-952,0.2198958;0.2446753;1.57917,-0.05107253;0.2127252;1.100781,-0.06741406;0.1371413;1.180441,-0.06098772;-0.04410265;1.361856,0.0553505;-0.02619432;1.533474,0.213376;0.01436154;1.54729,0.1816363;-0.4564917;1.46162,1
5402,-6984;-11940;-9512,1086;-447;-973,0.2199721;0.2447156;1.579107,-0.05431719;0.1952233;1.09057,-0.06998734;0.1307261;1.16653,-0.0631353;-0.04950033;1.349019,0.0553517;-0.02619787;1.533478,0.2135152;0.01423375;1.54738,0.1816612;-0.4563464;1.461506,1
5432,-6888;-12224;-9736,1535;-109;-758,0.2198917;0.2447028;1.578984,-0.05781703;0.1736091;1.08506,-0.07230998;0.1191458;1.15807,-0.06299924;-0.05403978;1.347308,0.05534671;-0.02620585;1.533633,0.2134401;0.01435774;1.547225,0.1817063;-0.4563107;1.461473,1
5465,-6876;-13248;-9904,1902;1591;-1716,0.2198895;0.2447055;1.578787,-0.05983158;0.1521896;1.074022,-0.07413384;0.09654847;1.140241,-0.06241331;-0.05899436;1.344365,0.05532707;-0.02629677;1.533715,0.2133762;0.01440881;1.547147,0.181727;-0.4562884;1.461486,1
5500,-7096;-14276;-11020,2559;1610;-1805,0.2200205;0.2450572;1.579263,-0.06097732;0.1283343;1.063057,-0.0721124;0.08799545;1.13754,-0.06375141;-0.07332548;1.337273,0.05532805;-0.02629582;1.534037,0.2132683;0.01451713;1.54702,0.1816971;-0.4562457;1.461491,1
5533,-7344;-17848;-9964,7333;1006;-4299,0.2202226;0.2454473;1.580547,-0.06367042;0.09981349;1.055825,-0.07397893;0.06877197;1.086598,-0.05324521;-0.07176639;1.300854,0.05522816;-0.02650683;1.534942,0.2132471;0.01455796;1.547022,0.1817832;-0.4562469;1.461617,1
5566,-6224;-14752;-12676,3039;5356;-7553,0.2202349;0.2456736;1.58086,-0.06505531;0.06757693;1.047785,-0.0725679;0.05245394;1.09752,-0.0517743;-0.07607447;1.301662,0.05514927;-0.02675856;1.535638,0.2132243;0.0146152;1.547038,0.1816199;-0.4564879;1.462256,1
5602,-5960;-18692;-12880,-6771;9132;-11800,0.2202387;0.2457709;1.580921,-0.06587237;0.03425122;1.035306,-0.08864369;-0.007884972;1.062124,-0.05027269;-0.08707086;1.303787,0.05494091;-0.02696007;1.53597,0.2132575;0.01451784;1.547082,0.1816133;-0.4564243;1.462189,1
5632,-4912;-19732;-14080,-189;10017;-14737,0.2202444;0.2458551;1.580807,-0.06563162;-0.003763004;1.024315,-0.06245288;-0.03287708;1.111931,-0.01271984;-0.08532391;1.358733,0.05412337;-0.02807758;1.535158,0.2130978;0.01464856;1.546577,0.1815151;-0.4563166;1.461354,1
5682,-3368;-18572;-13812,3480;12078;-16812,0.2202487;0.2463816;1.581594,-0.06475097;-0.04150314;1.020479,-0.05472431;-0.08400296;1.162471,-0.01129267;-0.09238393;1.361874,0.05387013;-0.02786804;1.536311,0.213277;0.01449642;1.546842,0.1815248;-0.4563139;1.461351,1
5701,-1548;-16968;-11696,8786;12058;-16679,0.2202092;0.2463698;1.581568,-0.06473418;-0.07846461;1.016045,-0.04555215;-0.1087514;1.168442,-0.02303336;-0.1618324;1.419063,0.05369939;-0.02782663;1.536902,0.2133581;0.01435274;1.546845,0.18152;-0.4562565;1.461231,1
5734,636;-13944;-9148,11197;11115;-15847,0.220235;0.2464146;1.581571,-0.1268593;-0.1059717;0.8556096,-0.07114257;-0.1453117;1.169741,-0.02181648;-0.163623;1.421458,0.05343872;-0.02757437;1.537737,0.2134318;0.01419539;1.546947,0.1810704;-0.4562758;1.461588,1
5766,2204;-12424;-7564,10684;9080;-13883,0.2201722;0.246653;1.581951,-0.06317216;-0.1562768;1.016615,-0.06195496;-0.168089;1.196928,-0.009527136;-0.1853548;1.448083,0.05329114;-0.02745904;1.538444,0.2137225;0.01393595;1.546989,0.1806348;-0.4563062;1.461759,1
5802,4024;-11992;-6652,9759;7722;-12679,0.2199105;0.2466172;1.581545,-0.07314955;-0.1952839;1.05577,-0.03737966;-0.1975001;1.193025,-0.00974317;-0.1854514;1.448404,0.05308615;-0.02756598;1.538773,0.2137732;0.01381352;1.546907,0.1804559;-0.4561428;1.461737,1
5834,5412;-11904;-5828,4650;7917;-12602,0.2200087;0.2469655;1.582044,-0.06081245;-0.2356872;1.025781,-0.03823123;-0.2040462;1.149766,-0.001350806;-0.1479067;1.390317,0.05295271;-0.02798588;1.538466,0.2137116;0.01390828;1.546841,0.180249;-0.4560538;1.462082,1
5866,6256;-11756;-5300,6777;6586;-10837,0.2196552;0.2468679;1.581208,-0.06157682;-0.2674546;1.03397,-0.03854261;-0.2287199;1.194471,-0.009394232;-0.1869055;1.446478,0.05295359;-0.02800323;1.538481,0.2139793;0.01368441;1.546618,0.1800822;-0.4557522;1.461824,1
5899,7468;-12320;-5332,7462;6118;-10308,0.2196371;0.2467846;1.581347,-0.06307328;-0.3059406;1.046167,-0.04535034;-0.2601214;1.257749,-0.01049258;-0.2078952;1.439553,0.05294088;-0.02813282;1.538384,0.2142229;0.01332082;1.547355,0.1796989;-0.4555862;1.46262,1
5933,9024;-12784;-4072,4900;7947;-11479,0.2195396;0.246674;1.581367,-0.06858798;-0.3318337;1.062426,-0.04655582;-0.2646934;1.254089,-0.01055188;-0.2080034;1.434264,0.05310072;-0.02877001;1.53778,0.2141654;0.01347249;1.547158,0.1795835;-0.4554513;1.462729,1
5967,10624;-12056;-2532,6584;6712;-12048,0.2194599;0.2466155;1.58134,-0.07298528;-0.3592096;1.08051,-0.04915817;-0.2853758;1.246042,-0.01135042;-0.2136437;1.420139,0.05335127;-0.02924406;1.537149,0.2141439;0.01361453;1.546954,0.1795744;-0.4554261;1.462703,1
6001,11568;-8744;-1248,5475;6684;-11515,0.2193276;0.2459517;1.580223,-0.07740007;-0.3832088;1.08719,-0.05895269;-0.3186992;1.225679,-0.00988993;-0.2270561;1.408678,0.05354287;-0.0295129;1.536524,0.2140447;0.01373949;1.546559,0.1794702;-0.4554139;1.462448,1
6033,11700;-7316;168,1328;5788;-10269,0.2191275;0.2460184;1.57994,-0.08332855;-0.3977293;1.096248,-0.0576399;-0.3218277;1.229489,-0.009585211;-0.2280507;1.403626,0.05382603;-0.02995834;1.53528,0.2138322;0.01390054;1.545787,0.1789623;-0.4553674;1.461425,1
6065,11740;-6024;1244,6537;3434;-7332,0.2190293;0.2459488;1.579853,-0.08633561;-0.4164099;1.105957,-0.05361576;-0.3341236;1.242703,-0.00838641;-0.2297328;1.40151,0.05389372;-0.03003665;1.53503,0.2137465;0.01398478;1.545503,0.1789121;-0.4552707;1.461247,1
6099,12148;-4180;1544,4503;3042;-4224,0.2188433;0.2459059;1.579849,-0.08903735;-0.4234761;1.11512,-0.04992258;-0.3461652;1.253839,-0.007755625;-0.2319437;1.400916,0.05408124;-0.03027776;1.534743,0.2137555;0.01401626;1.545401,0.1789138;-0.4553043;1.461237,1
6133,12740;-5028;2248,3377;859;-2565,0.21874;0.2459184;1.579771,-0.08845964;-0.4274301;1.118541,-0.04848395;-0.3534396;1.253767,-0.006842036;-0.2358285;1.398128,0.05452418;-0.03088767;1.533233,0.213539;0.01408248;1.544361,0.1785814;-0.4552512;1.460369,1
6167,13488;-4784;1332,2658;-80;-588,0.21837;0.2457024;1.579189,-0.08834622;-0.4305268;1.120453,-0.04725004;-0.3596192;1.25707,-0.006675144;-0.2374859;1.397702,0.05470242;-0.03112102;1.532931,0.2135111;0.01409175;1.544122,0.17857;-0.4552529;1.460326,1
6201,13464;-6884;1804,984;-16;444,0.2178988;0.2452512;1.578717,-0.08780913;-0.4340086;1.122872,-0.04646747;-0.3622922;1.258795,-0.006407687;-0.2383008;1.397838,0.05481164;-0.03136699;1.532673,0.2134976;0.01407695;1.543958,0.1785837;-0.4552529;1.460244,1
6236,13464;-7656;1396,2861;-1896;750,0.2173745;0.2448371;1.577773,-0.08643592;-0.434694;1.123439,-0.04588751;-0.3642397;1.259707,-0.006023706;-0.2393796;1.397973,0.0549053;-0.03154266;1.532465,0.2134561;0.01404851;1.543735,0.1783799;-0.4552447;1.459962,1
6267,14524;-8068;996,-155;-1138;641,0.2171804;0.244778;1.577809,-0.08581748;-0.4355909;1.126393,-0.04551712;-0.3656347;1.260431,-0.005928455;-0.2400342;1.39806,0.05494729;-0.03156979;1.532427,0.2134794;0.01402994;1.543651,0.1784155;-0.4552535;1.459922,1
6301,13880;-10460;1804,1735;-1406;937,0.2169486;0.2449191;1.578656,-0.08644515;-0.4377263;1.128501,-0.04508883;-0.3677231;1.26304,-0.005899759;-0.2406234;1.39931,0.0550158;-0.03166413;1.5324,0.2134794;0.01402986;1.543651,0.1784095;-0.4552374;1.460098,1
6332,14032;-8760;1224,1918;-1925;1054,0.2169269;0.2448897;1.578647,-0.08266799;-0.4399253;1.132187,-0.04515726;-0.3683966;1.262424,-0.005777999;-0.241747;1.399075,0.05502015;-0.03172267;1.532266,0.2134476;0.01400422;1.5435,0.1784281;-0.4552154;1.460073,1
6366,13672;-10040;856,-522;-2014;698,0.2166883;0.2448696;1.578693,-0.08188133;-0.4390436;1.131149,-0.04520442;-0.3693463;1.261756,-0.005554962;-0.2427848;1.398407,0.05509695;-0.03194981;1.531981,0.2134436;0.01393579;1.543291,0.1784489;-0.4552292;1.459962,1
6400,13512;-9516;712,-699;-2128;663,0.2165116;0.2446509;1.578458,-0.08078288;-0.4409395;1.130011,-0.04476262;-0.3700147;1.261928,-0.005557599;-0.2430932;1.398356,0.05515796;-0.03206708;1.531816,0.2134233;0.01390819;1.543196,0.1784925;-0.4552136;1.459841,1
6433,13260;-10284;748,-736;-2168;1202,0.2161236;0.2439934;1.577837,-0.07057112;-0.4149741;1.186177,-0.04436221;-0.370369;1.262258,-0.005381575;-0.2432236;1.39853,0.05516517;-0.0320789;1.531817,0.2134237;0.01388821;1.543154,0.1785095;-0.4552049;1.45983,1
6467,13184;-9728;84,-52;-3046;1626,0.2161132;0.2439884;1.577845,-0.08006252;-0.4449491;1.134032,-0.05761684;-0.4103262;1.226513,-0.005363147;-0.2438564;1.398662,0.05518931;-0.03209959;1.53177,0.2140421;0.01301657;1.542948,0.1785789;-0.4551548;1.459782,1
6500,12820;-9576;-148,619;-3379;2602,0.2160939;0.243992;1.577799,-0.06698611;-0.4694248;1.128168,0.04471858;-0.4402781;1.243317,-0.005379423;-0.2446265;1.398549,0.0552029;-0.03211669;1.531658,0.2139505;0.01307901;1.542702,0.1785752;-0.4549614;1.459322,1
6532,12512;-9440;-564,317;-4027;3123,0.2156914;0.2434117;1.577046,-0.07101016;-0.4180626;1.185334,-0.04548967;-0.3724019;1.263248,-0.005438608;-0.2453493;1.399269,0.05521471;-0.03217442;1.531582,0.2143863;0.01203664;1.542561,0.1785835;-0.4549786;1.459313,1
6565,12276;-8680;-1152,-1098;-4497;3678,0.2156624;0.2434107;1.577067,-0.06783558;-0.4712388;1.13461,0.04620291;-0.4419901;1.246065,-0.005174209;-0.2458616;1.400199,0.0552187;-0.03217449;1.531581,0.2143225;0.01210067;1.542453,0.1786468;-0.4549559;1.459304,1
6600,11424;-8624;-1620,-1795;-4383;5468,0.2155499;0.2434325;1.576944,-0.08052353;-0.444627;1.135248,-0.0445822;-0.3755074;1.257975,-0.005325932;-0.2463468;1.399752,0.0552427;-0.03219401;1.531519,0.2142171;0.01216159;1.542185,0.1786198;-0.4548343;1.458608,1
6634,10948;-8512;-2276,-1774;-4191;7748,0.2155259;0.2436315;1.577879,-0.08157697;-0.4470214;1.136066,-0.0449182;-0.3740822;1.261021,-0.00531718;-0.2469326;1.400757,0.05525308;-0.03222536;1.531528,0.2141793;0.0121737;1.542192,0.1787401;-0.4548781;1.458757,1
6667,8576;-9888;-1692,-492;-4808;9918,0.2154827;0.2435872;1.577879,-0.07209577;-0.4214864;1.181401,-0.04493194;-0.3740986;1.261042,-0.005320714;-0.2472524;1.401309,0.05525756;-0.03223594;1.531517,0.2141697;0.01218694;1.542176,0.1787945;-0.4548779;1.458784,2
6700,8276;-8728;-2492,-1440;-6217;11183,0.2154967;0.2435915;1.577856,-0.07137103;-0.4192677;1.181352,-0.04479183;-0.3739569;1.261167,-0.005311003;-0.2474258;1.401236,0.05530209;-0.0323424;1.531305,0.2140771;0.01222492;1.54199,0.1788063;-0.4549022;1.458651,2
6732,6180;-10988;-2700,-5503;-6804;12615,0.2154104;0.2436146;1.577995,-0.07184697;-0.4193129;1.182561,-0.04472524;-0.3731172;1.26204,-0.005326496;-0.2476403;1.40128,0.05531975;-0.03248105;1.531194,0.2140447;0.01224579;1.541948,0.1788375;-0.454903;1.458615,2
6765,4988;-10040;-4748,-4922;-9739;14766,0.215419;0.2435984;1.578279,-0.08090773;-0.4472164;1.138509,-0.04478944;-0.3728627;1.263245,-0.005288244;-0.2482032;1.40248,0.05532268;-0.0324873;1.531249,0.2140188;0.01228746;1.542043,0.1790217;-0.4549845;1.45907,2
6799,3388;-14192;-5376,-5301;-10267;17161,0.215177;0.2434327;1.577837,-0.07135233;-0.4192554;1.184446,-0.04481824;-0.3724799;1.263549,-0.00523187;-0.2483375;1.402529,0.05531733;-0.03249199;1.531234,0.2140014;0.01230018;1.541987,0.1790219;-0.4549905;1.459059,2
6832,36;-17548;-5096,2966;-11919;20593,0.2150815;0.2433529;1.577728,-0.07073543;-0.4183871;1.186596,-0.04490097;-0.3724632;1.263519,-0.005227008;-0.2483639;1.402514,0.05532359;-0.03252243;1.531225,0.213972;0.01231329;1.541965,0.179015;-0.4550303;1.459016,2
6872,-1760;-15020;-7572,2006;-11002;20987,0.2140796;0.2423544;1.57433,-0.08027033;-0.4448614;1.134929,-0.04356013;-0.3730104;1.263332,-0.00540287;-0.2481166;1.402017,0.05533996;-0.03255884;1.531152,0.2138671;0.01236028;1.541673,0.1789453;-0.4550442;1.458654,2
6901,-6820;-22608;-6924,-1730;-8211;19611,0.2143559;0.2425047;1.574894,-0.08092018;-0.4463193;1.136398,-0.03898285;-0.3769098;1.266032,-0.005435722;-0.2482279;1.402257,0.05535601;-0.03257187;1.531186,0.2138517;0.0123706;1.541692,0.1790106;-0.4550613;1.45881,2
6934,-8060;-23252;-5884,12146;-10339;16531,0.2144867;0.2426307;1.575024,-0.08040365;-0.4454;1.135258,-0.04178857;-0.3741181;1.263951,-0.005427289;-0.2481911;1.402148,0.05536596;-0.0325604;1.531123,0.2144403;0.01160476;1.54142,0.1790416;-0.4549856;1.458687,2
6967,-7944;-16168;-5760,5298;-6847;10849,0.2144758;0.2426753;1.575485,-0.07185419;-0.4194624;1.186038,-0.04211679;-0.3736172;1.264529,-0.005387605;-0.2480145;1.402938,0.05540097;-0.03261575;1.531151,0.2143576;0.0116957;1.54151,0.1791304;-0.4550919;1.458988,2
7001,-9628;-16008;-3668,824;-6493;10251,0.2144752;0.2426703;1.575485,-0.08092155;-0.4454975;1.13516,-0.04273489;-0.37342;1.264296,-0.005394797;-0.2480196;1.402729,0.05540803;-0.03261975;1.53112,0.2143073;0.01174786;1.541486,0.1791317;-0.4550915;1.458986,2
7051,-15184;-32040;-11392,-15616;307;-3530,0.2144393;0.2426661;1.575397,-0.08026059;-0.4458613;1.135837,-0.04290011;-0.3733204;1.26424,-0.005371827;-0.2480323;1.402727,0.05541652;-0.032643;1.531102,0.214655;0.01099659;1.541627,0.1791326;-0.4550917;1.458985,2
7069,-6236;-11144;-6488,-9526;902;-4116,0.2145224;0.2431027;1.576416,-0.08121828;-0.4451656;1.137292,-0.04318884;-0.3732122;1.264364,-0.005413973;-0.2480419;1.402893,0.05545025;-0.03265877;1.531144,0.2145403;0.01113019;1.541669,0.1791501;-0.4551109;1.459011,2
7105,-5924;-10288;-6092,-1433;529;444,0.2145352;0.2430821;1.576494,-0.08051442;-0.4458276;1.137115,-0.06183835;-0.4082073;1.211589,-0.005371466;-0.2479815;1.402884,0.05545048;-0.03265775;1.531143,0.2144521;0.01121628;1.541655,0.1791263;-0.4550973;1.459017,2
7132,-7808;-14324;-7792,514;-1945;-1118,0.214482;0.2429896;1.576468,-0.08067172;-0.4444988;1.13616,-0.04660109;-0.3704287;1.262879,-0.005368171;-0.2479308;1.402908,0.05545342;-0.03264901;1.53113,0.2148926;0.01070056;1.541764,0.1791299;-0.4550925;1.459016,2
7167,-7168;-15204;-8272,4809;-2062;-2319,0.2144848;0.2430152;1.576383,-0.08013662;-0.4427553;1.134934,-0.04673947;-0.3710569;1.261584,-0.005799484;-0.2480905;1.401265,0.05545894;-0.03282558;1.530672,0.214812;0.01090714;1.541487,0.1790776;-0.4549541;1.458246,2
7201,-6484;-13296;-5600,7738;-607;-1414,0.2144504;0.2430198;1.576209,-0.07018685;-0.4172364;1.1846,-0.04638968;-0.3709894;1.261011,-0.00579904;-0.2479075;1.400694,0.05552236;-0.03285538;1.530458,0.2147134;0.01113519;1.541282,0.1792641;-0.4549475;1.457687,2
7234,-6956;-12984;-4716,4139;-609;-175,0.214653;0.2430596;1.576403,-0.0809212;-0.4462735;1.137126,-0.04375624;-0.3752017;1.264872,-0.00586015;-0.247778;1.401157,0.0555483;-0.03289427;1.530488,0.214602;0.01135833;1.541451,0.1793508;-0.4549473;1.458128,2
7268,-7332;-13684;-5372,-913;-451;-874,0.2146514;0.2428782;1.575984,-0.07897251;-0.4427199;1.134859,-0.04471963;-0.3725615;1.262088,-0.006179114;-0.2474712;1.400477,0.05560875;-0.03294772;1.530232,0.2145158;0.01151217;1.541337,0.1792906;-0.4549847;1.458005,2
7303,-7052;-13504;-5920,-2803;-331;-1481,0.214801;0.2428391;1.575952,-0.07831769;-0.440852;1.136077,-0.04485857;-0.3722661;1.26232,-0.006357217;-0.2472198;1.400764,0.05561915;-0.03296292;1.530324,0.2144721;0.01163515;1.541489,0.1792324;-0.4550589;1.458215,2
7334,-7072;-13560;-6172,-3069;-621;-1312,0.2152289;0.242172;1.574245,-0.07688285;-0.433407;1.130347,-0.0447265;-0.3707036;1.262625,-0.006439531;-0.2459404;1.401411,0.0556312;-0.03298084;1.530282,0.2144129;0.01173111;1.541478,0.1790876;-0.4550354;1.458218,2
7367,-7196;-13452;-6744,-2897;-919;-922,0.2153143;0.2420539;1.573074,-0.08022541;-0.4136235;1.107141,-0.04293458;-0.3605656;1.267523,-0.00462852;-0.2304541;1.410318,0.05563244;-0.03299333;1.530214,0.2143664;0.01187292;1.541402,0.1789948;-0.4549899;1.458105,2
7401,-6964;-13132;-7092,-2416;-727;-961,0.2153473;0.2420681;1.57304,-0.07833888;-0.4055145;1.105887,-0.03591829;-0.3559402;1.280737,-0.004584973;-0.2252897;1.415645,0.05561728;-0.03303958;1.530256,0.2143468;0.01199049;1.541429,0.1789984;-0.4550256;1.458213,2
7433,-7436;-13508;-7432,-1711;-1196;-938,0.2158093;0.2422526;1.573547,-0.0823959;-0.3782713;1.078295,-0.05277816;-0.3048373;1.247697,-0.004997119;-0.2255663;1.415719,0.0555979;-0.03301958;1.530393,0.2142245;0.01222558;1.541754,0.1788912;-0.4549288;1.458965,2
7467,-6976;-13028;-7584,-708;-1058;-914,0.2158773;0.2421657;1.573131,-0.08409733;-0.3473758;1.061996,-0.05190703;-0.2917722;1.246991,-0.009052169;-0.2073771;1.413821,0.05558022;-0.0330502;1.530393,0.2141625;0.01238724;1.541778,0.1788829;-0.4549401;1.45896,2
7501,-7136;-13260;-7632,693;-834;-894,0.215952;0.242164;1.573106,-0.08555073;-0.3162026;1.053732,-0.05053644;-0.2737153;1.244135,-0.01045686;-0.2005944;1.417138,0.05551386;-0.0330709;1.530432,0.21415;0.01254011;1.54186,0.1787542;-0.4551519;1.459408,2
7535,-7124;-13044;-7612,1472;-750;-1024,0.2162229;0.2422311;1.573093,-0.08606686;-0.2811391;1.031671,-0.04984696;-0.2529876;1.239436,-0.01287952;-0.1845139;1.415149,0.05475373;-0.02956993;1.535858,0.2141213;0.01267291;1.541899,0.1785524;-0.455223;1.459619,2
7570,-7044;-12816;-7248,1923;-672;-912,0.216976;0.2427458;1.573544,-0.08648577;-0.2384021;1.01733,-0.048737;-0.2364814;1.239076,-0.01384724;-0.1820269;1.420241,0.05443291;-0.03014838;1.534484,0.2140098;0.01281359;1.541898,0.1783296;-0.4554682;1.459629,2
7600,-7232;-12956;-7228,1038;-544;-958,0.2182186;0.2438256;1.575804,-0.08576464;-0.1977253;1.008543,-0.05266905;-0.2129128;1.236332,-0.01602193;-0.1697759;1.420301,0.0543054;-0.02994008;1.534978,0.2139852;0.01304964;1.542179,0.1783919;-0.455778;1.459865,2
7633,-7168;-13024;-7400,772;-587;-1026,0.2183334;0.2438258;1.575854,-0.08646135;-0.1522833;0.9891787,-0.05293874;-0.158577;1.186205,-0.009815948;-0.1164765;1.369062,0.05423632;-0.02963004;1.535279,0.2147625;0.01284147;1.543384,0.1782069;-0.4559034;1.46034,2
7665,-7080;-12984;-7428,1410;-610;-949,0.2191483;0.2443708;1.576807,-0.09064191;-0.1220128;1.008769,-0.0580473;-0.1856089;1.221723,-0.02556725;-0.1542056;1.408949,0.05423434;-0.02943501;1.535413,0.2154439;0.01280943;1.544197,0.1785433;-0.4559872;1.460497,2
7699,-7120;-13044;-7344,1193;-476;-870,0.2195267;0.244809;1.577534,-0.0984695;-0.115818;1.094642,-0.07880768;-0.1236818;1.15619,-0.02586671;-0.1506647;1.406394,0.05426919;-0.02883722;1.535738,0.2153489;0.01311881;1.544161,0.1786677;-0.4558289;1.46053,2
7734,-7160;-12988;-7252,1006;-437;-848,0.2202692;0.2452473;1.578302,-0.08360473;-0.0384677;1.01965,-0.07735844;-0.09403718;1.158156,-0.02817605;-0.1474169;1.40486,0.05431535;-0.0287898;1.535834,0.2158195;0.01301183;1.54457,0.1790207;-0.4558561;1.460463,2
7766,-7132;-12924;-7324,1269;-576;-657,0.2209696;0.2454581;1.579281,-0.07406913;0.02147343;1.0039,-0.06489138;-0.02277104;1.122987,-0.01377072;-0.0716046;1.355747,0.05433402;-0.02876531;1.535912,0.2157501;0.01321247;1.544515,0.1792825;-0.4556961;1.460488,2
7798,-7288;-13020;-7300,1412;-563;-773,0.2211865;0.2454976;1.579793,-0.07063327;0.05479268;1.013452,-0.06537823;0.009017022;1.114186,-0.01448273;-0.0663183;1.354738,0.05451722;-0.02871984;1.53577,0.216169;0.01314824;1.544763,0.1795499;-0.4556589;1.460481,2
7836,-7176;-12956;-7376,1826;-837;-543,0.2220981;0.2461532;1.581571,-0.06829694;0.08530363;1.027066,-0.06298245;0.02708547;1.135081,-0.01625614;-0.05182775;1.352901,0.0548564;-0.02847518;1.535587,0.2160354;0.01337496;1.544715,0.1797112;-0.4556468;1.460476,2
8327,-7432;-13024;-7160,2116;-747;-354,0.2253482;0.2458658;1.582904,-0.02764681;0.2828278;1.176782,-0.0603606;0.1745257;1.234231,-0.06053633;-0.02549719;1.376297,0.05611794;-0.02633655;1.53446,0.2161426;0.01531551;1.547113,0.1826306;-0.4562074;1.46158,2
8340,-7204;-13104;-7468,1994;-988;-284,0.2254075;0.2459625;1.583126,-0.02665739;0.2820822;1.17679,-0.06034657;0.1729764;1.23515,-0.06074382;-0.02596573;1.376474,0.05611613;-0.02620391;1.534478,0.2160949;0.01540256;1.54712,0.1826691;-0.4561553;1.461592,2
8368,-7508;-13976;-7252,2063;-284;515,0.2253129;0.2459873;1.583823,-0.0267492;0.281439;1.18013,-0.06025542;0.1721939;1.236064,-0.06125777;-0.02713437;1.377085,0.05615769;-0.02612642;1.534649,0.2160471;0.01556159;1.547306,0.182735;-0.4560398;1.461833,2
8400,-8028;-15704;-8816,1811;339;1138,0.2247738;0.2452908;1.582352,-0.02607857;0.2792839;1.172624,-0.06018931;0.1718941;1.235912,-0.06091084;-0.02778656;1.3768,0.05614579;-0.02608096;1.534639,0.2159562;0.01562922;1.547227,0.182928;-0.4564119;1.461221,2
8433,-9372;-19116;-10088,490;2543;1148,0.2246184;0.2444113;1.581594,-0.02628089;0.277848;1.173818,-0.0601011;0.1715282;1.235761,-0.060956;-0.02896831;1.376894,0.05613799;-0.02602262;1.534682,0.2158828;0.01568514;1.547221,0.1829453;-0.4565694;1.46117,2
8467,-7984;-20408;-10784,3044;2032;-6696,0.2246372;0.2444319;1.58137,-0.02687071;0.2735921;1.166274,-0.05991881;0.1699511;1.232425,-0.06049328;-0.03029735;1.376546,0.05612649;-0.02595955;1.534669,0.2157905;0.01575249;1.547134,0.1829817;-0.4567019;1.460995,2
8498,-8460;-19116;-11036,-4487;8009;-12913,0.2245395;0.2443011;1.58162,-0.02820165;0.270706;1.168899,-0.0600052;0.1690631;1.231451,-0.06053247;-0.03246171;1.376783,0.05615981;-0.02591959;1.534768,0.2156945;0.01583187;1.547189,0.183015;-0.4568361;1.461079,2
8532,-8108;-20624;-10664,-264;8576;-16524,0.224015;0.2438465;1.580138,-0.02954418;0.2637945;1.161395,-0.06010064;0.1678111;1.227444,-0.05895329;-0.03461898;1.375729,0.05616573;-0.02584128;1.53481,0.215565;0.01591918;1.547077,0.1830992;-0.4569848;1.460679,2
8567,-6272;-18912;-10544,3123;9684;-17581,0.2237565;0.2439386;1.580457,-0.03077209;0.2580614;1.159467,-0.06006917;0.1658274;1.223279,-0.05898004;-0.03749018;1.373974,0.05621213;-0.02576066;1.534912,0.2154884;0.01598635;1.54695,0.1830736;-0.457155;1.460606,2
8598,-4356;-17980;-9976,1297;10307;-19007,0.2236906;0.2439342;1.580535,-0.03118929;0.2515807;1.15423,-0.06021217;0.1632244;1.217408,-0.06029609;-0.04063156;1.368193,0.05623078;-0.02566243;1.535046,0.2153046;0.01606883;1.546871,0.1823474;-0.4570722;1.46092,2
8635,-3124;-17312;-10136,7411;8354;-19347,0.2228662;0.2432387;1.57911,-0.03248917;0.2415145;1.148157,-0.06002915;0.1593729;1.210549,-0.05955759;-0.04482655;1.364923,0.05624603;-0.0257233;1.53502,0.2152156;0.016077;1.546625,0.1824137;-0.4575415;1.460181,2
8667,-692;-14512;-9860,6693;9482;-18965,0.2229372;0.24296;1.578685,-0.03263935;0.2329746;1.147088,-0.06004363;0.154535;1.207262,-0.05970523;-0.04846428;1.363297,0.05624983;-0.02574982;1.535002,0.215063;0.01587236;1.547108,0.1835111;-0.4668482;1.489045,2
8699,744;-13896;-8372,8049;9253;-18592,0.2232315;0.2419173;1.576934,-0.03605425;0.2186163;1.140451,-0.05980964;0.142373;1.203601,-0.05846938;-0.05673756;1.364772,0.05628008;-0.02578238;1.534936,0.2150143;0.01585421;1.547037,0.183365;-0.4608423;1.471953,2
8732,3684;-11284;-6848,10445;8331;-17432,0.2237616;0.2412241;1.57534,-0.0372132;0.2064626;1.130446,-0.05999849;0.1352257;1.19258,-0.060041;-0.06220982;1.355934,0.05627726;-0.02581664;1.5348,0.2149225;0.01586839;1.546864,0.1824346;-0.4586968;1.467744,2
8766,4756;-10620;-5352,9227;8083;-15733,0.2263663;0.2371345;1.565213,-0.03988701;0.1934517;1.125755,-0.06228104;0.1278513;1.183559,-0.05970937;-0.0639848;1.353643,0.05626339;-0.02583931;1.534849,0.2148512;0.01586988;1.54682,0.1824867;-0.4580873;1.466449,2
8799,7272;-8648;-3920,6709;7789;-14624,0.2258331;0.2371891;1.566109,-0.04217103;0.1806206;1.121806,-0.06289876;0.1198692;1.17781,-0.05895548;-0.06798105;1.352396,0.05625015;-0.02584266;1.535417,0.214843;0.01588157;1.546862,0.1825281;-0.4580045;1.466437,2
8833,7876;-8624;-2008,5233;7227;-12817,0.2256894;0.2376762;1.566102,-0.04509725;0.1641329;1.108353,-0.06602404;0.1126195;1.156025,-0.0634269;-0.07604782;1.329836,0.05620389;-0.0259005;1.535541,0.2147556;0.01588099;1.54659,0.1825912;-0.4575962;1.464646,2
8868,9420;-6932;-1416,5662;5920;-10999,0.225;0.2405974;1.57028,-0.04949839;0.1457369;1.103284,-0.06192845;0.09625596;1.152606,-0.05230135;-0.06977572;1.301376,0.05613104;-0.02607264;1.53579,0.2147166;0.01588884;1.546529,0.1825113;-0.4571105;1.464195,2
8899,10728;-5868;-364,2292;6289;-9569,0.2248442;0.2427026;1.573172,-0.0518916;0.1275055;1.096207,-0.06082819;0.09168905;1.151144,-0.05182685;-0.07206601;1.301642,0.05609993;-0.02626686;1.535885,0.2146794;0.01587622;1.546473,0.1825509;-0.457029;1.463956,2
8932,11172;-6752;1268,4669;4574;-6992,0.2247076;0.24278;1.573354,-0.05337204;0.1036737;1.088869,-0.05912029;0.07814413;1.147852,-0.05340015;-0.08622935;1.304489,0.05570963;-0.0271347;1.535112,0.214643;0.01581067;1.546382,0.1825508;-0.4570924;1.463758,2
8966,12712;-5292;852,6989;2892;-5632,0.2244274;0.2434985;1.574476,-0.05293683;0.07736879;1.078153,-0.05984269;0.05103057;1.139875,-0.05277671;-0.09522898;1.306095,0.05552848;-0.02745837;1.534659,0.2145083;0.01575759;1.546195,0.1814526;-0.4569046;1.463743,2
8998,13612;-5512;1628,2975;3270;-4453,0.2244162;0.2446597;1.576947,-0.05135163;0.04608424;1.071217,-0.07909741;0.00140489;1.078429,-0.05040298;-0.1090021;1.30891,0.05512;-0.02801557;1.534383,0.2144634;0.01571325;1.546138,0.1810013;-0.4570377;1.463968,2
9035,14116;-6976;2344,3758;2138;-3391,0.2242171;0.2445873;1.576495,-0.04881163;0.009496186;1.061654,-0.0737834;-0.0549999;1.136483,-0.05005221;-0.1259274;1.314012,0.05415627;-0.02869384;1.533449,0.2144952;0.01567426;1.546043,0.1811316;-0.4569415;1.463671,2
9068,14764;-6196;2440,1946;1789;-3396,0.2247064;0.2450715;1.577312,-0.0468392;-0.02997179;1.050037,-0.0614275;-0.06785512;1.118421,-0.04010713;-0.1142079;1.305688,0.05472758;-0.02843834;1.534172,0.2154916;0.01448648;1.545151,0.1815029;-0.4567899;1.462098,2
9099,14976;-7788;3472,1730;1155;-1835,0.2252274;0.2456485;1.578986,-0.04498243;-0.07498328;1.048898,-0.06934508;-0.1105916;1.100228,-0.03742725;-0.1581969;1.340416,0.05633175;-0.02253588;1.543035,0.2154748;0.0144876;1.545149,0.1805429;-0.4561566;1.46311,2
9131,15200;-6340;2380,2692;-251;-1033,0.22615;0.2468027;1.582118,-0.0399042;-0.1224109;1.041398,-0.07424268;-0.1367643;1.10178,-0.04031176;-0.15552;1.33983,0.05635959;-0.02266284;1.54296,0.2154479;0.0144995;1.545121,0.1801409;-0.4561345;1.46322,2
9166,14404;-8536;2520,-1101;204;-720,0.2261482;0.2466929;1.581975,-0.03942006;-0.1732899;1.039329,-0.03545377;-0.1486789;1.136106,0.005906694;-0.1343252;1.389521,0.05633169;-0.02294667;1.542859,0.2159325;0.0137118;1.545203,0.1800399;-0.4558586;1.463243,2
9198,14332;-8672;2168,1846;-780;-294,0.2268064;0.2466164;1.581155,-0.04002346;-0.2265456;1.041075,-0.03710353;-0.1789421;1.148953,0.003191744;-0.1466978;1.400872,0.05628653;-0.02314712;1.542844,0.2164454;0.01311284;1.545002,0.1801307;-0.4556198;1.462976,2
9232,14252;-7864;2256,592;-663;251,0.2268208;0.2465379;1.581059,-0.04257357;-0.2716607;1.051434,-0.0317058;-0.2275785;1.15767,0.0007661759;-0.1578974;1.40299,0.05603177;-0.02559463;1.539161,0.2162703;0.0132365;1.544646,0.1799624;-0.4553949;1.462756,2
9271,13848;-8588;2336,760;-1310;351,0.2269796;0.2469808;1.581983,-0.04638828;-0.3144708;1.058182,-0.05525422;-0.2772329;1.227072,-0.01385712;-0.204247;1.460296,0.05579921;-0.02753576;1.536574,0.2160848;0.0133577;1.544322,0.1797541;-0.455286;1.46247,2
9300,14256;-8240;1956,349;-2016;474,0.2267219;0.2460168;1.580952,-0.05015936;-0.3499809;1.075269,-0.04882568;-0.2972221;1.287383,-0.01401287;-0.2134833;1.456432,0.0558478;-0.02894039;1.535406,0.2160376;0.01337695;1.5443,0.1794862;-0.455293;1.462563,2
9333,14136;-8808;1824,-90;-1897;813,0.2266752;0.2458095;1.580937,-0.05426715;-0.3829104;1.087679,-0.04791933;-0.3108049;1.283278,-0.01309544;-0.2149205;1.454109,0.05591481;-0.02983559;1.534549,0.2159736;0.0134215;1.544207,0.1793503;-0.4552982;1.462446,2
9367,14060;-9052;1256,956;-2412;1536,0.2266467;0.2457991;1.580918,-0.0605277;-0.3977916;1.101855,-0.0443486;-0.3275841;1.287478,-0.01225623;-0.2168357;1.45178,0.05606106;-0.03005891;1.534212,0.2159252;0.01345355;1.544083,0.1791731;-0.4553597;1.462215,2
9399,13796;-9308;1484,-148;-1859;1693,0.226405;0.2457369;1.580905,-0.06441247;-0.4204198;1.118506,-0.03936946;-0.3455063;1.289636,-0.01110156;-0.2288578;1.438159,0.05611065;-0.03081898;1.532859,0.2157562;0.0134674;1.543676,0.1790908;-0.4555854;1.461499,2
9432,12816;-8580;1468,1520;-3216;1885,0.2257834;0.2449959;1.580018,-0.06557472;-0.4438399;1.134382,-0.05527685;-0.3976523;1.247951,-0.01122701;-0.2306829;1.436606,0.05647977;-0.03104764;1.531259,0.215572;0.01345962;1.543233,0.1791016;-0.4555838;1.460656,2
9467,12744;-7692;1104,-1024;-3439;2413,0.2252259;0.2443836;1.578532,-0.0693782;-0.4333148;1.175159,-0.03852106;-0.3751077;1.294159,-0.01157478;-0.2330999;1.436448,0.05645119;-0.03123125;1.530996,0.2154815;0.0134331;1.543066,0.1790933;-0.4556093;1.460607,2
9502,11868;-7380;700,-1250;-3698;3815,0.2249216;0.2441498;1.578382,-0.06953334;-0.4339708;1.180305,-0.03838714;-0.3749962;1.294378,-0.01188121;-0.2356499;1.436539,0.05638831;-0.0316535;1.530625,0.2154093;0.01334577;1.542867,0.1790235;-0.4556905;1.460547,2
9532,11736;-7616;372,-2654;-4040;4492,0.2236323;0.2433521;1.577365,-0.07077343;-0.4314985;1.177195,-0.05843559;-0.4064198;1.249624,-0.01173325;-0.2373777;1.435645,0.05634768;-0.03174331;1.530462,0.2152829;0.01323379;1.542612,0.179075;-0.4558562;1.460413,2
9566,11368;-8408;-252,-2720;-5225;5807,0.2215233;0.2417573;1.574545,-0.07512369;-0.4388339;1.153294,-0.05751462;-0.4064963;1.249211,-0.01207753;-0.2376752;1.435762,0.05625489;-0.03174216;1.530389,0.215846;0.01125298;1.541937,0.1790756;-0.4558702;1.460403,2
9598,10872;-8976;-1412,-3467;-5708;7276,0.2205736;0.2411343;1.573624,-0.07230332;-0.4321728;1.170647,-0.05766707;-0.4066867;1.249051,-0.01255102;-0.2377572;1.435579,0.05613272;-0.03190407;1.530164,0.2160596;0.009938751;1.541159,0.1789902;-0.4559648;1.460299,2
9631,9784;-9788;-1944,-3175;-6740;8789,0.2193477;0.2399054;1.570852,-0.07114068;-0.4314776;1.174487,-0.05784648;-0.4072547;1.249175,-0.01300289;-0.2380511;1.43551,0.05600781;-0.03195408;1.530098,0.2158377;0.01008546;1.541009,0.1790185;-0.4559615;1.460253,2
9665,9224;-9904;-3560,-4319;-7124;10512,0.2183374;0.2389995;1.569828,-0.07008515;-0.429656;1.171144,-0.05785218;-0.4071516;1.248967,-0.01330312;-0.2381237;1.43554,0.0556292;-0.03190133;1.529662,0.2159687;0.008883197;1.539851,0.1789898;-0.4560095;1.459958,2
9701,7552;-11904;-4296,-1447;-7875;12856,0.2182342;0.2389538;1.569538,-0.07020701;-0.4326168;1.172614,-0.03792918;-0.37359;1.301987,-0.01361386;-0.2381741;1.436617,0.05559334;-0.03194238;1.529637,0.2156893;0.009140695;1.539885,0.1790157;-0.4560224;1.459966,2
9732,5948;-13024;-4512,-1622;-8212;14358,0.2177668;0.2388016;1.569348,-0.07019752;-0.4352284;1.162259,-0.05395729;-0.4079851;1.251738,-0.01424048;-0.23784;1.438378,0.05552719;-0.03193365;1.529666,0.2155888;0.008544068;1.540034,0.1789748;-0.4560145;1.460024,2
9766,4012;-13292;-5768,-415;-8444;15977,0.2171133;0.2385215;1.568802,-0.07028659;-0.4347465;1.162988,-0.05411611;-0.4079414;1.251726,-0.01440528;-0.2379026;1.438467,0.05546732;-0.03198401;1.529657,0.2153746;0.007893804;1.539836,0.178932;-0.4560016;1.459986,2
9798,2312;-15052;-6132,-1254;-7816;16548,0.2168106;0.2387515;1.569331,-0.06948871;-0.4317949;1.168734,-0.05425293;-0.4074429;1.251253,-0.01456877;-0.2379209;1.438487,0.05536576;-0.03199203;1.529625,0.2149181;0.008360307;1.539699,0.1788842;-0.4560075;1.459859,2
9832,-352;-17664;-5600,827;-8187;17798,0.2166283;0.2392411;1.570189,-0.06916542;-0.4312669;1.172536,-0.05431838;-0.4075295;1.251143,-0.01472654;-0.2379955;1.438386,0.05517268;-0.0320194;1.529707,0.2145609;0.008762781;1.539752,0.1788707;-0.4559966;1.459864,2
9865,-2224;-16040;-6080,2713;-8302;18635,0.2162115;0.2392299;1.569493,-0.06914945;-0.432582;1.167417,-0.05454811;-0.407533;1.250823,-0.01497324;-0.2381177;1.438181,0.05500664;-0.03202823;1.52956,0.2142057;0.009116799;1.539518,0.1786957;-0.4558742;1.459402,2
9906,-5116;-16884;-4880,-716;-6923;18305,0.2158395;0.2397199;1.570709,-0.06991755;-0.4330527;1.169719,-0.05480408;-0.4077588;1.251084,-0.01511341;-0.2382005;1.43828,0.05495093;-0.03208988;1.529596,0.214057;0.00848295;1.53979,0.1786895;-0.4558916;1.459403,2
