Time_Stamp,Accel,Gyro,WristLeft,ElbowLeft,ShoulderLeft,SpineShoulder,SpineBase,TrimmingId
0,-8772;-7748;10548,952;-419;-1071,-0.2238052;-0.4771332;1.065945,-0.2575679;-0.3987991;1.287242,-0.2377154;-0.2298533;1.380477,-0.07349653;-0.1904107;1.38757,-0.07072812;-0.6187743;1.394443,0
31,-8616;-7892;10452,1044;-415;-1055,-0.2236423;-0.4769258;1.065408,-0.257565;-0.3987445;1.286956,-0.2376139;-0.2298368;1.380245,-0.07334049;-0.1901936;1.387577,-0.07070126;-0.6187605;1.394424,0
65,-8744;-8056;10288,1119;-460;-969,-0.2237426;-0.4771648;1.065872,-0.2575575;-0.398957;1.287469,-0.2375928;-0.2298897;1.380415,-0.07348616;-0.1903248;1.38754,-0.07065821;-0.6188512;1.394799,0
100,-8760;-7824;10512,703;-455;-1080,-0.2237431;-0.4772245;1.06577,-0.2575293;-0.398993;1.287471,-0.237557;-0.2299057;1.380373,-0.07333177;-0.1901484;1.387687,-0.07065816;-0.6188521;1.3948,0
133,-8688;-8024;10456,1187;-437;-981,-0.2238001;-0.4772671;1.065784,-0.2575698;-0.399144;1.287853,-0.2375326;-0.2299602;1.38053,-0.073205;-0.1898579;1.388397,-0.07061707;-0.6189465;1.39511,0
166,-8712;-7720;10464,853;-364;-1083,-0.2237857;-0.4772851;1.06576,-0.2575272;-0.3991684;1.287902,-0.2375033;-0.2299672;1.380545,-0.07310779;-0.1897847;1.388521,-0.07062811;-0.6189637;1.395135,0
198,-8836;-8192;10480,938;-397;-1027,-0.2235572;-0.4767736;1.065101,-0.257398;-0.3990638;1.287535,-0.2374541;-0.2299685;1.380427,-0.07301738;-0.1896617;1.388476,-0.07059724;-0.618946;1.3951,0
233,-8840;-7964;10308,855;-423;-1104,-0.2234444;-0.4764075;1.064806,-0.2571813;-0.3990404;1.287425,-0.2374407;-0.2299688;1.380422,-0.07287177;-0.189564;1.388552,-0.07058975;-0.6189266;1.395141,0
264,-8824;-7984;10344,897;-409;-1053,-0.2231754;-0.4759366;1.064405,-0.2569872;-0.3990073;1.287308,-0.2374438;-0.2299708;1.380432,-0.07280162;-0.1894706;1.388602,-0.0705888;-0.6189264;1.395141,0
300,-8656;-8076;10340,1085;-507;-999,-0.2229688;-0.474669;1.063406,-0.2567733;-0.3989333;1.287127,-0.2374385;-0.2299619;1.380445,-0.0727056;-0.1893785;1.388673,-0.070555;-0.6188818;1.395302,0
333,-8832;-8152;10384,962;-436;-1031,-0.236084;-0.4677552;1.129025,-0.2867075;-0.4353416;1.38355,-0.2373886;-0.2299922;1.380396,-0.07263003;-0.1893024;1.388734,-0.07047941;-0.6188682;1.39548,0
366,-8784;-8180;10232,1236;-454;-976,-0.2210636;-0.4624176;1.057294,-0.2555634;-0.3970649;1.282894,-0.2373795;-0.2299976;1.380392,-0.07290997;-0.1896179;1.388358,-0.07044205;-0.618876;1.395586,0
397,-8932;-8100;10464,1061;-439;-997,-0.2210536;-0.4588595;1.051654,-0.2554801;-0.3970808;1.282895,-0.2373734;-0.2300022;1.380389,-0.07316107;-0.1899603;1.387934,-0.07041977;-0.6190364;1.395577,0
432,-8904;-8120;10080,1073;-469;-1033,-0.2215095;-0.4571838;1.052018,-0.2553872;-0.3969821;1.282804,-0.2373336;-0.2299562;1.380416,-0.07330728;-0.1901347;1.387769,-0.07047013;-0.6190909;1.395799,0
464,-8860;-8488;10392,1194;-568;-975,-0.2389502;-0.4521853;1.126242,-0.285941;-0.4362543;1.383064,-0.2381094;-0.2304255;1.380855,-0.073167;-0.1900055;1.387903,-0.070483;-0.619203;1.395845,0
498,-8764;-7828;10372,947;-480;-1031,-0.2418384;-0.4487707;1.125539,-0.2859474;-0.4362447;1.383067,-0.2380765;-0.2304016;1.380897,-0.07327364;-0.1901481;1.387774,-0.07045194;-0.6191966;1.395883,0
536,-8780;-8160;10312,1014;-469;-1079,-0.2420584;-0.4482705;1.12539,-0.2859106;-0.4362954;1.38299,-0.238011;-0.2303469;1.380866,-0.07314789;-0.1900034;1.387993,-0.07046644;-0.6193236;1.395955,0
567,-8828;-8136;10308,1050;-499;-1012,-0.2423384;-0.4479731;1.125273,-0.2859263;-0.43629;1.382932,-0.2379448;-0.2303283;1.380839,-0.07304519;-0.1898217;1.388184,-0.0704727;-0.6193839;1.395969,0
600,-8732;-8104;10164,1178;-492;-962,-0.2424005;-0.4478969;1.125022,-0.2858221;-0.4365173;1.382723,-0.2378875;-0.2302991;1.38089,-0.07286258;-0.189664;1.388467,-0.07044735;-0.6193879;1.395998,0
633,-8812;-8068;10300,1087;-440;-1046,-0.2433973;-0.4480126;1.124853,-0.2858142;-0.4365278;1.382716,-0.2378446;-0.2302733;1.380898,-0.0727937;-0.1895882;1.388595,-0.07053441;-0.6195056;1.396089,0
666,-8756;-8084;10284,1023;-538;-1070,-0.2437571;-0.4479938;1.12472,-0.2856741;-0.4368448;1.38268,-0.2377749;-0.2302478;1.380907,-0.07273543;-0.1894658;1.388788,-0.07055716;-0.6195661;1.396101,0
699,-8772;-7932;10328,1104;-465;-1042,-0.244713;-0.4473248;1.124156,-0.2854221;-0.4371213;1.38235,-0.2376867;-0.2301723;1.380814,-0.07265277;-0.1893957;1.388821,-0.07064211;-0.6196254;1.396025,0
732,-8776;-8196;10276,-253;-391;-1622,-0.2448449;-0.4473344;1.124789,-0.2853386;-0.4379111;1.383048,-0.2376143;-0.2302024;1.38136,-0.07244308;-0.1891973;1.389697,-0.07053979;-0.6196327;1.396354,0
766,-8724;-8488;10264,231;-527;-1399,-0.2473619;-0.4475692;1.125094,-0.2851976;-0.4386072;1.383771,-0.237514;-0.2301013;1.382009,-0.07272515;-0.1895076;1.3896,-0.07042153;-0.6197664;1.396941,0
798,-8676;-8356;10252,1043;-561;-990,-0.2479399;-0.4469643;1.124616,-0.2849516;-0.4388243;1.383441,-0.2374349;-0.2300957;1.381919,-0.07294777;-0.1897724;1.389103,-0.07038033;-0.6197558;1.396938,0
831,-8796;-8180;10308,36;-211;-1454,-0.2559205;-0.4583281;1.14359,-0.2848895;-0.4390511;1.383281,-0.2374053;-0.2300781;1.381897,-0.0728209;-0.1896615;1.389192,-0.07036694;-0.6197554;1.396931,0
866,-8888;-8372;9960,445;-365;-1473,-0.2504889;-0.4562534;1.127657,-0.2848004;-0.4396366;1.382935,-0.2373843;-0.2300734;1.381901,-0.07302933;-0.1898999;1.388867,-0.07033326;-0.6197626;1.396884,0
898,-8528;-8208;10204,-1473;-455;-1933,-0.2508124;-0.456371;1.127296,-0.284385;-0.4404141;1.382066,-0.2372398;-0.2300762;1.381715,-0.0732388;-0.1901448;1.388281,-0.07025214;-0.6196969;1.396638,0
933,-8624;-8084;10188,-7801;280;-3476,-0.2556858;-0.4495169;1.122215,-0.284228;-0.4406816;1.382082,-0.2372058;-0.2300596;1.381763,-0.07300073;-0.1897967;1.388606,-0.07022298;-0.6196973;1.39664,0
966,-8820;-10612;8708,-3264;166;-2596,-0.2577678;-0.4524032;1.121882,-0.2836613;-0.4418072;1.381955,-0.2371691;-0.2300479;1.381809,-0.07314028;-0.1899634;1.388403,-0.07015744;-0.6196948;1.396661,0
998,-7456;-8332;9068,-4086;1394;-3109,-0.2595936;-0.4519612;1.121295,-0.2834331;-0.4420888;1.381593,-0.2371442;-0.2300493;1.381792,-0.07292289;-0.1896713;1.388682,-0.07012297;-0.6196786;1.396637,0
1031,-8408;-10364;9204,-11054;2437;-4768,-0.2616087;-0.4544927;1.12123,-0.2834439;-0.442093;1.381588,-0.2371093;-0.2300474;1.381774,-0.07307162;-0.1898364;1.388509,-0.07011335;-0.6196781;1.396643,0
1065,-8444;-12708;6384,-5607;933;-3280,-0.2649616;-0.4569046;1.124955,-0.2833718;-0.4420394;1.381464,-0.2370864;-0.2300398;1.381759,-0.07321447;-0.1899749;1.388302,-0.07009252;-0.6196596;1.396615,0
1097,-8368;-10640;8112,-11134;2662;-4495,-0.2660839;-0.4580416;1.125888,-0.2833353;-0.4423017;1.381378,-0.2370668;-0.2300333;1.381766,-0.07293399;-0.1895841;1.38875,-0.07009815;-0.61965;1.396608,0
1132,-7712;-12176;5484,-16156;2264;-5228,-0.2638555;-0.4609374;1.145696,-0.2649203;-0.4781529;1.317036,-0.237024;-0.2300241;1.381626,-0.07318643;-0.1898051;1.388218,-0.07011435;-0.6195844;1.396113,0
1166,-7996;-13432;3200,-15998;3339;-6861,-0.3331291;-0.4422542;1.068251,-0.2650497;-0.4783376;1.318142,-0.2370138;-0.2300544;1.381862,-0.07336448;-0.1899651;1.388163,-0.07047492;-0.619747;1.396372,0
1199,-7172;-13304;1500,-20432;3262;-8164,-0.2771896;-0.4580124;1.119311,-0.2846206;-0.4428538;1.380311,-0.2370095;-0.2300618;1.381849,-0.07350352;-0.1900893;1.387997,-0.07061168;-0.6197567;1.396347,0
1232,-6112;-14456;-816,-21290;4797;-8094,-0.2721626;-0.4749844;1.171859,-0.28453;-0.4429448;1.380259,-0.2369941;-0.2300575;1.381834,-0.07329032;-0.1897521;1.38813,-0.07073365;-0.6197314;1.396232,0
1264,-6000;-14328;-3456,-24494;4447;-7960,-0.272444;-0.4753036;1.173147,-0.2845356;-0.4428375;1.380461,-0.2369621;-0.2300595;1.382043,-0.07297339;-0.1893064;1.389234,-0.0709433;-0.6197442;1.396468,0
1298,-5084;-14488;-7056,-21040;3421;-6090,-0.2728457;-0.4777358;1.176401,-0.2847779;-0.4428333;1.381661,-0.2369962;-0.2301553;1.382373,-0.07315602;-0.1894885;1.389236,-0.07105228;-0.619801;1.39672,0
1332,-4636;-15492;-9792,-11972;945;-3772,-0.2766474;-0.4741861;1.142834,-0.2847713;-0.4427839;1.381725,-0.2369935;-0.2301403;1.382339,-0.07333433;-0.1896377;1.388942,-0.07114333;-0.6197503;1.396694,0
1366,-4204;-14188;-10136,-5070;778;-2509,-0.2777661;-0.4732602;1.138115,-0.2846697;-0.4426497;1.38182,-0.2369983;-0.2301473;1.3824,-0.07313883;-0.1892527;1.389633,-0.07166898;-0.6198909;1.39701,0
1400,-4188;-14148;-9868,-814;-571;-1619,-0.2797512;-0.4726598;1.134162,-0.2845233;-0.4429229;1.382137,-0.2369784;-0.2301576;1.382541,-0.07296152;-0.1888093;1.390585,-0.07188614;-0.6197938;1.39729,0
1434,-4424;-13400;-8968,-1857;428;-1586,-0.283682;-0.4716203;1.12735,-0.2845601;-0.4429643;1.382332,-0.2369557;-0.2301479;1.382496,-0.07331293;-0.1891194;1.39017,-0.07220618;-0.6198658;1.397297,0
1465,-3588;-12392;-10160,-2062;598;-1182,-0.2838111;-0.471727;1.127317,-0.284745;-0.4430522;1.382834,-0.236971;-0.2301642;1.382628,-0.07351279;-0.1892814;1.390033,-0.07233562;-0.6198481;1.397423,0
1499,-4292;-12832;-9488,-5359;683;-1892,-0.2841025;-0.4720052;1.127665,-0.2846774;-0.4433396;1.382864,-0.2369647;-0.2301633;1.382621,-0.07368715;-0.1894554;1.389767,-0.07258355;-0.6198962;1.397445,0
1531,-3940;-12732;-11264,-3622;318;-1452,-0.2842399;-0.4720302;1.127618,-0.2845455;-0.4434863;1.382676,-0.2369712;-0.2301304;1.382569,-0.07346708;-0.1891554;1.389908,-0.07275563;-0.6199287;1.397347,0
1566,-3748;-12204;-11756,-354;313;-1359,-0.2847459;-0.4724448;1.127994,-0.2847073;-0.4432889;1.384831,-0.2370838;-0.2300825;1.383165,-0.07329574;-0.1886894;1.391274,-0.07312657;-0.6200817;1.39768,0
1599,-3872;-12248;-10524,-1984;-99;-1569,-0.2859396;-0.472457;1.12608,-0.2847121;-0.4432924;1.384836,-0.2379285;-0.2305237;1.383351,-0.07324719;-0.1885599;1.391391,-0.07335108;-0.620127;1.397648,0
1634,-3468;-11640;-11560,-1440;303;-1430,-0.286104;-0.4721786;1.124734,-0.2846692;-0.4433324;1.384579,-0.2378482;-0.2304682;1.382812,-0.07317907;-0.1883505;1.391306,-0.07358098;-0.6200113;1.397111,0
1665,-3632;-12340;-11716,-128;-399;-1072,-0.2860966;-0.4721418;1.125013,-0.2848595;-0.4431992;1.384892,-0.2378668;-0.2304623;1.382913,-0.07308963;-0.1880725;1.392053,-0.07383877;-0.619931;1.397592,0
1698,-3448;-11716;-12320,2392;-941;-786,-0.2859378;-0.4718989;1.124988,-0.2848857;-0.4432566;1.384903,-0.2378647;-0.2304463;1.382896,-0.07308501;-0.1879202;1.39216,-0.07379664;-0.6198009;1.397429,0
1732,-3900;-12384;-11384,3081;-997;-646,-0.2859071;-0.4718056;1.124909,-0.284914;-0.443289;1.384838,-0.2378702;-0.2304374;1.382881,-0.0730714;-0.1878484;1.392208,-0.0738653;-0.6197668;1.397438,0
1766,-3932;-13396;-11912,7673;-2157;352,-0.2858975;-0.4718046;1.124658,-0.2849284;-0.4432576;1.384584,-0.2378714;-0.2304107;1.382816,-0.07305167;-0.1877398;1.392236,-0.07365222;-0.6196297;1.397085,0
1800,-3680;-12956;-12448,16314;-3702;1721,-0.2857983;-0.471654;1.12458,-0.2849935;-0.4431385;1.384511,-0.2378733;-0.2303807;1.382671,-0.07304694;-0.1875841;1.392352,-0.07363861;-0.6195356;1.397097,0
1834,-3548;-14584;-11188,29333;-6355;4277,-0.2858084;-0.4717438;1.12437,-0.2850693;-0.4431525;1.384292,-0.2378838;-0.2303677;1.382661,-0.0730718;-0.187452;1.392452,-0.07368619;-0.6195285;1.3971,0
1866,-4740;-14588;-4904,29696;-4781;6405,-0.2853451;-0.4719186;1.124349,-0.2851304;-0.4431202;1.384251,-0.23861;-0.2306798;1.382833,-0.07307792;-0.1872889;1.392495,-0.07369977;-0.6194704;1.39709,0
1899,-5012;-13492;-2824,30322;-6517;4563,-0.2849599;-0.4717394;1.124294,-0.2851296;-0.4430302;1.384206,-0.2386207;-0.2305917;1.38267,-0.07357988;-0.1877941;1.391641,-0.07369997;-0.6194188;1.39707,0
1932,-4692;-13128;1044,20871;-5443;583,-0.2843382;-0.4714392;1.124308,-0.2851914;-0.4429799;1.384249,-0.2385997;-0.2305188;1.382601,-0.07357408;-0.1875968;1.39182,-0.07372975;-0.6194063;1.397076,0
1964,-6304;-16952;2888,32767;-9665;8071,-0.2847951;-0.4696781;1.124249,-0.2852947;-0.4428612;1.38437,-0.2386108;-0.2304745;1.382657,-0.07356248;-0.1872307;1.392409,-0.07377267;-0.6193583;1.397146,0
1998,-6128;-12836;4772,16360;-2928;8374,-0.284713;-0.4696888;1.124365,-0.2853395;-0.4427479;1.384472,-0.2391861;-0.2307666;1.382813,-0.07396752;-0.1877058;1.391707,-0.07381255;-0.6193483;1.397148,0
2074,-8220;-12836;7932,27018;-4603;12002,-0.2829855;-0.4703367;1.125008,-0.2854119;-0.4423648;1.384996,-0.2396549;-0.2309245;1.383136,-0.07412963;-0.1877317;1.392006,-0.07387051;-0.6193274;1.397227,0
2132,-8308;-5568;9292,16921;-2547;6777,-0.2796587;-0.4665145;1.123535,-0.2856227;-0.4414416;1.383777,-0.239953;-0.2308805;1.382752,-0.07435588;-0.1876979;1.391151,-0.07405161;-0.6192966;1.396618,0
2165,-10852;-7464;11332,9068;-4948;-962,-0.2684218;-0.4585312;1.064937,-0.2676565;-0.3962221;1.284088,-0.2398622;-0.2307381;1.38257,-0.07456538;-0.1879513;1.390668,-0.07404062;-0.6192594;1.396597,0
2197,-10152;-7028;12660,7485;-4656;-3193,-0.2759692;-0.4664384;1.125494,-0.2859689;-0.4410684;1.383821,-0.2398312;-0.230625;1.382649,-0.0744338;-0.1874694;1.391513,-0.074054;-0.6192511;1.396628,0
2233,-8008;-5052;11088,2647;-2771;-2872,-0.2743879;-0.4667381;1.126308,-0.2859847;-0.4406584;1.383458,-0.2396843;-0.2303981;1.382447,-0.07437547;-0.1871906;1.391727,-0.07393394;-0.6191641;1.396645,0
2266,-7724;-6572;11304,885;-1357;-1454,-0.272634;-0.4553184;1.12238,-0.2861667;-0.4403409;1.383155,-0.2396687;-0.2303424;1.382396,-0.0741609;-0.1867927;1.392059,-0.07381911;-0.6191055;1.396648,0
2298,-8028;-7136;11060,542;-519;-1673,-0.2719356;-0.4549376;1.12235,-0.2865782;-0.439604;1.383044,-0.2396029;-0.2301912;1.382436,-0.07432853;-0.1870719;1.391762,-0.07372455;-0.6190082;1.396886,0
2331,-7836;-7632;11352,535;-1125;-1617,-0.2704265;-0.4548809;1.12217,-0.2866957;-0.439043;1.382739,-0.2395597;-0.2300599;1.382294,-0.07408034;-0.1866983;1.391983,-0.07363015;-0.6189072;1.396857,0
2364,-7460;-7888;11128,20;-1248;-1422,-0.2683672;-0.4520681;1.122169,-0.2867309;-0.4389783;1.38276,-0.2395944;-0.2300041;1.382578,-0.07384833;-0.1863994;1.392912,-0.07333302;-0.6189359;1.397,0
2398,-7412;-7624;11408,483;-726;-614,-0.2650711;-0.4487061;1.122252,-0.2868496;-0.4388136;1.38273,-0.2395972;-0.2299148;1.382721,-0.07374866;-0.1861823;1.393459,-0.07320461;-0.618881;1.397269,0
2431,-7420;-8040;11456,-142;-724;-795,-0.2610533;-0.4455985;1.121939,-0.2868789;-0.4388756;1.382159,-0.2400326;-0.2301666;1.382854,-0.07368265;-0.1860884;1.393537,-0.07306889;-0.6188308;1.397262,0
2465,-7224;-7796;11348,1302;-1187;-677,-0.2551552;-0.4393278;1.122465,-0.2869488;-0.4388453;1.382124,-0.2399967;-0.2300704;1.382977,-0.07351128;-0.1859174;1.394108,-0.07274445;-0.6188443;1.39746,0
2499,-7876;-8248;12004,768;-958;-948,-0.2527363;-0.4411531;1.122068,-0.287036;-0.4384692;1.381392,-0.2398804;-0.229911;1.382854,-0.07400057;-0.186707;1.392903,-0.0727407;-0.618826;1.397432,0
2532,-7684;-8340;11952,427;-740;-950,-0.2630729;-0.4783152;1.191185,-0.2870488;-0.4378621;1.38073,-0.2397961;-0.2298072;1.382756,-0.0738792;-0.1865367;1.392906,-0.07248433;-0.6187378;1.397195,0
2565,-8772;-9132;12996,1201;-1402;-1049,-0.2485429;-0.4461085;1.121552,-0.2870309;-0.4377331;1.380158,-0.2396039;-0.2295295;1.382524,-0.07372598;-0.1863832;1.392848,-0.0722212;-0.618705;1.396933,0
2597,-7828;-8032;12312,244;-2027;-1936,-0.2527043;-0.4511507;1.12788,-0.2871012;-0.43761;1.380168,-0.2395098;-0.2294065;1.382617,-0.07356198;-0.1862214;1.393098,-0.07214231;-0.6187196;1.39697,0
2632,-6752;-8344;12156,706;-3205;-3024,-0.2527331;-0.451057;1.128386,-0.287123;-0.4375162;1.379874,-0.2394198;-0.2292768;1.382645,-0.07347608;-0.1860623;1.393214,-0.07204381;-0.6186816;1.396951,0
2664,-4844;-7408;11460,-302;-2000;-2685,-0.2522255;-0.4508541;1.12768,-0.2868261;-0.4367449;1.377987,-0.2397389;-0.2294889;1.382682,-0.07332162;-0.1858624;1.393029,-0.07166158;-0.6185557;1.396275,0
2699,-6072;-8816;11884,1660;-2258;-1520,-0.2512828;-0.4504316;1.123961,-0.2867655;-0.4367521;1.377921,-0.2396376;-0.2293354;1.382584,-0.07325193;-0.185746;1.39303,-0.07163067;-0.6184889;1.396236,0
2732,-5724;-7812;10736,-126;-1874;-1983,-0.2511746;-0.4505095;1.123853,-0.2866954;-0.4366541;1.377768,-0.2400015;-0.2295436;1.382769,-0.07322706;-0.1857084;1.393029,-0.07158986;-0.6184644;1.396193,0
2770,-6172;-8796;10684,1008;-1588;-1257,-0.2514657;-0.4514037;1.125675,-0.2867503;-0.4365794;1.377922,-0.2398696;-0.2293828;1.383036,-0.07307589;-0.1856282;1.39336,-0.0715832;-0.6184677;1.396328,0
2798,-6532;-8980;11204,852;-518;-1256,-0.2525406;-0.4530478;1.128239,-0.2868013;-0.4365146;1.377988,-0.2396758;-0.2292447;1.383283,-0.07291953;-0.1855862;1.393814,-0.07166865;-0.6185005;1.396757,0
2831,-6224;-8872;11468,939;-817;-1412,-0.2501343;-0.4563015;1.123726,-0.2868066;-0.4363339;1.37789,-0.2395644;-0.2291656;1.383275,-0.07286717;-0.1855415;1.393823,-0.07166649;-0.618452;1.396752,0
2864,-6072;-9368;11728,657;-1173;-1767,-0.2511467;-0.4581897;1.129801,-0.286841;-0.4359351;1.377541,-0.2394015;-0.228982;1.383195,-0.07276603;-0.1855107;1.393788,-0.07169715;-0.6183674;1.396702,0
2899,-5372;-8872;11024,-136;-1020;-2116,-0.2524915;-0.4605983;1.136558,-0.2867925;-0.43569;1.37699,-0.2396865;-0.2292075;1.383184,-0.07321325;-0.1865036;1.392009,-0.07167067;-0.6182997;1.396418,0
2933,-5480;-9176;11544,539;-657;-1800,-0.2487922;-0.4622582;1.120213,-0.2869598;-0.4353937;1.377455,-0.2394785;-0.2290651;1.383249,-0.07298156;-0.1863467;1.3924,-0.07171917;-0.6182643;1.39654,0
2964,-5940;-9068;11808,1238;-724;-1568,-0.2489605;-0.4620695;1.120238,-0.2870093;-0.435153;1.377599,-0.2392406;-0.2287937;1.383239,-0.07327764;-0.1868959;1.391685,-0.07175638;-0.6182231;1.396538,0
2998,-5528;-8684;11772,1101;-363;-1175,-0.2451695;-0.4715245;1.139665,-0.2870293;-0.4351533;1.377618,-0.2390876;-0.2286496;1.383295,-0.07292268;-0.1866745;1.391996,-0.07172202;-0.6182262;1.396509,0
3031,-5880;-9184;11724,548;-43;-1372,-0.2430355;-0.4726641;1.136281,-0.2870243;-0.4351045;1.377644,-0.2394112;-0.2289329;1.383365,-0.07320639;-0.1872196;1.391173,-0.07171202;-0.6181872;1.396484,0
3063,-5700;-8816;11596,1751;-303;-933,-0.2436119;-0.4712879;1.131992,-0.2869831;-0.435004;1.377634,-0.2390049;-0.2286015;1.383011,-0.07305597;-0.1871089;1.391161,-0.07165651;-0.6180884;1.396161,0
3096,-6284;-8888;12052,1277;-144;-1054,-0.2420017;-0.4725609;1.129797,-0.2869357;-0.4350321;1.377709,-0.2388572;-0.2285806;1.383017,-0.07276612;-0.1868769;1.391701,-0.07167694;-0.6180912;1.396224,0
3132,-6412;-9392;11848,1649;-775;-1115,-0.2442017;-0.4703745;1.123664,-0.2868077;-0.4349177;1.377898,-0.2387276;-0.2285484;1.382971,-0.07256538;-0.186744;1.391875,-0.07166445;-0.6180855;1.396224,0
3167,-5352;-8616;11584,1088;-467;-1532,-0.2436918;-0.471243;1.124716,-0.2867321;-0.4347556;1.378177,-0.2391164;-0.2289041;1.383134,-0.07220183;-0.186512;1.392184,-0.07167189;-0.6180699;1.396234,0
3198,-5676;-8716;11864,2313;-737;-550,-0.2425623;-0.4719537;1.123898,-0.2866615;-0.4347247;1.378291,-0.2394178;-0.2291787;1.383311,-0.07197175;-0.1863561;1.392324,-0.07167257;-0.6180701;1.396234,0
3230,-5480;-8804;11776,1313;-759;-845,-0.2423099;-0.4724766;1.123569,-0.2862482;-0.4347651;1.378392,-0.2397844;-0.2295103;1.383659,-0.07227322;-0.1868804;1.391949,-0.07166476;-0.6180852;1.396343,0
3263,-5032;-8176;11384,792;-29;-593,-0.2416163;-0.4726805;1.123424,-0.2861242;-0.4348769;1.378335,-0.2399228;-0.2296622;1.383652,-0.07242619;-0.1872916;1.39124,-0.0715904;-0.6180035;1.396201,0
3298,-7116;-9488;12500,2543;-79;363,-0.2434268;-0.471523;1.123205,-0.2861432;-0.4346878;1.378567,-0.2394306;-0.229377;1.383597,-0.07195053;-0.1868287;1.391823,-0.07159691;-0.6179858;1.396196,0
3331,-8080;-9792;12976,2381;-1250;-1175,-0.2431558;-0.4716248;1.123288,-0.2860132;-0.4346738;1.37861,-0.2396506;-0.2295768;1.383711,-0.07214436;-0.1871827;1.391344,-0.07159781;-0.6179806;1.396191,0
3367,-5452;-8304;11800,300;-1830;-2739,-0.243581;-0.471406;1.123261,-0.2859345;-0.4346492;1.378695,-0.2392495;-0.2293472;1.383843,-0.07163988;-0.1868339;1.391778,-0.07159534;-0.6179683;1.396203,0
3396,-2084;-7188;10040,639;-1246;-2050,-0.2431768;-0.4716105;1.123512,-0.2858558;-0.4346047;1.378855,-0.2388927;-0.2291562;1.383779,-0.07182132;-0.1871609;1.391251,-0.0715818;-0.6179529;1.396198,0
3431,-7844;-9736;13156,5442;1343;2950,-0.2414881;-0.4736298;1.124267,-0.285679;-0.4345373;1.379034,-0.238508;-0.2289989;1.383628,-0.07125904;-0.1867942;1.391582,-0.07158119;-0.6179402;1.396198,0
3463,-8840;-9932;13124,2276;277;-963,-0.242273;-0.4731734;1.123802,-0.2853771;-0.4343444;1.378797,-0.2381032;-0.2288789;1.383268,-0.07087984;-0.1865002;1.391533,-0.07155278;-0.6178324;1.395997,0
3497,-5584;-9180;12528,-31;-2238;-4340,-0.2415009;-0.47349;1.123602,-0.285001;-0.4342284;1.378462,-0.2377028;-0.2287753;1.382958,-0.07058416;-0.186271;1.391588,-0.07154015;-0.6178221;1.395979,0
3531,-2564;-6656;10692,-619;-517;-2064,-0.2413735;-0.4732378;1.123604,-0.284876;-0.4342781;1.378511,-0.2381336;-0.2291387;1.383128,-0.07086527;-0.1867547;1.391025,-0.07153281;-0.6178173;1.395975,0
3564,-4960;-8048;11884,2066;101;1359,-0.2415208;-0.4732616;1.123551,-0.2847013;-0.4342576;1.378506,-0.2378166;-0.2289548;1.383129,-0.07042173;-0.1864697;1.391356,-0.07152716;-0.6178043;1.395984,0
3601,-6312;-9588;12720,1447;-604;1,-0.2429667;-0.4721257;1.123082,-0.2844504;-0.4343048;1.3785,-0.2376091;-0.2289021;1.383267,-0.0701177;-0.186325;1.392032,-0.07159101;-0.6177992;1.396151,0
3632,-5420;-9816;12568,935;-867;-1027,-0.2421702;-0.4726017;1.123215,-0.2843346;-0.4342861;1.378447,-0.2372465;-0.2288005;1.383256,-0.06986009;-0.1861611;1.392294,-0.07158118;-0.6178001;1.396176,0
3663,-5352;-9640;12460,1901;-550;-863,-0.2433114;-0.4707879;1.122812,-0.2842887;-0.4341832;1.378494,-0.2369434;-0.2287155;1.383247,-0.0696256;-0.1860394;1.392506,-0.0715716;-0.6178118;1.396181,0
3698,-6408;-8036;13104,2180;-912;-1177,-0.2422327;-0.4716394;1.123133,-0.2842277;-0.4342479;1.378533,-0.236795;-0.2286578;1.383183,-0.06935507;-0.1858034;1.392724,-0.07157534;-0.6178072;1.396187,0
3730,-6424;-8128;12856,1368;-1381;-732,-0.2424951;-0.4713906;1.12314,-0.2840914;-0.4342433;1.378642,-0.2365472;-0.2286183;1.38318,-0.06905413;-0.1856175;1.393135,-0.07153139;-0.6178345;1.396226,0
3764,-5508;-7696;11728,650;-1446;-960,-0.2419579;-0.4716792;1.123244,-0.2840336;-0.4343003;1.378633,-0.2363851;-0.2285586;1.383178,-0.06898337;-0.1855442;1.393235,-0.07153444;-0.6178297;1.396258,0
3802,-5172;-8160;10904,714;-1033;-1059,-0.2409273;-0.4724247;1.123511,-0.28396;-0.4342761;1.378624,-0.2370639;-0.229039;1.383354,-0.06963385;-0.1862961;1.39221,-0.07151724;-0.6178316;1.396252,0
3832,-5472;-8148;11256,1495;17;-707,-0.2412855;-0.4718225;1.123284,-0.2838255;-0.4341234;1.378548,-0.2368521;-0.2289594;1.38334,-0.06942018;-0.1861153;1.392433,-0.071517;-0.6178316;1.396252,1
3863,-5864;-8320;12068,641;-72;-1203,-0.2393429;-0.4734153;1.123804,-0.283741;-0.4339787;1.378483,-0.2365999;-0.228847;1.383251,-0.06923767;-0.1859575;1.392634,-0.07149313;-0.6178342;1.396279,1
3897,-5624;-8760;12292,1269;-359;-734,-0.240935;-0.4718154;1.123452,-0.2836735;-0.4339595;1.378659,-0.2365108;-0.2288076;1.383346,-0.06889501;-0.1857307;1.393256,-0.07144228;-0.6178643;1.396424,1
3930,-6016;-9164;12508,640;308;-1235,-0.2400114;-0.4723655;1.123414,-0.283482;-0.4338106;1.378391,-0.2362648;-0.2287125;1.383176,-0.06872923;-0.1856153;1.393243,-0.07142957;-0.6178671;1.396394,1
3963,-5580;-8768;12612,1900;-452;-1462,-0.2404325;-0.4722557;1.123406,-0.2834545;-0.4338621;1.378484,-0.2361622;-0.2286784;1.38328,-0.06852718;-0.1854887;1.393564,-0.07138468;-0.6178646;1.39649,1
3999,-5556;-8384;12744,648;73;-2045,-0.2397946;-0.4730313;1.123716,-0.2833919;-0.4339827;1.378595,-0.2360704;-0.228648;1.383373,-0.0683402;-0.185377;1.393963,-0.07135771;-0.6178908;1.396613,1
4031,-5364;-8624;12232,1294;-1080;-2139,-0.2402605;-0.4724549;1.123571,-0.2833238;-0.433961;1.378627,-0.2367535;-0.2290496;1.38365,-0.06912094;-0.1861875;1.392874,-0.07133639;-0.6178905;1.396637,1
4064,-5164;-8360;12112,1149;-371;-1642,-0.240894;-0.4719737;1.123384,-0.2832603;-0.4338817;1.378619,-0.2364885;-0.2289297;1.383612,-0.06892554;-0.1860644;1.393025,-0.07133642;-0.6178918;1.396638,1
4097,-5328;-8672;11860,1101;-549;-1587,-0.2416243;-0.4718861;1.124229,-0.2832502;-0.4340033;1.378916,-0.2362705;-0.2288225;1.383911,-0.06858517;-0.1858776;1.394006,-0.07135122;-0.6178695;1.397116,1
4131,-5244;-8652;11848,986;-202;-1472,-0.2426843;-0.4705743;1.123295,-0.2832101;-0.4341441;1.379075,-0.2361024;-0.2287778;1.383983,-0.06921535;-0.1865286;1.393287,-0.07131743;-0.6178943;1.397204,1
4163,-5428;-8536;12304,1082;-99;-1240,-0.2435188;-0.4692598;1.122988,-0.283195;-0.4341114;1.379084,-0.2360176;-0.2287117;1.383989,-0.06900273;-0.1863589;1.39349,-0.07131584;-0.6178909;1.397198,1
4198,-5744;-8532;12644,785;-52;-1270,-0.2414107;-0.4711222;1.123403,-0.2831917;-0.4337487;1.378842,-0.2357723;-0.2285501;1.383469,-0.06971605;-0.1870539;1.391957,-0.07133175;-0.6177699;1.396769,1
4233,-5512;-8672;12312,999;-539;-1301,-0.2409119;-0.4715213;1.123466,-0.2831349;-0.4338008;1.378781,-0.2354192;-0.228358;1.38283,-0.07028164;-0.1876252;1.390883,-0.0712311;-0.6177855;1.39632,1
4268,-5296;-8464;12220,931;-276;-999,-0.2412416;-0.471267;1.123562,-0.2832136;-0.4337139;1.378943,-0.2353311;-0.2282771;1.382797,-0.06971585;-0.1871513;1.391418,-0.07123297;-0.6177847;1.396321,1
4298,-5832;-9172;12264,1577;-944;-803,-0.2415571;-0.4709404;1.123505,-0.2831931;-0.4337481;1.378995,-0.2352351;-0.2282339;1.382768,-0.07004558;-0.1874896;1.391118,-0.07123984;-0.6177915;1.396338,1
4332,-5564;-8720;12088,462;-207;-1197,-0.2420868;-0.4705704;1.12335,-0.2831776;-0.4337516;1.378983,-0.2360967;-0.2287797;1.382812,-0.07035439;-0.1878174;1.390581,-0.07122678;-0.6177931;1.396291,1
4363,-5540;-8940;11936,1456;-903;-1189,-0.242511;-0.4702029;1.123218,-0.2831693;-0.4337544;1.378975,-0.2360193;-0.2286911;1.382781,-0.06981769;-0.1872944;1.391164,-0.07122742;-0.6177932;1.396291,1
4398,-5628;-9104;11720,441;-257;-1336,-0.2431403;-0.4699675;1.123526,-0.2833544;-0.4337448;1.379386,-0.2358956;-0.2286343;1.382799,-0.06937059;-0.186913;1.391967,-0.07121166;-0.6178131;1.396422,1
4433,-5252;-8852;11872,1261;-279;-985,-0.2450901;-0.4670304;1.122796,-0.2833977;-0.4337259;1.379354,-0.2357981;-0.228551;1.382631,-0.06923558;-0.1867499;1.391969,-0.07122934;-0.6177573;1.396267,1
4465,-5564;-9360;12120,1029;-195;-1214,-0.2452924;-0.4668525;1.123372,-0.2836792;-0.4335469;1.379917,-0.2357759;-0.2284516;1.382884,-0.06896415;-0.1864392;1.392918,-0.07128918;-0.6178168;1.396402,1
4498,-5292;-8812;12264,717;-242;-1254,-0.2456489;-0.46628;1.123233,-0.2837247;-0.4335586;1.379901,-0.2357465;-0.2284107;1.38286,-0.06890533;-0.1863307;1.393032,-0.07129238;-0.6178182;1.396404,1
4531,-5624;-8868;12224,659;-95;-944,-0.2460857;-0.4654847;1.122942,-0.2837591;-0.4335778;1.379775,-0.2357364;-0.2283771;1.38284,-0.06950783;-0.1869133;1.392227,-0.0713011;-0.6178182;1.396419,1
4564,-5488;-9188;12152,1425;-867;-1117,-0.2472957;-0.4640161;1.122581,-0.2837683;-0.4335793;1.379769,-0.2369371;-0.2290376;1.38347,-0.06922536;-0.1865385;1.393154,-0.07141775;-0.617852;1.396627,1
4597,-5532;-9060;11980,498;-54;-1290,-0.2505941;-0.4627792;1.123151,-0.2839001;-0.4338919;1.379737,-0.2368085;-0.2289076;1.383388,-0.06904664;-0.1863534;1.393369,-0.07141762;-0.6178569;1.396631,1
4633,-5240;-8820;12104,967;-464;-1257,-0.2507719;-0.4618775;1.123408,-0.2839947;-0.4338686;1.378961,-0.2366151;-0.2286381;1.382786,-0.06890018;-0.1860491;1.393039,-0.07147706;-0.6176928;1.395955,1
4664,-5592;-9092;12184,900;-218;-1143,-0.2514149;-0.4610463;1.123952,-0.283984;-0.4342483;1.378286,-0.2364641;-0.2284195;1.382576,-0.06875511;-0.1858574;1.392967,-0.07141424;-0.6176943;1.395846,1
4699,-5460;-9044;12028,1023;-517;-1274,-0.2524867;-0.459923;1.124314,-0.2840089;-0.4343946;1.378175,-0.236329;-0.2283042;1.382308,-0.06867537;-0.1857646;1.393009,-0.07140654;-0.6177204;1.395798,1
4731,-5536;-8924;12036,1126;-506;-1190,-0.2545619;-0.4582506;1.12493,-0.2841088;-0.4345412;1.37798,-0.2362441;-0.2282317;1.382405,-0.06963102;-0.1865272;1.392357,-0.07169959;-0.6179536;1.395957,1
4763,-5452;-8944;11896,786;-461;-1075,-0.2554786;-0.4559581;1.123003,-0.2842625;-0.4345175;1.377811,-0.236235;-0.228156;1.382435,-0.06958228;-0.1862481;1.392818,-0.07172063;-0.617915;1.396059,1
4797,-5472;-8980;11844,1092;-541;-869,-0.2564693;-0.4532945;1.120961,-0.2842971;-0.4345453;1.37783,-0.2362251;-0.2280925;1.382509,-0.06945195;-0.1859751;1.393231,-0.07163164;-0.6180032;1.396263,1
4832,-5496;-9168;11784,1008;-314;-857,-0.257684;-0.4516653;1.11996,-0.2842285;-0.4346705;1.377256,-0.236136;-0.2278953;1.382236,-0.06938701;-0.1857566;1.393187,-0.07143542;-0.6180036;1.395755,1
4865,-5640;-9128;12140,1165;-745;-1010,-0.2585163;-0.4495147;1.119144,-0.2842527;-0.4348325;1.377323,-0.2361431;-0.2278739;1.382208,-0.06934255;-0.1856215;1.393187,-0.07142076;-0.6180048;1.395766,1
4900,-5304;-9152;11908,717;-391;-1036,-0.2615035;-0.4639283;1.165359,-0.2844059;-0.4353411;1.377661,-0.2372274;-0.2285368;1.382939,-0.0693583;-0.1852779;1.394329,-0.07136265;-0.6182287;1.396348,1
4930,-5516;-9188;11988,1395;-501;-885,-0.2602912;-0.4629518;1.164152,-0.2841155;-0.4359345;1.377122,-0.2378755;-0.2289415;1.382957,-0.06934572;-0.1851839;1.394189,-0.07130723;-0.6181767;1.396115,1
4964,-5452;-9184;12076,945;-631;-1137,-0.2570113;-0.4620009;1.121732,-0.2840601;-0.4365889;1.376805,-0.2378021;-0.2288855;1.383009,-0.06929155;-0.1850354;1.394306,-0.07134208;-0.6181432;1.396271,1
5001,-5264;-9268;11848,1263;-795;-1074,-0.2598774;-0.4539174;1.116993,-0.2843818;-0.4371655;1.376872,-0.2377369;-0.2288198;1.383015,-0.06929348;-0.184965;1.394442,-0.07138958;-0.6181514;1.396325,1
5032,-5248;-9260;11788,1273;-752;-1380,-0.2602696;-0.4576231;1.116549,-0.2842056;-0.4374684;1.37623,-0.2382016;-0.2291144;1.383023,-0.06921861;-0.1848289;1.394282,-0.07130139;-0.6181295;1.396183,1
5064,-5352;-9052;11904,1381;-699;-1260,-0.2617269;-0.4555556;1.116487,-0.2842372;-0.4376105;1.376463,-0.2386556;-0.2294296;1.383241,-0.06922577;-0.1847609;1.394358,-0.07176164;-0.6183785;1.396379,1
5099,-5632;-9220;12008,1010;-809;-1260,-0.2637584;-0.4623812;1.116407,-0.2841557;-0.437594;1.375975,-0.2389644;-0.2296112;1.383229,-0.06925786;-0.1846604;1.39413,-0.07198354;-0.618498;1.396145,1
5132,-5084;-9068;11828,1004;-773;-1297,-0.265384;-0.4628163;1.117008,-0.2841541;-0.4377558;1.376244,-0.2385949;-0.229307;1.383221,-0.069219;-0.184565;1.394223,-0.07203781;-0.6184353;1.396213,1
5166,-5088;-9060;11732,1259;-448;-1086,-0.2686947;-0.4610323;1.119031,-0.2839446;-0.4379584;1.376184,-0.2383512;-0.2292093;1.383144,-0.06917457;-0.184523;1.394216,-0.07202197;-0.6184384;1.39621,1
5244,-5044;-9308;12020,392;-248;-1072,-0.2721654;-0.4609084;1.119527,-0.2839932;-0.4380456;1.376399,-0.238545;-0.229494;1.382966,-0.06910215;-0.1844321;1.394211,-0.07206234;-0.6183808;1.395956,1
5265,-4864;-8816;11716,-820;301;-1482,-0.2750541;-0.4748039;1.156516,-0.2840025;-0.4381334;1.376594,-0.2389222;-0.2297525;1.383173,-0.06908973;-0.1843875;1.394271,-0.07210875;-0.6183718;1.395972,1
5299,-5048;-9128;11668,371;-604;-1331,-0.2771099;-0.4686996;1.136802,-0.2840389;-0.4381138;1.376668,-0.2385903;-0.2295683;1.382993,-0.06905422;-0.1843192;1.394255,-0.07216982;-0.6183678;1.395919,1
5334,-5012;-9316;11656,-7195;2737;-3257,-0.2775457;-0.4685643;1.136339,-0.2840254;-0.4383093;1.376986,-0.2383858;-0.2294092;1.382856,-0.06907052;-0.1842816;1.394273,-0.07222035;-0.6183173;1.395918,1
5364,-6444;-12892;11868,-1737;-283;-2532,-0.2762516;-0.4698195;1.137173,-0.2835859;-0.4387824;1.376401,-0.2379204;-0.2290553;1.382081,-0.06909893;-0.1841743;1.393723,-0.07259581;-0.6184824;1.395289,1
5398,-3388;-7700;9600,-11597;4518;-5148,-0.2708236;-0.4583576;1.076411,-0.2676912;-0.3936141;1.280528,-0.2378256;-0.2290574;1.382189,-0.06917739;-0.1841175;1.39395,-0.07271617;-0.618581;1.395609,1
5433,-7376;-15316;9400,-22794;9146;-8452,-0.2765242;-0.475497;1.14396,-0.283609;-0.4399871;1.378182,-0.2384306;-0.2294852;1.382486,-0.07034168;-0.1853347;1.39251,-0.07288963;-0.6187434;1.395574,1
5465,-3472;-10668;6144,-17137;3983;-8510,-0.2850066;-0.4698171;1.121763,-0.2835453;-0.440037;1.378234,-0.2383161;-0.229405;1.38252,-0.07037545;-0.1851698;1.392623,-0.07307109;-0.618639;1.395789,1
5499,-6012;-19396;5420,-17479;6689;-8532,-0.2855421;-0.4697699;1.119843,-0.2834257;-0.4402005;1.378244,-0.2382368;-0.2293974;1.382461,-0.07041647;-0.1850609;1.392689,-0.07315887;-0.6185824;1.395769,1
5535,-4112;-15084;2936,-7257;550;-5218,-0.2786166;-0.4789334;1.143174,-0.283354;-0.4402675;1.378297,-0.2387109;-0.2297232;1.382693,-0.07038273;-0.1849592;1.39276,-0.07324056;-0.6185455;1.395813,1
5568,-3476;-15564;2696,-3882;6;-2649,-0.2821006;-0.4773258;1.141255,-0.2832857;-0.4408074;1.379139,-0.2385432;-0.2296799;1.382857,-0.0704221;-0.1848473;1.393355,-0.07347891;-0.6185388;1.396607,1
5600,-3488;-14916;1724,-1277;324;-157,-0.2847843;-0.4758575;1.134619,-0.2830024;-0.4411105;1.378872,-0.2389156;-0.2298967;1.382879,-0.0704354;-0.1847855;1.393257,-0.07351354;-0.6186239;1.396524,1
5633,-3604;-14296;876,-1878;-175;-495,-0.2811541;-0.4801474;1.142926,-0.2829646;-0.4411991;1.378894,-0.2388373;-0.2298347;1.382938,-0.07047268;-0.1847472;1.39335,-0.07361419;-0.6186175;1.396702,1
5665,-4676;-17132;1016,-4481;2216;-1177,-0.2855816;-0.476744;1.132078,-0.2829243;-0.4412199;1.378909,-0.2387884;-0.229763;1.382946,-0.07050521;-0.1847208;1.393382,-0.07386193;-0.6188061;1.396858,1
5699,-3872;-15732;332,-1186;-281;-1387,-0.2859742;-0.4765915;1.131849,-0.2829133;-0.4412938;1.378927,-0.2387214;-0.2297103;1.382955,-0.07053927;-0.1846545;1.393479,-0.07395262;-0.6187372;1.397068,1
5734,-2576;-13100;-668,-15102;5978;-3562,-0.281109;-0.4821658;1.146173,-0.2825005;-0.4416613;1.378652,-0.2386039;-0.229616;1.382763,-0.07156594;-0.1856835;1.391941,-0.07400452;-0.6186753;1.397049,1
5767,-3460;-16496;-2412,-17684;6276;-5220,-0.279388;-0.4822568;1.150869,-0.28239;-0.4418155;1.378498,-0.2385151;-0.2295501;1.382681,-0.07157982;-0.1855787;1.392015,-0.07408845;-0.6186352;1.397104,1
5798,-2240;-14964;-5412,-27597;8106;-7506,-0.2833152;-0.4796974;1.142476,-0.2823179;-0.4419625;1.378702,-0.2384791;-0.2295291;1.382733,-0.07155517;-0.1853633;1.392556,-0.0740677;-0.6186374;1.397252,1
5832,-2780;-17496;-8160,-22480;7877;-6595,-0.2937309;-0.454381;1.052578,-0.2706731;-0.3953038;1.281792,-0.2384444;-0.229491;1.382746,-0.07152391;-0.1852224;1.392672,-0.0741573;-0.6186293;1.397398,1
5866,128;-12096;-11424,-27174;8475;-7580,-0.288365;-0.4776356;1.13265,-0.282296;-0.4421671;1.378939,-0.2383814;-0.2294622;1.382724,-0.07152238;-0.1851497;1.392704,-0.07419467;-0.6185978;1.397444,1
5898,168;-12016;-13264,-12816;5382;-5584,-0.2885477;-0.4773774;1.131071,-0.2820469;-0.4425034;1.378574,-0.2383176;-0.2294052;1.382578,-0.07150869;-0.1850968;1.392659,-0.07419689;-0.6185948;1.397424,1
5932,964;-10424;-13648,-17335;5785;-5507,-0.288794;-0.477458;1.131278,-0.2822653;-0.4426884;1.379501,-0.2383122;-0.2293873;1.382976,-0.07157505;-0.1850513;1.393101,-0.07439762;-0.6186324;1.397889,1
5966,2664;-7176;-15600,-10193;4225;-4235,-0.2892105;-0.4767718;1.130234,-0.2821886;-0.4427815;1.379603,-0.2382466;-0.2293626;1.382893,-0.0715676;-0.1850046;1.393151,-0.07442977;-0.6186054;1.397961,1
5999,1260;-9852;-14168,-19131;5410;-5102,-0.2891926;-0.4767307;1.130248,-0.2821353;-0.4428105;1.379595,-0.2381871;-0.2293402;1.382818,-0.07154417;-0.1849674;1.393191,-0.07443468;-0.6185988;1.397967,1
6033,3752;-4592;-16436,-9500;2401;-4225,-0.2892368;-0.4767282;1.130191,-0.2821301;-0.4428335;1.379591,-0.2381531;-0.2293315;1.382756,-0.07154536;-0.1849382;1.393194,-0.07449831;-0.6185624;1.397946,1
6065,3140;-4776;-16272,-19877;5071;-4943,-0.2893752;-0.4765252;1.129752,-0.2820949;-0.4428886;1.379583,-0.2380244;-0.2293255;1.382593,-0.07154441;-0.1848596;1.393209,-0.07451551;-0.61854;1.39799,1
6098,4700;-2140;-17104,-17842;4722;-5786,-0.2803635;-0.4830275;1.148376,-0.2821146;-0.4428876;1.379646,-0.2379627;-0.2293114;1.382535,-0.07153746;-0.1848283;1.393215,-0.07452848;-0.618529;1.397992,1
6133,4668;-660;-17112,-19110;3848;-6100,-0.2869841;-0.477394;1.128306,-0.2821023;-0.44292;1.379639,-0.2379034;-0.2292823;1.38248,-0.0715033;-0.1847508;1.393227,-0.07458662;-0.6184792;1.398018,1
6166,5516;1892;-16788,-19634;4639;-7909,-0.2872496;-0.4773063;1.127986,-0.282095;-0.4429095;1.379698,-0.2378811;-0.2292889;1.382537,-0.07147894;-0.1846497;1.393559,-0.07473894;-0.6185004;1.398249,1
6199,5120;3360;-16148,-8286;326;-7109,-0.2881018;-0.4768154;1.127172,-0.2822655;-0.4432362;1.380207,-0.2378417;-0.2292984;1.382674,-0.071477;-0.1846647;1.393814,-0.07492077;-0.6187966;1.398438,1
6233,5588;5428;-16584,-4416;313;-4296,-0.2886914;-0.474952;1.122294,-0.281902;-0.4431615;1.379475,-0.2375283;-0.2291728;1.381804,-0.07142563;-0.1844401;1.393344,-0.07468645;-0.6186377;1.397498,1
6278,5788;5244;-15984,623;-1389;-1973,-0.3019359;-0.453666;1.078879,-0.2669365;-0.4764936;1.313999,-0.2372787;-0.2290936;1.381153,-0.07137346;-0.1843809;1.393142,-0.07475386;-0.618722;1.397145,1
6298,5416;5176;-15708,1189;7;-1180,-0.2899173;-0.4677276;1.120969,-0.2816383;-0.4446003;1.381321,-0.2372555;-0.2290711;1.381332,-0.07139187;-0.184378;1.393229,-0.07480857;-0.6187408;1.397209,1
6332,5472;5036;-15740,2570;-847;-736,-0.2727179;-0.4827348;1.153205,-0.2816899;-0.4444841;1.381373,-0.2372179;-0.2290568;1.381358,-0.0713803;-0.1843653;1.393252,-0.07480923;-0.618742;1.39721,1
6365,5388;5032;-15720,1808;-189;-763,-0.2842245;-0.4730339;1.125197,-0.2817491;-0.4443205;1.381708,-0.2371978;-0.2291072;1.381806,-0.07138062;-0.1843517;1.393702,-0.07487906;-0.6187909;1.397439,1
6399,5276;4656;-15488,2454;-508;533,-0.3405519;-0.424757;1.068053,-0.3045937;-0.3802495;1.280257,-0.2371815;-0.2290959;1.381846,-0.0713768;-0.1843305;1.393713,-0.07487095;-0.6187959;1.397439,1
6434,5676;5328;-15728,1232;-36;-325,-0.2835571;-0.4723963;1.121545,-0.2817067;-0.4440477;1.3815,-0.2381072;-0.2296933;1.382425,-0.07135853;-0.1842989;1.393761,-0.07485717;-0.6188013;1.397447,1
6464,5516;4568;-15588,4186;-1088;-410,-0.2733538;-0.459436;1.069494,-0.2668395;-0.3963355;1.282613,-0.2379966;-0.2296767;1.382364,-0.07133503;-0.184292;1.393749,-0.07481551;-0.61879;1.397405,1
6499,4828;3236;-15500,5839;-1627;273,-0.2730004;-0.459239;1.069649,-0.2670413;-0.3965252;1.283085,-0.2388557;-0.2301498;1.38318,-0.07132574;-0.1843343;1.394096,-0.07463621;-0.6187226;1.39757,1
6532,5028;3776;-17024,11927;-3520;-303,-0.2715534;-0.4580569;1.066236,-0.2669172;-0.3967654;1.283194,-0.2387843;-0.2301187;1.383179,-0.07131121;-0.1843363;1.394098,-0.07472549;-0.6188259;1.397547,1
6565,4452;792;-16364,13883;-3741;590,-0.2707297;-0.4571828;1.065375,-0.266632;-0.396646;1.282661,-0.2383764;-0.2299075;1.382737,-0.07122822;-0.1842445;1.393796,-0.07454689;-0.6187342;1.397252,1
6597,5184;2848;-17584,14402;-3916;90,-0.2758404;-0.4582404;1.119696,-0.2817245;-0.4430446;1.380744,-0.2382637;-0.229881;1.382757,-0.07121751;-0.1842369;1.393787,-0.07440784;-0.6187358;1.39722,1
6632,4964;404;-16572,5945;-777;430,-0.2744814;-0.4569519;1.119605,-0.28175;-0.4430003;1.380692,-0.2381544;-0.2298038;1.382833,-0.07120699;-0.1842276;1.393796,-0.07438207;-0.6187802;1.397234,1
6665,3188;-3284;-16596,17587;-5179;580,-0.2728544;-0.455002;1.119487,-0.281841;-0.4428969;1.38062,-0.2380078;-0.229748;1.382909,-0.0711816;-0.18423;1.393831,-0.07384209;-0.6187779;1.397212,1
6698,4480;-1000;-18368,18044;-4502;447,-0.2671624;-0.4543924;1.13227,-0.2817812;-0.4427868;1.380252,-0.2384034;-0.230035;1.382977,-0.07186732;-0.1854306;1.39226,-0.07349414;-0.6188487;1.396932,1
6732,2952;-6528;-15960,19061;-4893;2276,-0.2643039;-0.4649519;1.161095,-0.2819037;-0.4425282;1.379732,-0.2380278;-0.2298423;1.382577,-0.07174269;-0.1853192;1.392122,-0.07291277;-0.6186182;1.396329,1
6765,3144;-6048;-17500,29819;-7384;1856,-0.26339;-0.463982;1.162715,-0.2819926;-0.4426049;1.379352,-0.2378142;-0.2297409;1.38255,-0.07164069;-0.1852221;1.392166,-0.07248101;-0.6186876;1.396106,1
6798,2252;-9136;-15296,25458;-5215;3249,-0.2645456;-0.4712618;1.185899,-0.2818448;-0.4425096;1.378407,-0.2376224;-0.2296777;1.382383,-0.07207353;-0.1859595;1.391195,-0.07221434;-0.6185951;1.395958,1
6833,1044;-13036;-12140,27597;-6506;2481,-0.267391;-0.4705;1.185526,-0.2819618;-0.4422573;1.378334,-0.2375203;-0.2295962;1.382423,-0.0719109;-0.1857691;1.391555,-0.07215276;-0.6187301;1.39605,1
6864,1512;-10192;-12048,24521;-4958;2016,-0.2688321;-0.4687138;1.18505,-0.2821368;-0.4420295;1.378183,-0.2380994;-0.2299899;1.382749,-0.07177652;-0.1856989;1.391725,-0.07209153;-0.6187354;1.39607,1
6898,-900;-16688;-8116,23750;-5394;3101,-0.2702875;-0.4689007;1.184794,-0.2823404;-0.441772;1.377939,-0.2379848;-0.2299463;1.382769,-0.0716412;-0.1855706;1.391994,-0.07207182;-0.6187075;1.396125,1
6931,52;-13648;-7628,27311;-7240;1890,-0.2683212;-0.4702878;1.1849,-0.2823456;-0.4417109;1.377695,-0.2383464;-0.2302055;1.382895,-0.07145323;-0.1854362;1.392005,-0.07204865;-0.618802;1.396051,1
6964,-1500;-16312;-3392,16455;-3816;2201,-0.2607699;-0.4604023;1.154299,-0.2823808;-0.4413267;1.377241,-0.2386784;-0.2304273;1.383002,-0.07190263;-0.1861348;1.391202,-0.07196753;-0.6187988;1.396031,1
6997,-1152;-15184;-2828,26044;-8436;2116,-0.2605048;-0.460387;1.153345,-0.2822852;-0.4411373;1.376331,-0.2389141;-0.2306108;1.382935,-0.07166446;-0.1859044;1.391111,-0.07179733;-0.6187867;1.395626,1
7032,-2848;-19292;1364,17770;-4516;2939,-0.2589199;-0.4577257;1.122655,-0.2822644;-0.4411249;1.376171,-0.2385696;-0.2304603;1.382955,-0.07143297;-0.1856955;1.391472,-0.07163969;-0.6188062;1.395632,1
7065,-1188;-14260;1316,28941;-8555;2757,-0.2589239;-0.4580279;1.122321,-0.2822997;-0.4409763;1.376187,-0.238296;-0.2302819;1.382972,-0.07117252;-0.1855461;1.391702,-0.07156428;-0.6187739;1.395691,1
7099,-3060;-16700;5796,21623;-5057;3379,-0.258595;-0.4586544;1.122049,-0.2823122;-0.4404494;1.376013,-0.2379741;-0.2300961;1.382989,-0.07092375;-0.1854077;1.391887,-0.07150277;-0.6187496;1.395688,1
7131,-1716;-12460;6696,23679;-6266;3367,-0.2584586;-0.4604589;1.123268,-0.282357;-0.4401826;1.376121,-0.2377932;-0.2299793;1.383066,-0.07079328;-0.1853236;1.392033,-0.0714848;-0.6187394;1.395724,1
7164,-3404;-15156;9888,20765;-5496;1938,-0.2583923;-0.4625918;1.125046,-0.2823603;-0.4400589;1.376033,-0.2375713;-0.2298559;1.383074,-0.07045455;-0.18514;1.392312,-0.07147996;-0.6187317;1.395736,1
7197,-608;-7316;9588,18086;-4550;1849,-0.2583424;-0.4646652;1.126574,-0.2823539;-0.4400569;1.376025,-0.2373612;-0.2297526;1.383013,-0.0708805;-0.1859074;1.391425,-0.07147086;-0.618825;1.395712,1
7233,-2992;-10944;12004,12811;-2398;1355,-0.2579893;-0.4654857;1.125487,-0.2822723;-0.4399101;1.375853,-0.2369232;-0.2295531;1.382435,-0.07056192;-0.1856384;1.391404,-0.07147749;-0.6187701;1.395618,1
7264,-2940;-9560;12972,6520;-640;-29,-0.2555791;-0.4711818;1.128533,-0.2822398;-0.4399227;1.375988,-0.2367792;-0.2294677;1.382624,-0.07018276;-0.1854048;1.392129,-0.07168148;-0.6189102;1.395941,1
7300,-2560;-9328;13412,5287;-1168;-909,-0.2548904;-0.4727523;1.12877,-0.2822359;-0.4399227;1.375982,-0.2365797;-0.2293692;1.382596,-0.06987248;-0.1852092;1.392304,-0.07167362;-0.6188834;1.395956,1
7334,-1680;-8224;13188,1473;210;-1220,-0.2542996;-0.4741713;1.129308,-0.2823935;-0.4394317;1.37527,-0.2361539;-0.2289955;1.382062,-0.06970619;-0.1851284;1.392225,-0.0715954;-0.6187592;1.395687,1
7366,-2056;-8568;13608,2675;-11;-55,-0.2534503;-0.4762305;1.13105,-0.2824415;-0.4394306;1.375373,-0.2360271;-0.2288964;1.38207,-0.06948879;-0.1849715;1.392357,-0.07155873;-0.6187242;1.395678,1
7398,-2896;-9092;13736,1119;-184;-502,-0.2529407;-0.4778144;1.132678,-0.2824233;-0.4394246;1.375353,-0.2359305;-0.2288282;1.382077,-0.06935678;-0.1849157;1.392449,-0.07161395;-0.6187307;1.395663,1
7432,-2272;-8368;13388,997;-274;-604,-0.2526644;-0.4784426;1.133051,-0.2824523;-0.4393653;1.375397,-0.2358715;-0.2287811;1.382082,-0.06925091;-0.1848593;1.392526,-0.07161701;-0.6187198;1.395652,1
7463,-2584;-8852;13492,675;-226;-782,-0.2531798;-0.4783643;1.132919,-0.2825511;-0.4392798;1.375402,-0.2366239;-0.2291978;1.38235,-0.06910989;-0.1847789;1.392607,-0.0716437;-0.6186834;1.395624,1
7499,-2520;-8664;13260,489;-280;-594,-0.253351;-0.4786653;1.1316,-0.2829627;-0.4388297;1.376068,-0.2364941;-0.2290037;1.382841,-0.06886823;-0.1847149;1.393636,-0.07197738;-0.6189399;1.396153,1
7532,-2616;-8900;13156,1621;-586;-481,-0.2542794;-0.4789924;1.13261,-0.2829768;-0.4388164;1.376076,-0.2364278;-0.2289042;1.382978,-0.06877951;-0.1846323;1.393763,-0.07204388;-0.618897;1.396161,1
7565,-2620;-8768;13236,279;33;-721,-0.2549398;-0.4795895;1.135125,-0.2830193;-0.4387163;1.37592,-0.2370075;-0.2292508;1.382939,-0.06858019;-0.184484;1.393544,-0.07196324;-0.618799;1.395871,1
7597,-2788;-9088;13120,103;-228;-1066,-0.2558628;-0.4805194;1.13719,-0.2831022;-0.4386527;1.376071,-0.2368662;-0.2290962;1.383195,-0.06844731;-0.1843994;1.394124,-0.07192919;-0.6188104;1.396261,1
7631,-2524;-9008;13132,1309;-668;-648,-0.2561934;-0.480184;1.136271,-0.2831912;-0.4385673;1.376091,-0.2366829;-0.2288831;1.383194,-0.068392;-0.1843518;1.394198,-0.07194153;-0.618798;1.396257,1
7663,-2712;-9064;12904,117;-261;-1008,-0.2561618;-0.4803442;1.136353,-0.283307;-0.4383016;1.375967,-0.2364143;-0.2286845;1.382923,-0.06828919;-0.1842942;1.39409,-0.07193624;-0.6187761;1.396239,1
7698,-2744;-9432;13000,866;-560;-936,-0.2569175;-0.4800338;1.136391,-0.2834423;-0.4383408;1.376127,-0.2372783;-0.2291452;1.383379,-0.0681989;-0.1842499;1.394196,-0.07196452;-0.6187489;1.396347,1
7734,-2548;-8656;12916,453;-220;-938,-0.2571039;-0.4798366;1.136168,-0.2833903;-0.4381259;1.375669,-0.2370611;-0.2289243;1.383093,-0.06925647;-0.1854625;1.392269,-0.07198323;-0.6186777;1.396117,1
7765,-2740;-9184;13004,1175;-656;-1090,-0.2571166;-0.4799014;1.13623,-0.2834452;-0.4379936;1.375713,-0.2369699;-0.2287787;1.383041,-0.06916624;-0.1853538;1.39222,-0.0720177;-0.6186081;1.396069,1
7797,-2592;-9340;12856,317;-284;-1194,-0.2569826;-0.4805134;1.136966,-0.2835009;-0.4380327;1.375872,-0.237603;-0.2291643;1.383428,-0.06883743;-0.1850677;1.392775,-0.07199637;-0.6186177;1.396199,2
7832,-2780;-9316;13016,1318;-382;-1133,-0.2567946;-0.4809374;1.137512,-0.2835089;-0.4380041;1.37576,-0.2371579;-0.228872;1.382928,-0.06866671;-0.1848744;1.392731,-0.07195967;-0.6185756;1.396124,2
7864,-2620;-9340;12756,1111;-354;-1071,-0.2566239;-0.4818975;1.13901,-0.283516;-0.438123;1.375794,-0.2370158;-0.228729;1.383183,-0.06852758;-0.1847143;1.393291,-0.0719758;-0.6185542;1.39632,2
7897,-2832;-9136;12832,591;87;-878,-0.2560329;-0.4823474;1.139201,-0.2835474;-0.4381777;1.375783,-0.2368323;-0.2285352;1.383112,-0.06844824;-0.1846532;1.393371,-0.0719694;-0.6185323;1.396314,2
7932,-2724;-9108;12912,766;-512;-1304,-0.2562913;-0.4822522;1.139079,-0.2836014;-0.4378077;1.375674,-0.2367109;-0.2283883;1.382985,-0.06841395;-0.1846194;1.39339,-0.07201704;-0.6185049;1.396277,2
7966,-2904;-9396;13076,1164;-509;-948,-0.2446126;-0.4713622;1.083012,-0.259108;-0.3962823;1.282183,-0.2366183;-0.2282527;1.383055,-0.06916858;-0.1854158;1.392502,-0.07205977;-0.6184481;1.396271,2
7997,-2832;-9104;12948,522;-406;-1073,-0.2444697;-0.4710793;1.082833,-0.2590147;-0.396111;1.28208,-0.2365415;-0.228173;1.383014,-0.06904133;-0.1852332;1.392673,-0.07208868;-0.6184372;1.396246,2
8032,-2688;-9092;12816,675;-362;-1016,-0.2558328;-0.4824644;1.138938,-0.2835773;-0.4375985;1.37533,-0.237175;-0.2286004;1.382969,-0.06886986;-0.1850749;1.39248,-0.0719612;-0.6183259;1.3959,2
8063,-2760;-9276;12844,956;-460;-845,-0.2558436;-0.4824714;1.13895,-0.2835649;-0.4374647;1.375024,-0.237006;-0.2284595;1.382847,-0.06874075;-0.184962;1.392581,-0.07197567;-0.6183162;1.395911,2
8097,-2752;-9424;12744,783;-408;-883,-0.2561628;-0.4826566;1.139861,-0.2836721;-0.4373203;1.3753,-0.2368682;-0.228221;1.383271,-0.06849;-0.1847898;1.393226,-0.07209575;-0.6183451;1.396323,2
8134,-2652;-9268;12644,665;-185;-901,-0.2557952;-0.4828857;1.140021,-0.2834373;-0.4374132;1.374807,-0.2374952;-0.228639;1.383254,-0.06839439;-0.1846869;1.393025,-0.0721628;-0.6184881;1.396143,2
8167,-2760;-9364;12804,1087;-353;-781,-0.255815;-0.4828839;1.140071,-0.2834639;-0.4373933;1.374826,-0.2380101;-0.2290177;1.383406,-0.06834276;-0.1846127;1.393122,-0.07217557;-0.6184889;1.396143,2
8197,-2692;-9248;12896,567;-231;-974,-0.2558261;-0.4828668;1.140024,-0.2834614;-0.4375114;1.374759,-0.2384121;-0.2293071;1.383525,-0.06825662;-0.1844886;1.393236,-0.07217966;-0.6184972;1.396153,2
8232,-2956;-9960;12872,925;-439;-1022,-0.2558444;-0.4828551;1.140036,-0.2833737;-0.4372529;1.374179,-0.2378605;-0.2290052;1.382805,-0.06820143;-0.1844079;1.393115,-0.07205348;-0.6184052;1.395851,2
8265,-2504;-8968;12612,-43;4;-1013,-0.2557819;-0.4828681;1.139908,-0.2834445;-0.4373038;1.374306,-0.2382771;-0.2293224;1.382992,-0.06812258;-0.1843144;1.393288,-0.07208869;-0.6183999;1.395863,2
8298,-3160;-9804;12928,-793;-94;-847,-0.2555629;-0.483193;1.139965,-0.2834427;-0.437501;1.374101,-0.2378252;-0.2290351;1.382558,-0.06808309;-0.1842682;1.393188,-0.07205907;-0.6183678;1.395767,2
8332,-2752;-9488;12456,42;-233;-763,-0.2546615;-0.4839541;1.139254,-0.2834401;-0.4375005;1.374106,-0.237579;-0.2288386;1.382452,-0.06805528;-0.1842278;1.393219,-0.07208385;-0.6183314;1.395791,2
8365,-2816;-9016;11900,-6473;2159;-1825,-0.2433511;-0.4722657;1.082784,-0.2591273;-0.396403;1.281649,-0.2374174;-0.2286716;1.382777,-0.06799525;-0.1842085;1.393527,-0.0723449;-0.6185192;1.396217,2
8400,-3140;-10944;11884,-969;-273;-1348,-0.2549457;-0.4839408;1.139357,-0.2838103;-0.4377159;1.374989,-0.2379608;-0.2290681;1.382991,-0.06904007;-0.185351;1.392058,-0.07234329;-0.6185202;1.396217,2
8432,-2660;-9784;11112,-11744;3647;-2663,-0.2546392;-0.4821155;1.130116,-0.2837532;-0.4377323;1.374973,-0.2377006;-0.2289478;1.382932,-0.06887447;-0.185159;1.392423,-0.07233661;-0.6185115;1.396259,2
8464,-3308;-11540;10352,-9559;2953;-2134,-0.2553429;-0.4810548;1.127798,-0.2837244;-0.4377305;1.374854,-0.2371888;-0.2287321;1.382346,-0.06871259;-0.1850136;1.392397,-0.072294;-0.6184679;1.396081,2
8497,-3660;-13136;8876,-16832;5294;-3634,-0.2562462;-0.4805363;1.129034,-0.2837375;-0.4376956;1.374637,-0.2368026;-0.2285969;1.381904,-0.06941724;-0.1858028;1.391128,-0.07208019;-0.6184529;1.395638,2
8531,-3536;-14252;7216,-10146;2912;-3251,-0.2564154;-0.4801791;1.12872,-0.283817;-0.4376846;1.374672,-0.2367175;-0.2285412;1.381918,-0.06906729;-0.1854105;1.391478,-0.07214352;-0.6184428;1.395752,2
8565,-4104;-15608;5564,-21279;6998;-4478,-0.2579907;-0.4799365;1.136605,-0.2839087;-0.4379067;1.37466,-0.2365559;-0.2285;1.381994,-0.0688213;-0.1852067;1.392135,-0.07218361;-0.6184707;1.395922,2
8599,-3276;-15272;3544,-8202;1829;-3543,-0.2582035;-0.4791316;1.136742,-0.2838427;-0.4379157;1.373681,-0.2361675;-0.2283879;1.381266,-0.06868628;-0.1850063;1.3919,-0.072175;-0.6184032;1.395568,2
8636,-3440;-16384;1816,-19625;7116;-4628,-0.2586525;-0.4782498;1.13819,-0.2838994;-0.4378805;1.373676,-0.2360337;-0.2283332;1.381265,-0.06861256;-0.1849155;1.391971,-0.07215635;-0.6184195;1.395595,2
8667,-3172;-16156;420,-10292;2503;-3641,-0.2604547;-0.4702644;1.12559,-0.2839001;-0.4380078;1.373668,-0.2359544;-0.2283245;1.381264,-0.0684839;-0.1847656;1.392105,-0.07219753;-0.6185225;1.395564,2
8698,-2444;-15064;-2328,-24289;8078;-5117,-0.2616772;-0.4659772;1.118562,-0.2841074;-0.4381015;1.374165,-0.2357993;-0.2283261;1.381594,-0.06836306;-0.1845849;1.393015,-0.07232523;-0.6187943;1.395957,2
8732,-2988;-17524;-4280,-15925;4237;-4070,-0.2617899;-0.4643405;1.117023,-0.2841846;-0.4380068;1.374134,-0.235688;-0.2282788;1.381577,-0.06830509;-0.1845169;1.393022,-0.07228876;-0.618871;1.395951,2
8763,-1320;-14116;-7356,-24972;8043;-5243,-0.2617312;-0.4653922;1.114534,-0.2840142;-0.4383679;1.373621,-0.2363846;-0.2287399;1.381715,-0.06822922;-0.1844509;1.392924,-0.07219861;-0.6190244;1.39575,2
8799,-1876;-16028;-8812,-16174;4922;-4293,-0.2629222;-0.4609822;1.113931,-0.2839885;-0.4386239;1.373685,-0.2363153;-0.2287395;1.381779,-0.06813022;-0.1844103;1.393043,-0.07224572;-0.6191056;1.395812,2
8835,-316;-12872;-10744,-23562;6040;-5557,-0.2623347;-0.4595527;1.113773,-0.2839693;-0.438791;1.373617,-0.2362254;-0.2287449;1.381845,-0.06803042;-0.1842846;1.393351,-0.07223503;-0.6192096;1.395869,2
8863,592;-10992;-13488,-16145;4477;-4901,-0.2623021;-0.45825;1.113653,-0.2839965;-0.4389848;1.373611,-0.2361809;-0.2287259;1.381895,-0.06794459;-0.1842597;1.393426,-0.07209047;-0.6192368;1.395877,2
8898,1360;-10128;-13900,-20376;4891;-4549,-0.2620866;-0.4513931;1.113199,-0.2840296;-0.4390281;1.373573,-0.2358944;-0.2286452;1.381555,-0.06782775;-0.184146;1.393335,-0.07174877;-0.6191508;1.39555,2
8933,2840;-6204;-16416,-19551;6399;-4051,-0.2628081;-0.4579229;1.113661,-0.2840844;-0.439178;1.373693,-0.2358014;-0.2286246;1.381637,-0.06778573;-0.1840655;1.393471,-0.07173914;-0.619235;1.39555,2
8963,2100;-7636;-15848,-17788;4555;-4263,-0.268793;-0.4788727;1.138592,-0.2840486;-0.4393102;1.373736,-0.2357073;-0.2286295;1.381662,-0.06771092;-0.1839551;1.393642,-0.07178197;-0.6191479;1.395746,2
8998,3760;-3264;-17192,-18438;5412;-3774,-0.269001;-0.4767249;1.1384,-0.2838961;-0.4395142;1.373791,-0.2356063;-0.2286289;1.381594,-0.06869835;-0.1850723;1.392264,-0.07176813;-0.6191416;1.395746,2
9034,2988;-4056;-16404,-15978;4070;-4007,-0.269626;-0.478223;1.140453,-0.284098;-0.4396328;1.374686,-0.2354822;-0.2286458;1.381869,-0.06839912;-0.1847255;1.393236,-0.07205839;-0.6193034;1.396309,2
9067,4928;820;-17696,-13714;3239;-4196,-0.2693228;-0.4772076;1.122162,-0.28392;-0.439878;1.374831,-0.236286;-0.2292314;1.382191,-0.06920727;-0.1855304;1.392203,-0.07214075;-0.6192496;1.396329,2
9096,4432;696;-16740,-14340;4156;-3771,-0.2712524;-0.4783563;1.131493,-0.2839155;-0.4398876;1.374842,-0.2361064;-0.2291555;1.38206,-0.06893542;-0.1852595;1.392275,-0.07218406;-0.6192399;1.396251,2
9133,5764;4004;-17112,-9659;2681;-4469,-0.2703189;-0.4871917;1.129478,-0.2839729;-0.4398305;1.374995,-0.2360521;-0.2291398;1.382102,-0.06862707;-0.1849692;1.392651,-0.07222529;-0.6192172;1.396263,2
9164,4260;2256;-15872,-9337;2861;-3944,-0.271449;-0.4859778;1.124491,-0.2840369;-0.4398075;1.375129,-0.2359688;-0.2291181;1.382107,-0.06841326;-0.1847516;1.392842,-0.07223117;-0.6192225;1.396261,2
9197,5852;4272;-15480,-3065;-148;-2243,-0.2723848;-0.4844712;1.123804,-0.2843891;-0.4399449;1.376515,-0.2357925;-0.2290597;1.382467,-0.06913397;-0.1854739;1.392415,-0.07240427;-0.6192777;1.396702,2
9235,5508;5292;-16076,-2456;72;-1642,-0.2741956;-0.4815796;1.121608,-0.2845673;-0.4399968;1.377215,-0.2356862;-0.229027;1.382456,-0.06882927;-0.1850951;1.392974,-0.07253443;-0.6192828;1.396877,2
9266,5344;4360;-15388,56;-511;-2020,-0.2749227;-0.4811049;1.121521,-0.2845705;-0.4400033;1.377311,-0.2355796;-0.2290129;1.382397,-0.0685605;-0.1847912;1.393275,-0.07261633;-0.6192964;1.396917,2
9300,5540;5508;-15584,502;-302;-1189,-0.2759542;-0.480068;1.120899,-0.2845523;-0.4400141;1.377341,-0.2363639;-0.2295508;1.382566,-0.0684337;-0.1846702;1.393381,-0.07265338;-0.6193076;1.396898,2
9333,5444;5320;-15428,1333;-1121;-1458,-0.2786442;-0.4784174;1.121401,-0.2845387;-0.4400238;1.377664,-0.2362736;-0.229529;1.382645,-0.06919333;-0.1853942;1.392751,-0.07275068;-0.6193146;1.397023,2
9366,5428;5432;-15656,1596;-652;-606,-0.2794893;-0.4774678;1.119979,-0.2843804;-0.4404237;1.377451,-0.236956;-0.2299308;1.382768,-0.06905314;-0.1851333;1.392863,-0.07306412;-0.6193857;1.397014,2
9396,5248;5044;-15672,1437;-1049;-1142,-0.2803332;-0.4773239;1.120532,-0.2843671;-0.4405314;1.377558,-0.2367836;-0.2298623;1.38267,-0.06977168;-0.1858605;1.391922,-0.07307445;-0.6193767;1.396977,2
9431,5444;5480;-15908,1869;-525;-658,-0.2808183;-0.4768606;1.118998,-0.2843292;-0.4404776;1.377515,-0.2365697;-0.2297886;1.38238,-0.06952734;-0.1855413;1.392016,-0.07303202;-0.6193484;1.396798,2
9469,5552;4860;-15580,1526;-607;-799,-0.2816685;-0.476545;1.118995,-0.2842869;-0.4405111;1.377478,-0.2364278;-0.2297301;1.38215,-0.06938084;-0.1852893;1.392089,-0.07302789;-0.6192988;1.39664,2
9500,5444;5044;-15668,952;-531;-1118,-0.2845719;-0.4753554;1.118442,-0.2841176;-0.4405037;1.377602,-0.2364071;-0.2297328;1.382152,-0.07002426;-0.1859652;1.391265,-0.07302993;-0.6192984;1.396638,2
9533,5256;5264;-15644,2115;-863;-802,-0.2858319;-0.476197;1.119952,-0.2840643;-0.4406362;1.377539,-0.2363739;-0.2297198;1.382154,-0.06983896;-0.1856155;1.391644,-0.07303142;-0.6192966;1.39663,2
9565,5044;4436;-15888,4097;-1450;-421,-0.2866897;-0.4794133;1.131414,-0.2839495;-0.4409417;1.37745,-0.2363217;-0.2297029;1.382121,-0.06979631;-0.185485;1.391805,-0.07303261;-0.6192899;1.396631,2
9599,5036;3572;-15660,5564;-1853;-305,-0.280499;-0.487903;1.152303,-0.2839181;-0.4410968;1.377393,-0.2363063;-0.2296915;1.382123,-0.06980284;-0.185361;1.392171,-0.0733035;-0.6194105;1.396711,2
9632,4300;2104;-16444,17304;-5747;-870,-0.2801571;-0.4880463;1.153282,-0.2838606;-0.4411112;1.377306,-0.2362683;-0.2296727;1.382045,-0.07046062;-0.1860258;1.391162,-0.07315749;-0.6193334;1.396463,2
9665,5044;3328;-18080,19163;-5025;-86,-0.286325;-0.4828271;1.150007,-0.2838671;-0.441112;1.377332,-0.2362667;-0.229674;1.382046,-0.07035128;-0.1858247;1.391519,-0.07315284;-0.6193542;1.396481,2
9700,4508;876;-17856,16289;-3400;724,-0.2868606;-0.4824138;1.147299,-0.28379;-0.4411811;1.377337,-0.2362588;-0.2296716;1.382048,-0.07094909;-0.1863662;1.39107,-0.07335021;-0.6193366;1.396828,2
9733,3808;-2452;-17048,18089;-4005;931,-0.2834939;-0.4871125;1.156372,-0.2837608;-0.441213;1.37743,-0.2371916;-0.2301221;1.382424,-0.07149199;-0.1869482;1.390478,-0.07333954;-0.6193441;1.396822,2
9764,3632;-2576;-17304,21319;-5564;721,-0.2871632;-0.4849365;1.146926,-0.2835827;-0.4413025;1.377432,-0.2371234;-0.2300704;1.382416,-0.07191206;-0.1872638;1.390125,-0.07344845;-0.6193178;1.396824,2
9799,2596;-6028;-16544,22791;-5063;1156,-0.283237;-0.4883819;1.158415,-0.2836168;-0.441445;1.377552,-0.2378448;-0.2305225;1.382777,-0.07177633;-0.1868371;1.390728,-0.07346056;-0.6193231;1.396836,2
9832,2480;-7252;-16284,27409;-6875;1442,-0.2826086;-0.4893375;1.160459,-0.2833941;-0.4416474;1.377381,-0.2383337;-0.2307362;1.38297,-0.07210402;-0.1871644;1.390306,-0.07348777;-0.6192951;1.396846,2
9867,1776;-9352;-14212,20082;-4489;1585,-0.2814101;-0.4886275;1.15873,-0.2833896;-0.4416475;1.377363,-0.2380819;-0.2305863;1.382736,-0.07204123;-0.186967;1.39046,-0.07352964;-0.6192625;1.396856,2
9900,784;-11908;-12456,23897;-6020;1542,-0.2799826;-0.4888937;1.1572,-0.2833383;-0.441789;1.377161,-0.238547;-0.2308204;1.382878,-0.07239383;-0.1873582;1.389972,-0.07353446;-0.6192535;1.396841,2
9935,916;-11780;-11752,27066;-7149;1362,-0.2799426;-0.489287;1.157606,-0.2831121;-0.4420798;1.376912,-0.2389728;-0.2311092;1.383057,-0.07221083;-0.1870707;1.390304,-0.07383644;-0.6194759;1.39691,2
9966,-248;-14860;-9000,22312;-5041;1691,-0.279951;-0.4893923;1.15768,-0.2829032;-0.4422021;1.376725,-0.2392409;-0.2312333;1.38318,-0.07255083;-0.1874382;1.389934,-0.07429079;-0.6196253;1.396962,2
10000,-520;-15088;-6684,24151;-6194;1537,-0.2858799;-0.4819979;1.133204,-0.2828001;-0.4421406;1.376593,-0.2389034;-0.2310392;1.382894,-0.07234731;-0.1870068;1.390194,-0.07434013;-0.6196004;1.39696,2
10033,-668;-15564;-4644,17623;-3416;1536,-0.282767;-0.4839363;1.137658,-0.282692;-0.4421849;1.376473,-0.2386695;-0.2309328;1.38277,-0.07218569;-0.1867353;1.390386,-0.07434664;-0.6195914;1.39696,2
10065,-2208;-18776;-2112,27389;-7604;1691,-0.2835897;-0.4938236;1.187871,-0.2825907;-0.4422091;1.375983,-0.2389549;-0.231088;1.382722,-0.07261425;-0.1871479;1.389519,-0.0743876;-0.6194844;1.396746,2
10101,-536;-14204;-304,26373;-5949;1553,-0.2893684;-0.4806291;1.128735,-0.2827085;-0.4423676;1.376589,-0.2387801;-0.2309959;1.382751,-0.07232131;-0.1867469;1.390305,-0.07456756;-0.6196218;1.39694,2
10135,-3096;-18664;3916,25384;-6191;1404,-0.2893395;-0.4806153;1.12856,-0.282619;-0.442543;1.376444,-0.2390504;-0.2311631;1.382862,-0.07220911;-0.1865846;1.390558,-0.07461775;-0.6196014;1.396991,2
10168,-684;-13020;4828,23843;-5142;1204,-0.2769407;-0.4927207;1.169083,-0.2825586;-0.4427051;1.376104,-0.2393389;-0.2312988;1.382923,-0.07268417;-0.1872573;1.389688,-0.07469669;-0.6196932;1.396846,2
10199,-2304;-15128;8096,20828;-4722;685,-0.2771584;-0.492961;1.170279,-0.2826087;-0.4427197;1.376472,-0.2391084;-0.2311758;1.383097,-0.07230409;-0.1868673;1.390882,-0.07470603;-0.6197047;1.397021,2
10234,-1280;-11732;9156,17207;-3808;1254,-0.287987;-0.4782277;1.127413,-0.2825709;-0.4427335;1.376441,-0.2389197;-0.2311083;1.38304,-0.07261117;-0.1873197;1.390476,-0.07468992;-0.6197137;1.397028,2
10265,-2196;-12384;10464,18100;-2863;1921,-0.2816918;-0.4879027;1.149877,-0.2824598;-0.4426953;1.376244,-0.2384977;-0.2308856;1.382618,-0.07248218;-0.1871359;1.390474,-0.07468898;-0.6196464;1.396881,2
10300,-1772;-10252;11684,13658;-1920;907,-0.2806777;-0.4889499;1.153098,-0.2824046;-0.4427293;1.376252,-0.2382066;-0.230722;1.382586,-0.07218529;-0.186765;1.390775,-0.07467676;-0.6196228;1.396887,2
10333,-2112;-9940;12900,8169;357;86,-0.2871008;-0.4800664;1.126496,-0.2823788;-0.4427787;1.376225,-0.2380788;-0.2306637;1.382567,-0.07199152;-0.1864728;1.391122,-0.0747433;-0.6195503;1.396938,2
10367,-1504;-8088;13264,5509;676;-225,-0.2805035;-0.4886293;1.143357,-0.2823219;-0.4428311;1.376065,-0.2377957;-0.2305323;1.382261,-0.07184532;-0.1862913;1.391008,-0.07477391;-0.6194503;1.396721,2
10400,-2008;-8912;14016,3795;89;267,-0.2834979;-0.4828695;1.131006,-0.2822082;-0.4429692;1.37603,-0.2376537;-0.2304524;1.382259,-0.07173557;-0.1860958;1.391091,-0.07471652;-0.6194103;1.396641,2
10435,-2220;-9132;13844,3012;-283;218,-0.2845359;-0.4816951;1.127329,-0.2822865;-0.4432156;1.376643,-0.23841;-0.2309314;1.383078,-0.07139165;-0.1857206;1.392444,-0.07467584;-0.6195011;1.397206,2
10465,-2060;-8444;13864,1942;-94;-597,-0.2848114;-0.4803694;1.123081,-0.2822189;-0.4431629;1.376731,-0.2387049;-0.2310939;1.383207,-0.07192189;-0.1863086;1.391599,-0.07469296;-0.6194554;1.397186,2
10499,-2060;-8496;13812,1841;-575;-316,-0.2846137;-0.4801272;1.122044,-0.2822736;-0.4433012;1.377027,-0.2383827;-0.230951;1.383762,-0.07155823;-0.1859526;1.392773,-0.07472951;-0.6194659;1.397492,2
10534,-2232;-8336;13540,684;-395;-527,-0.284475;-0.4784654;1.117907,-0.282234;-0.4432968;1.377011,-0.2381235;-0.230848;1.383643,-0.07134936;-0.1856914;1.392884,-0.07472601;-0.6194634;1.397461,2
10569,-2448;-8572;13396,916;-322;-290,-0.2751055;-0.4858299;1.180651,-0.2822243;-0.4433027;1.377001,-0.2379408;-0.2307485;1.383548,-0.07184947;-0.1863392;1.391939,-0.07471859;-0.6194341;1.39744,2
10599,-2700;-9136;13212,405;-564;-676,-0.2793562;-0.4730312;1.117186,-0.2822146;-0.4432957;1.376992,-0.2374878;-0.2305853;1.383191,-0.07167176;-0.1859437;1.392135,-0.0747018;-0.6193829;1.397336,2
10634,-2340;-9032;13072,43;-331;-977,-0.2794131;-0.469456;1.116946,-0.2822712;-0.4431951;1.377139,-0.2373645;-0.2305142;1.383192,-0.07154823;-0.1858194;1.392198,-0.0747072;-0.6193382;1.397273,2
10664,-2292;-8896;13072,596;-171;-729,-0.2789302;-0.4653107;1.116826,-0.28236;-0.443032;1.377396,-0.2372887;-0.230472;1.383192,-0.07148878;-0.1857532;1.392245,-0.0744404;-0.6192944;1.39721,2
10698,-2452;-8728;13068,449;-325;-826,-0.2760494;-0.4685293;1.124745,-0.2823312;-0.4430126;1.377428,-0.2371772;-0.2304075;1.383244,-0.07134269;-0.185628;1.392304,-0.07444875;-0.6193574;1.397149,2
10734,-2448;-9268;13232,653;-328;-917,-0.2750875;-0.4852451;1.119389,-0.2822769;-0.4430424;1.377337,-0.2369931;-0.2303267;1.383105,-0.07117435;-0.1854623;1.392303,-0.07410488;-0.619355;1.396993,2
10766,-2444;-8972;12952,730;-282;-1021,-0.2693684;-0.4725946;1.1846,-0.2822631;-0.4430335;1.377318,-0.2375393;-0.230626;1.383275,-0.07108585;-0.1854132;1.392349,-0.07407795;-0.6194259;1.396982,2
10803,-2436;-9212;13024,570;-183;-1171,-0.2673303;-0.4815961;1.185999,-0.2822544;-0.4428993;1.376847,-0.2373491;-0.2304961;1.383203,-0.07150541;-0.1861385;1.391473,-0.073618;-0.6193831;1.396801,2
10833,-2348;-9056;13160,883;-133;-1089,-0.2678006;-0.4951011;1.189413,-0.2822842;-0.4428926;1.376862,-0.2371553;-0.2304059;1.383433,-0.07124071;-0.1859256;1.392006,-0.07330085;-0.6193475;1.39707,2
10866,-2412;-9080;13184,645;-175;-989,-0.2740642;-0.4920361;1.187972,-0.282259;-0.4428249;1.376631,-0.23705;-0.2303793;1.383373,-0.0711461;-0.1858185;1.392073,-0.07325455;-0.6194487;1.397017,2
10901,-2420;-8908;13028,1252;-350;-1085,-0.2752253;-0.4914878;1.18759,-0.2823094;-0.4426614;1.376395,-0.2368117;-0.2302603;1.383206,-0.0710371;-0.1857065;1.392089,-0.07316603;-0.6195632;1.396958,2
10932,-2560;-9040;13092,666;-383;-1113,-0.2651666;-0.4582178;1.117169,-0.2822926;-0.4426184;1.376314,-0.2366215;-0.2301176;1.383567,-0.07065822;-0.1855298;1.392858,-0.07302029;-0.6197052;1.397148,2
10965,-2564;-9056;12820,677;-332;-1175,-0.2650381;-0.4583169;1.117671,-0.2823902;-0.4423425;1.376074,-0.2371046;-0.2303862;1.383678,-0.07112135;-0.1862757;1.391974,-0.0729405;-0.6197512;1.397093,2
11004,-2328;-8896;12720,1167;-435;-1015,-0.264755;-0.4583323;1.117356,-0.2824475;-0.4424032;1.375815,-0.2368924;-0.2302662;1.38387,-0.07063504;-0.1858695;1.392486,-0.07273167;-0.6196951;1.397156,2
11035,-2600;-9088;12960,1570;-352;-1135,-0.2633465;-0.4592817;1.11787,-0.2825977;-0.4420247;1.375484,-0.2373948;-0.2305299;1.384002,-0.07049596;-0.1857448;1.392575,-0.0726897;-0.61979;1.396989,2
11065,-2456;-8936;13112,1402;-438;-870,-0.2630599;-0.4595909;1.117895,-0.2827068;-0.4416109;1.375188,-0.2370957;-0.2303154;1.383846,-0.07095721;-0.1863561;1.391569,-0.0724896;-0.6196607;1.396823,2
11100,-2372;-8636;13008,375;-240;-1007,-0.2625494;-0.462117;1.12188,-0.2826987;-0.4415984;1.375224,-0.2376422;-0.2306046;1.384232,-0.07118984;-0.1867588;1.391344,-0.07238032;-0.6198316;1.396997,2
11133,-2804;-10080;13596,-273;-515;-683,-0.2625669;-0.4633153;1.122959,-0.2826966;-0.441271;1.375084,-0.2373722;-0.2304894;1.384153,-0.07093309;-0.1864891;1.391508,-0.07237623;-0.6198539;1.396961,2
11164,-2092;-8384;12784,-912;172;-1157,-0.2609059;-0.4671585;1.12613,-0.2827588;-0.440896;1.375122,-0.2370403;-0.2303438;1.38433,-0.07056998;-0.1861243;1.392055,-0.07240945;-0.6198758;1.396988,2
11199,-1676;-7488;12228,-8873;2293;-1685,-0.2607655;-0.4681756;1.125959,-0.2828375;-0.4406779;1.375082,-0.2367714;-0.2301394;1.384399,-0.07008591;-0.1857113;1.392293,-0.07236183;-0.6198015;1.396964,2
11234,-2748;-10644;11824,-1321;252;446,-0.2609261;-0.4691418;1.12623,-0.2832467;-0.4401067;1.375665,-0.2365244;-0.230018;1.384744,-0.06952197;-0.1853146;1.393574,-0.07233752;-0.6197627;1.39731,2
11266,-3584;-11588;10940,-24163;7549;-2714,-0.2605471;-0.4699228;1.125779,-0.283159;-0.4392985;1.374717,-0.2360146;-0.2297775;1.384004,-0.06929363;-0.1850667;1.393239,-0.07241397;-0.6196864;1.396627,2
11300,-4036;-14856;10080,-3057;-381;-1607,-0.2603621;-0.4705603;1.125795,-0.2831392;-0.439159;1.374356,-0.235688;-0.2295556;1.383739,-0.06912582;-0.1849037;1.393075,-0.07246434;-0.619652;1.396228,2
11333,-2544;-11312;7428,-19613;6423;-3455,-0.2602563;-0.4715251;1.126403,-0.2831674;-0.4391144;1.374399,-0.2354947;-0.2294468;1.383838,-0.06889739;-0.1847524;1.393322,-0.07241552;-0.6196282;1.396277,2
11369,-4692;-16332;6968,-16339;4165;-4285,-0.2600299;-0.4736483;1.129088,-0.2832788;-0.4389612;1.374765,-0.2353434;-0.2293433;1.384235,-0.06875549;-0.1846744;1.393761,-0.07239409;-0.6195928;1.396428,2
11398,-2072;-12912;3320,-19993;5924;-4896,-0.2600504;-0.4736917;1.129113,-0.2830788;-0.4388992;1.373994,-0.2349313;-0.229072;1.383782,-0.06865723;-0.1846094;1.39366,-0.0722743;-0.6194911;1.396072,2
11435,-3988;-17748;2840,-17502;4787;-4105,-0.2601242;-0.4750936;1.131268,-0.2830398;-0.4388586;1.37398,-0.2348028;-0.2290142;1.383752,-0.0685376;-0.1845375;1.393681,-0.07225841;-0.6194808;1.396067,2
11468,-2352;-15404;72,-13217;3380;-3511,-0.2587557;-0.4769577;1.133036,-0.283015;-0.4388118;1.374042,-0.2347215;-0.2289575;1.383822,-0.06846356;-0.184467;1.393808,-0.07218219;-0.6194632;1.396105,2
11500,-3048;-16388;-2064,-20343;7127;-3956,-0.2587989;-0.4769574;1.132929,-0.2829009;-0.438483;1.374169,-0.2346596;-0.2289357;1.383836,-0.06832336;-0.1843946;1.393874,-0.07217798;-0.6194542;1.396105,2
11533,-2332;-15784;-3940,-16953;4450;-4113,-0.2590061;-0.4768846;1.132774,-0.2827426;-0.4385013;1.373883,-0.2345822;-0.2288831;1.38381,-0.06820492;-0.1843185;1.393884,-0.07216081;-0.619405;1.396094,2
11566,-1036;-13780;-7212,-21882;7735;-4506,-0.2582263;-0.4776658;1.131525,-0.2828014;-0.4386083;1.37405,-0.2344609;-0.2287937;1.384064,-0.0680901;-0.1842483;1.394116,-0.07207683;-0.6193842;1.396318,2
11600,-1696;-15908;-8112,-22522;5952;-5763,-0.2586221;-0.4773389;1.130768,-0.2827917;-0.4385783;1.374063,-0.2354175;-0.229327;1.384219,-0.06901295;-0.1852504;1.392994,-0.07207558;-0.6193811;1.396315,2
11634,-128;-13020;-11080,-17649;5475;-4805,-0.2586561;-0.4774081;1.130958,-0.2827888;-0.438605;1.374051,-0.2351054;-0.229153;1.384046,-0.06886866;-0.1851662;1.393119,-0.07219816;-0.6193749;1.396304,2
11664,-292;-13524;-12252,-12180;3593;-3224,-0.258596;-0.4773509;1.130618,-0.2828038;-0.4383676;1.373612,-0.2346829;-0.2288926;1.38362,-0.06866129;-0.1850264;1.392965,-0.07209005;-0.6192852;1.395983,2
11705,1816;-8616;-14104,-23783;8295;-4402,-0.2587888;-0.4769961;1.130224,-0.2828004;-0.4383437;1.373636,-0.2345097;-0.2287626;1.383528,-0.06930517;-0.1857358;1.392009,-0.07208512;-0.6192634;1.395958,2
11733,1148;-9828;-14532,-13788;3819;-3533,-0.2461097;-0.4665074;1.076908,-0.2582797;-0.3954828;1.280522,-0.2342669;-0.2286484;1.383433,-0.06903406;-0.1854724;1.392284,-0.07209674;-0.6192536;1.395952,2
11767,3372;-4824;-16476,-21700;6624;-4382,-0.2590497;-0.4761841;1.128556,-0.2828948;-0.4382523;1.373752,-0.2341605;-0.2285901;1.383472,-0.06865697;-0.185209;1.392691,-0.07206745;-0.6192448;1.396011,2
