Time_Stamp,SpineShoulder,ShoulderRight,ElbowRight,WristRight,HandRight,KneeLeft,SpineBase,HipRight,TrimmingId
0,0.0536322;-0.02315833;1.203477,0.2105855;-0.03434431;1.226039,0.2435263;-0.258892;1.293764,0.24006;-0.2915407;1.109234,0.2385432;-0.2813984;1.106756,-0.05281711;-0.4389117;0.9350928,0.06772818;-0.449309;1.29742,0.1331271;-0.4381943;1.273051,0
32,0.05349571;-0.02315612;1.203874,0.2106104;-0.03434226;1.226223,0.2398396;-0.2715715;1.267734,0.2407164;-0.2950947;1.081748,0.2375128;-0.2740543;1.104177,-0.05249622;-0.4394591;0.936493,0.06777356;-0.4489152;1.298902,0.1333444;-0.4378946;1.274577,0
67,0.05331603;-0.02317626;1.203757,0.2105714;-0.03433712;1.226165,0.2430524;-0.2624276;1.284876,0.2401135;-0.2930441;1.099977,0.2391304;-0.2786419;1.105482,-0.05269051;-0.4393327;0.9358875,0.06742882;-0.4490116;1.298349,0.133011;-0.4379662;1.274062,0
98,0.05331506;-0.02313806;1.203682,0.2105656;-0.03432957;1.226172,0.2430877;-0.2625661;1.284858,0.240601;-0.3949278;1.115615,0.2249116;-0.4103977;1.07001,-0.0527384;-0.439293;0.9359876,0.06743307;-0.4488741;1.298426,0.1330595;-0.437867;1.274124,0
133,0.05328312;-0.02312014;1.203685,0.2105654;-0.03430881;1.226217,0.2434529;-0.2608189;1.286801,0.2354727;-0.3984164;1.104947,0.219254;-0.4252458;1.051048,-0.05271997;-0.439299;0.9361022,0.06754566;-0.4488364;1.298573,0.1332004;-0.4377841;1.274327,0
167,0.05314668;-0.0230654;1.203857,0.21054;-0.03429765;1.226291,0.2441727;-0.2609253;1.289958,0.2350245;-0.3980866;1.113314,0.2184104;-0.4237289;1.062754,-0.0526327;-0.4394538;0.9361646,0.06731185;-0.4488489;1.298695,0.1329041;-0.4378793;1.274476,0
200,0.05313324;-0.02305534;1.20384,0.2105288;-0.03428577;1.226297,0.2449652;-0.2553734;1.292895,0.2460361;-0.3909498;1.143855,0.2277761;-0.4006371;1.103166,-0.05261163;-0.4393;0.9358399,0.06737984;-0.4489947;1.298406,0.1329032;-0.4379536;1.274224,0
231,0.05309433;-0.02297015;1.203907,0.2105137;-0.03427412;1.226316,0.2454679;-0.2513277;1.296204,0.2472014;-0.3915057;1.142025,0.228528;-0.4019381;1.099667,-0.0526537;-0.4392562;0.9359804,0.06781036;-0.4489286;1.298467,0.1333745;-0.4377556;1.274282,0
266,0.0530493;-0.02280615;1.20382,0.2104817;-0.0342462;1.226277,0.245859;-0.2566954;1.297846,0.2378443;-0.3948649;1.13358,0.218922;-0.4079745;1.088782,-0.0526296;-0.4390579;0.9359254,0.06783763;-0.4487941;1.298403,0.1334572;-0.4375452;1.274198,0
300,0.05372107;-0.02246286;1.204176,0.2104584;-0.03423182;1.226285,0.2456453;-0.2535818;1.299228,0.2405801;-0.2481316;1.111743,0.2396351;-0.2360356;1.100535,-0.05296624;-0.4387016;0.9354348,0.06798024;-0.4489221;1.297797,0.1334673;-0.4376873;1.273555,0
332,0.05344957;-0.02208698;1.205122,0.2104649;-0.03423649;1.226567,0.2438025;-0.2566418;1.304963,0.2408159;-0.2311186;1.114546,0.2412542;-0.2162391;1.104278,-0.05294484;-0.4386996;0.9357942,0.06816098;-0.4488039;1.298158,0.1336332;-0.4374965;1.273956,0
367,0.05447202;-0.02128722;1.206451,0.210432;-0.03427267;1.226966,0.2360925;-0.2291652;1.293796,0.2405686;-0.2105873;1.107129,0.2423857;-0.1915896;1.101713,-0.05251707;-0.4389293;0.9372042,0.06806476;-0.4481448;1.299501,0.1337314;-0.4370324;1.275138,0
401,0.05453668;-0.02073957;1.207207,0.2104304;-0.03437851;1.227309,0.237303;-0.227444;1.28567,0.2414335;-0.1855857;1.102795,0.2397389;-0.164569;1.107258,-0.05227561;-0.4391165;0.9377641,0.0681697;-0.4476951;1.30029,0.1339961;-0.4366268;1.27615,0
431,0.05492752;-0.02023982;1.208089,0.2104858;-0.03452622;1.227968,0.2401035;-0.2267153;1.283592,0.2403777;-0.1396069;1.100092,0.2346949;-0.1317784;1.111263,-0.05222821;-0.4390711;0.937776,0.06853443;-0.4476589;1.300385,0.1343503;-0.4365346;1.2764,0
467,0.05539783;-0.0191657;1.209602,0.210565;-0.03478226;1.228617,0.2518304;-0.2175837;1.280442,0.235798;-0.1720105;1.086339,0.2384911;-0.1139961;1.10533,-0.05204088;-0.4390594;0.9377548,0.06860414;-0.4476343;1.300466,0.1344339;-0.4365566;1.276657,0
499,0.05607051;-0.01844044;1.21086,0.210636;-0.03504767;1.229143,0.2624567;-0.2174838;1.288021,0.2398361;-0.07884937;1.109723,0.2304411;-0.06243005;1.122146,-0.05207648;-0.4390239;0.9376741,0.06876712;-0.4475963;1.300541,0.1347097;-0.4365757;1.27706,0
531,0.05660622;-0.01782224;1.212013,0.2106501;-0.03539072;1.229464,0.2659599;-0.219163;1.289864,0.2365967;-0.06868219;1.110192,0.2275848;-0.04715873;1.11795,-0.05191318;-0.4391245;0.9376566,0.06865164;-0.4473972;1.300783,0.1346203;-0.4364685;1.277628,0
566,0.05685728;-0.01724973;1.213326,0.2107489;-0.03606834;1.229705,0.269075;-0.215057;1.284464,0.2260447;-0.03857933;1.112133,0.224253;-0.02167084;1.113905,-0.05167159;-0.4392326;0.9377841,0.06856962;-0.4471956;1.301297,0.1345721;-0.4364235;1.278646,0
603,0.05722713;-0.0171905;1.213367,0.2108625;-0.03767072;1.229235,0.2724299;-0.2109077;1.273431,0.2228914;-0.02615813;1.111985,0.2174147;-0.003109622;1.111008,-0.05152081;-0.4392451;0.9377263,0.06842332;-0.4470991;1.301382,0.1344877;-0.4364306;1.278752,0
631,0.05783964;-0.016732;1.21488,0.211006;-0.03877185;1.228914,0.2729553;-0.2113756;1.269851,0.2210121;-0.01932081;1.118138,0.2127545;0.01232291;1.1191,-0.05118015;-0.4394127;0.9381171,0.06851967;-0.4468008;1.302075,0.134658;-0.4362839;1.279655,0
665,0.05795731;-0.01642539;1.215825,0.2115993;-0.04054176;1.227721,0.2729579;-0.2096348;1.255918,0.2187546;-0.01000766;1.118307,0.208591;0.02416971;1.124419,-0.0509797;-0.4395479;0.9384515,0.06832039;-0.4464359;1.302609,0.1345845;-0.4360304;1.280244,0
701,0.05799539;-0.01585145;1.217363,0.2121569;-0.0407635;1.226956,0.2729865;-0.2077489;1.245864,0.2178967;-0.009302254;1.122916,0.2049096;0.01961711;1.138757,-0.05088584;-0.4399457;0.9392077,0.06844926;-0.446012;1.303347,0.1346932;-0.435782;1.280882,0
731,0.05800803;-0.01576998;1.217452,0.2126387;-0.04074691;1.22555,0.27826;-0.2303147;1.233338,0.2096335;-0.0406614;1.108169,0.1983126;0.01774081;1.139342,-0.05117647;-0.4400388;0.9390416,0.06899761;-0.4457636;1.30311,0.1351557;-0.4354891;1.280666,0
768,0.057713;-0.01520879;1.218521,0.2131072;-0.04086635;1.224958,0.2723556;-0.2116206;1.220862,0.2089434;-0.00183442;1.130961,0.1913665;0.0148101;1.152148,-0.05105947;-0.4404002;0.939686,0.06913114;-0.4450835;1.303744,0.1353302;-0.4349608;1.281229,0
800,0.05776876;-0.01481769;1.218954,0.2134538;-0.04062537;1.224218,0.2799935;-0.2360577;1.235288,0.243699;-0.04161357;1.159964,0.1908476;0.01799542;1.147424,-0.05090105;-0.4405991;0.9401919,0.06922393;-0.4443295;1.304291,0.1355468;-0.4341592;1.281755,0
833,0.05776185;-0.01470058;1.218929,0.2138416;-0.04043248;1.223423,0.2666584;-0.2135834;1.200821,0.2046973;0.004888698;1.12844,0.1556024;0.06820512;1.124786,-0.05097577;-0.4406405;0.9401438,0.06943054;-0.444077;1.30411,0.1357694;-0.4339026;1.281436,0
865,0.05775521;-0.01448273;1.219046,0.2140928;-0.04040111;1.22315,0.2666437;-0.2136476;1.2008,0.2042084;0.005063098;1.128441,0.1555739;0.06778206;1.124531,-0.05100608;-0.4408362;0.9404848,0.06972355;-0.4438156;1.304274,0.135977;-0.4336859;1.281503,0
901,0.05790049;-0.01430233;1.219087,0.2143231;-0.04032248;1.222715,0.2664413;-0.2136658;1.199472,0.2034529;0.004562879;1.127698,0.1533961;0.06615465;1.119801,-0.05101566;-0.4409378;0.94083,0.06996638;-0.4436866;1.304336,0.1361436;-0.4335632;1.281418,0
931,0.05845825;-0.01437376;1.218546,0.2145546;-0.04031848;1.222524,0.2655298;-0.2137727;1.19525,0.1988121;0.002806752;1.122433,0.1485437;0.06475797;1.111277,-0.05120146;-0.4409096;0.9410366,0.07045165;-0.4435892;1.304212,0.1365878;-0.4333057;1.281025,0
966,0.05876887;-0.0143633;1.217996,0.2146335;-0.04014254;1.2222,0.2635363;-0.2133584;1.186177,0.188984;-0.0599023;1.112188,0.1665605;0.02430663;1.10315,-0.05111965;-0.4409965;0.9412284,0.07039689;-0.4434469;1.30424,0.1365415;-0.4331447;1.280901,0
1001,0.05844058;-0.01397116;1.218129,0.2147657;-0.04009698;1.222173,0.2652281;-0.2136024;1.18082,0.1870809;-0.04366047;1.109165,0.1621394;0.02449214;1.0883,-0.05091804;-0.4410555;0.9420845,0.07031918;-0.4433051;1.30474,0.1365119;-0.4330044;1.281102,0
1035,0.05788825;-0.01370014;1.217479,0.2149845;-0.03923027;1.221615,0.2647419;-0.214538;1.171692,0.1852896;-0.04317591;1.105061,0.1501981;0.02001768;1.064827,-0.05098981;-0.4410482;0.9419984,0.07037657;-0.4433276;1.304504,0.1365832;-0.4329666;1.280597,0
1066,0.05625786;-0.01320058;1.216126,0.2150188;-0.03824716;1.221128,0.2659905;-0.215396;1.160127,0.159362;-0.03844314;1.054299,0.1371236;0.01042201;1.040323,-0.05071587;-0.4410601;0.9419301,0.07006822;-0.4431952;1.304409,0.1363797;-0.4328121;1.280331,0
1100,0.05366562;-0.01233863;1.216925,0.2151238;-0.03677472;1.221394,0.2680571;-0.2114787;1.148399,0.1339396;-0.03058934;1.039561,0.12092;0.002006047;1.027264,-0.05019827;-0.4411026;0.9433883,0.06994872;-0.443005;1.305259,0.1363604;-0.4326384;1.280664,0
1132,0.05395147;-0.01229839;1.216617,0.2152687;-0.0341621;1.221466,0.2723255;-0.213078;1.138696,0.1314586;-0.04284792;1.029803,0.1048256;-0.01613401;1.002985,-0.0500748;-0.4410267;0.9432883,0.06981923;-0.4428353;1.305172,0.1362637;-0.4323559;1.280488,0
1165,0.05479204;-0.01234885;1.216612,0.215223;-0.03309763;1.221431,0.2728561;-0.2134611;1.137384,0.1386424;-0.0819435;1.028727,0.08723863;-0.03257296;0.9846377,-0.05014184;-0.441071;0.9432697,0.06987958;-0.4427398;1.305136,0.13639;-0.4321629;1.280437,0
1202,0.05597797;-0.01216897;1.216753,0.2152679;-0.03190261;1.2214,0.2723416;-0.2132148;1.131946,0.133356;-0.08904953;1.022858,0.06698789;-0.04813793;0.967555,-0.05036258;-0.4412233;0.9431527,0.07042249;-0.4426138;1.304768,0.1368593;-0.4318233;1.279848,0
1234,0.05690457;-0.01225363;1.217113,0.2152782;-0.03079462;1.221157,0.2686368;-0.2102787;1.124517,0.1156508;-0.1001698;1.003155,0.04711305;-0.06632853;0.9502928,-0.05034884;-0.4412891;0.9434751,0.07044303;-0.4423161;1.304876,0.1368388;-0.4313845;1.279758,0
1268,0.05711561;-0.01073557;1.219636,0.2152334;-0.03016855;1.220752,0.208725;-0.1739166;1.072799,0.07279021;-0.1049711;0.964464,0.02602392;-0.08393764;0.9335921,-0.05010816;-0.4416962;0.944651,0.07046311;-0.4407654;1.305233,0.1367361;-0.4295631;1.279344,0
1300,0.05745858;-0.00911399;1.221743,0.2150974;-0.02949542;1.22032,0.2049823;-0.1740515;1.069413,0.06391727;-0.1228028;0.9578151,0.004522613;-0.1019559;0.9176245,-0.05004689;-0.44216;0.9451578,0.06999011;-0.4389013;1.304869,0.1355814;-0.4274441;1.277818,0
1332,0.05811856;-0.009137516;1.221523,0.2149453;-0.02894531;1.21958,0.1936931;-0.1728377;1.060911,0.05088262;-0.1304456;0.9478194,-0.009434612;-0.1225965;0.9078329,-0.05020935;-0.443216;0.945838,0.0701383;-0.4349694;1.304509,0.1353157;-0.4238855;1.276787,0
1367,0.05794753;-0.008064298;1.223088,0.2140359;-0.02803389;1.218565,0.1830025;-0.1717734;1.055343,0.03830992;-0.1499249;0.93886,-0.02863113;-0.143319;0.8953331,-0.05049207;-0.4435854;0.9460037,0.07016929;-0.4330683;1.304201,0.1350131;-0.4217572;1.276157,0
1399,0.05765624;-0.007115608;1.224596,0.2129848;-0.02704535;1.217924,0.1700456;-0.1716596;1.050817,0.02625072;-0.160233;0.9317676,-0.03696365;-0.1659403;0.8932511,-0.05103284;-0.444011;0.9458661,0.06995207;-0.431918;1.303705,0.1344143;-0.4203463;1.275454,0
1433,0.05753634;-0.00658441;1.224741,0.2113216;-0.02606616;1.216537,0.1536123;-0.1729995;1.041748,0.01172417;-0.1818843;0.9202915,-0.04086284;-0.1887988;0.8868504,-0.05127893;-0.4438162;0.944681,0.06995695;-0.4312594;1.301855,0.1336383;-0.4192042;1.272828,0
1469,0.05699623;-0.005479312;1.226111,0.2058587;-0.02221379;1.215598,0.1449261;-0.176691;1.041759,0.002385155;-0.1992163;0.9230912,-0.0591355;-0.2156309;0.8867339,-0.05241568;-0.4439001;0.9444625,0.07009871;-0.4308581;1.30062,0.1327124;-0.4182602;1.270194,0
1499,0.05640617;-0.00491488;1.226243,0.2055426;-0.02223527;1.215369,0.1374269;-0.1810916;1.04136,-0.005108504;-0.222454;0.9214812,-0.06265634;-0.2396902;0.8840849,-0.05298333;-0.4441439;0.9435701,0.06951149;-0.4304202;1.298263,0.131516;-0.4178347;1.266577,0
1532,0.05585494;-0.004416515;1.226326,0.2052062;-0.02233864;1.215205,0.1271532;-0.1896777;1.04106,-0.01490442;-0.241601;0.916701,-0.06331698;-0.2625687;0.8862693,-0.05242478;-0.4443747;0.9398125,0.06973971;-0.4303698;1.292482,0.1304235;-0.4179012;1.259053,0
1589,0.05531533;-0.003855488;1.226879,0.2050115;-0.02246462;1.21522,0.1203909;-0.1936773;1.046964,-0.02626255;-0.2651677;0.9130589,-0.06134109;-0.2835553;0.8928443,-0.04707086;-0.4288433;0.9362446,0.07002895;-0.4311671;1.289971,0.129989;-0.4188546;1.25629,0
1609,0.05596863;-0.004929916;1.225773,0.204881;-0.02254952;1.215402,0.1182165;-0.1986419;1.053569,-0.05051202;-0.2965776;0.8991883,-0.05754056;-0.3006443;0.8982528,-0.05091226;-0.4047278;0.9364407,0.07057942;-0.4321503;1.288735,0.129933;-0.4198373;1.255087,0
1634,0.05560942;-0.004642539;1.226233,0.2046158;-0.0227868;1.215487,0.1173971;-0.2012589;1.05671,-0.04971638;-0.3031017;0.9008019,-0.0533148;-0.3132392;0.9027554,-0.05062063;-0.3975687;0.9365546,0.07059733;-0.4323288;1.288278,0.1299199;-0.4200598;1.254671,0
1668,0.05535147;-0.004579041;1.22663,0.2044644;-0.02296846;1.215626,0.1170766;-0.2052342;1.061522,-0.006405669;-0.2992629;0.9428149,-0.04803419;-0.3236222;0.9106481,-0.0515516;-0.396727;0.9353539,0.07221688;-0.4341135;1.286493,0.1308428;-0.4217915;1.253291,0
1701,0.05639678;-0.005481029;1.225126,0.2043746;-0.0231367;1.215781,0.1182719;-0.2080585;1.064274,0.00218223;-0.2984191;0.9495229,-0.0389976;-0.3305766;0.9193374,-0.05218159;-0.3969227;0.9349527,0.07610448;-0.4335002;1.285697,0.136334;-0.4201289;1.253039,0
1732,0.05643981;-0.005315967;1.225348,0.2043743;-0.02329553;1.215914,0.1209962;-0.2113494;1.066906,0.01045245;-0.3146744;0.9592531,-0.032378;-0.3435109;0.9286911,-0.0609839;-0.3940809;0.9301962,0.1009959;-0.440415;1.274096,0.1568171;-0.4255215;1.245417,0
1767,0.05633041;-0.005150101;1.226007,0.2044419;-0.02348668;1.216141,0.1285242;-0.2168144;1.071467,0.007809662;-0.3309036;0.961699,-0.03155709;-0.3677973;0.9376206,-0.05429084;-0.3955681;0.9329732,0.08635535;-0.4395249;1.280689,0.1449526;-0.4263527;1.249437,0
1799,0.05615405;-0.004907524;1.2266,0.2046204;-0.02378359;1.216443,0.1558111;-0.2123508;1.093936,0.009059487;-0.3312051;0.9610406,-0.02910993;-0.3720368;0.9423563,-0.05280025;-0.395579;0.9338845,0.08241855;-0.4402376;1.282711,0.1410444;-0.427554;1.251193,0
1833,0.05613014;-0.004847207;1.226732,0.2051054;-0.02408942;1.216906,0.1639491;-0.2125556;1.098253,0.05534488;-0.3135765;0.9861721,0.02075434;-0.3239146;0.9617247,-0.05165918;-0.3955268;0.9337355,0.08017408;-0.4410573;1.283028,0.1384961;-0.4287702;1.251294,0
1866,0.05621604;-0.004765919;1.227217,0.206141;-0.02464529;1.217816,0.1792162;-0.2110871;1.106178,0.06556063;-0.307819;0.9952558,0.01447163;-0.3354439;0.9668459,-0.05063919;-0.3964976;0.9333197,0.07973932;-0.4411854;1.283126,0.1381818;-0.4288572;1.25145,0
1903,0.05697463;-0.004782226;1.227968,0.2077174;-0.02532145;1.219002,0.2302117;-0.2460556;1.138809,0.07611424;-0.3038128;1.005793,0.01735776;-0.3407468;0.9735897,-0.0495957;-0.3977184;0.9327958,0.07942325;-0.4413709;1.283187,0.1378855;-0.4291367;1.251699,0
1932,0.05708487;-0.004808659;1.228091,0.2093773;-0.02618835;1.220177,0.2349509;-0.2434421;1.135279,0.07579391;-0.3118886;1.008586,0.02493134;-0.3451146;0.9797346,-0.05689241;-0.4053377;0.932494,0.07875479;-0.4422251;1.282558,0.137265;-0.4300334;1.251399,0
1966,0.05767847;-0.005169877;1.22862,0.2107428;-0.02722372;1.221502,0.2468264;-0.2410233;1.138804,0.07503661;-0.3243996;1.01366,0.04053951;-0.3431633;0.9912813,-0.05926313;-0.4078743;0.9322585,0.07764889;-0.4433664;1.282397,0.136071;-0.4314359;1.251547,0
1999,0.05814806;-0.005634936;1.229156,0.2120413;-0.02813201;1.2227,0.257017;-0.2300665;1.139864,0.0937188;-0.3233126;1.028971,0.05195305;-0.3458672;1.002147,-0.0609839;-0.41118;0.9312025,0.07660222;-0.4446868;1.281942,0.1350013;-0.4329518;1.25164,0
2032,0.05859194;-0.006022948;1.229594,0.2129207;-0.0289258;1.224091,0.2514429;-0.2191346;1.154246,0.1097762;-0.3213804;1.041557,0.06538373;-0.3471116;1.013745,-0.06221055;-0.4147712;0.9303891,0.07582639;-0.446272;1.281595,0.1340667;-0.4347278;1.25179,0
2067,0.0589212;-0.006212448;1.229761,0.2136619;-0.02946671;1.225161,0.2525836;-0.2187569;1.160784,0.1273591;-0.3204328;1.055448,0.07883421;-0.3467214;1.025203,-0.06207736;-0.4181233;0.9296212,0.07498831;-0.4464247;1.281787,0.1336598;-0.4350026;1.252238,0
2100,0.05901261;-0.006554355;1.229717,0.2142175;-0.02978204;1.225811,0.2564676;-0.2201406;1.171293,0.1434637;-0.3203535;1.062978,0.09204211;-0.3450879;1.034755,-0.0624468;-0.4202155;0.9286453,0.07458078;-0.4467759;1.281455,0.1335227;-0.435305;1.252188,0
2133,0.05927383;-0.006919996;1.229838,0.2147272;-0.03021914;1.226738,0.2638003;-0.2235798;1.185865,0.1513608;-0.3185359;1.072051,0.09617072;-0.3473957;1.046696,-0.06170637;-0.4224916;0.9283918,0.07219305;-0.4466955;1.282519,0.1323438;-0.435651;1.253373,0
2166,0.05922091;-0.007144233;1.229758,0.2151347;-0.03085661;1.227705,0.2701063;-0.2274546;1.196116,0.1357855;-0.339497;1.067255,0.1035739;-0.3493409;1.051327,-0.06289948;-0.4258372;0.928055,0.0717697;-0.4470501;1.282371,0.1320224;-0.4360958;1.253468,0
2198,0.05918896;-0.007385815;1.229678,0.2154447;-0.03161131;1.228586,0.2758658;-0.2328278;1.212072,0.1723455;-0.3340233;1.095304,0.1199071;-0.3502042;1.063166,-0.06388922;-0.4273398;0.9277681,0.07181707;-0.4472076;1.282275,0.1321341;-0.4363328;1.253607,0
2233,0.05897574;-0.007746644;1.229421,0.2158839;-0.03258763;1.229927,0.2790175;-0.2359787;1.22477,0.2188579;-0.3858379;1.136141,0.1821512;-0.3872339;1.102895,-0.06425261;-0.4288535;0.9275633,0.07173154;-0.4473364;1.282246,0.1320998;-0.4365995;1.253801,0
2267,0.05857101;-0.008203675;1.228592,0.2160205;-0.03310518;1.230564,0.2803877;-0.2374121;1.236,0.2145279;-0.3798196;1.135872,0.1743942;-0.3712895;1.100979,-0.06416125;-0.4300494;0.9269436,0.07133862;-0.4473225;1.282192,0.1319992;-0.4366606;1.253908,0
2299,0.05774415;-0.008605338;1.227402,0.2158921;-0.03348863;1.231048,0.2811025;-0.2415384;1.254303,0.1785904;-0.3574289;1.098331,0.153851;-0.3710732;1.092108,-0.06368054;-0.4313094;0.9268616,0.07086092;-0.4468754;1.282791,0.132091;-0.4362915;1.255188,0
2335,0.05749685;-0.00877871;1.227306,0.2157266;-0.03374961;1.232011,0.2823721;-0.2456046;1.271798,0.2177621;-0.3775204;1.138262,0.180473;-0.3660686;1.106074,-0.06119902;-0.4331096;0.9289219,0.06866387;-0.4452577;1.286612,0.1314308;-0.4352084;1.259831,0
2367,0.05730527;-0.009032764;1.227144,0.2154287;-0.0340573;1.232892,0.2796233;-0.2468249;1.27918,0.210982;-0.3824776;1.12831,0.1827365;-0.3651124;1.117033,-0.06024464;-0.4341128;0.929996,0.06797356;-0.4448347;1.288405,0.1313919;-0.434919;1.26199,0
2400,0.05671437;-0.009433666;1.226781,0.2150688;-0.03421162;1.233391,0.2763819;-0.2470592;1.286955,0.2095278;-0.3840742;1.127507,0.1890283;-0.3666646;1.123753,-0.05939257;-0.4350251;0.9303683,0.06665039;-0.4451394;1.289307,0.1304753;-0.435353;1.262891,0
2431,0.05588605;-0.009982386;1.226269,0.2146462;-0.03426982;1.233826,0.2716475;-0.2486586;1.292362,0.2119337;-0.384538;1.123197,0.2011642;-0.4242164;1.078433,-0.05923345;-0.4353541;0.9305581,0.06650449;-0.4455833;1.28969,0.1303561;-0.435818;1.26344,0
2466,0.05488701;-0.01066009;1.225733,0.2142798;-0.0342496;1.23441,0.2678995;-0.2492929;1.295017,0.2046067;-0.3129863;1.118021,0.2043545;-0.3349591;1.119591,-0.05877033;-0.4358742;0.931132,0.06649786;-0.4456309;1.290653,0.1306065;-0.4358372;1.264724,0
2498,0.05432401;-0.01099554;1.22544,0.2137654;-0.03400724;1.235047,0.2618701;-0.2515137;1.298044,0.2256455;-0.3972352;1.101943,0.2119548;-0.4371505;1.043227,-0.05851788;-0.4363663;0.9320785,0.06694433;-0.445481;1.292197,0.1314381;-0.4355209;1.266946,0
2534,0.05339298;-0.01144768;1.225168,0.2132647;-0.03369833;1.235505,0.2572041;-0.2526099;1.300676,0.2278085;-0.3967468;1.10086,0.213463;-0.4393153;1.037437,-0.0578846;-0.4367727;0.933187,0.06678949;-0.4450241;1.294047,0.1316527;-0.4349499;1.269373,0
2565,0.05444184;-0.01260751;1.223117,0.21282;-0.03350803;1.235748,0.2550093;-0.2524829;1.301197,0.2295274;-0.3967004;1.100322,0.2150047;-0.4337005;1.038827,-0.05764324;-0.4368911;0.933926,0.06720741;-0.4448425;1.294871,0.1322216;-0.4346625;1.270226,0
2599,0.05507782;-0.01326913;1.22195,0.2123897;-0.03328925;1.235861,0.2494107;-0.2602154;1.30421,0.2287603;-0.3974682;1.10027,0.2163894;-0.4337305;1.035881,-0.05724671;-0.4371432;0.9346668,0.06748226;-0.4443286;1.295979,0.1328157;-0.4339795;1.271621,0
2633,0.05533234;-0.01365576;1.221325,0.2119746;-0.03308344;1.236115,0.24902;-0.2602115;1.305451,0.2292465;-0.3975517;1.100677,0.2173932;-0.4343306;1.034933,-0.05709414;-0.4373555;0.9354955,0.06784555;-0.4440967;1.297147,0.1333786;-0.4336239;1.273108,0
2666,0.05480073;-0.01382555;1.221538,0.2115186;-0.0327818;1.236302,0.2479025;-0.2589522;1.308621,0.2331143;-0.3959575;1.110911,0.2155644;-0.4357754;1.041334,-0.05669531;-0.4377382;0.9370329,0.06786598;-0.4434632;1.299104,0.1337321;-0.4328927;1.275331,0
2699,0.05387276;-0.01395807;1.221259,0.2111365;-0.03264331;1.236355,0.2468996;-0.2587495;1.309108,0.2458007;-0.3870369;1.163589,0.2283992;-0.3942194;1.125112,-0.056491;-0.4378437;0.9373469,0.06794436;-0.4432657;1.299547,0.1339746;-0.4326228;1.275854,0
2733,0.05349869;-0.01409363;1.221344,0.2107645;-0.03249339;1.236494,0.2466363;-0.2576955;1.311419,0.2470801;-0.3880266;1.160489,0.2297491;-0.3970544;1.117828,-0.05623113;-0.4381667;0.9377807,0.06798883;-0.4430589;1.300169,0.1341197;-0.4323937;1.276592,0
2769,0.05325012;-0.01418303;1.221263,0.210518;-0.03244158;1.236558,0.2469363;-0.2568327;1.313191,0.2458378;-0.3924694;1.103242,0.2311187;-0.4149648;1.04248,-0.05612048;-0.4382206;0.9378245,0.06805295;-0.442961;1.300319,0.1342853;-0.432237;1.276847,0
2799,0.05285807;-0.01423591;1.221273,0.2102935;-0.03232523;1.236617,0.2479994;-0.2553542;1.315877,0.2384974;-0.387295;1.162629,0.2202906;-0.3994067;1.121257,-0.05604302;-0.4382333;0.9381866,0.06822348;-0.4428014;1.300803,0.1345936;-0.4320027;1.277428,0
2832,0.05247686;-0.01427641;1.221366,0.2101113;-0.03223727;1.236776,0.2479913;-0.2552454;1.316014,0.2447545;-0.3884372;1.164011,0.2265661;-0.397727;1.121473,-0.05606153;-0.4385766;0.9386566,0.06848627;-0.4425803;1.301397,0.1349645;-0.4317249;1.278152,0
2867,0.05224203;-0.01430995;1.221503,0.209991;-0.03221517;1.236897,0.2479406;-0.255096;1.316396,0.2457412;-0.3884932;1.163153,0.2271178;-0.3979076;1.120568,-0.05586543;-0.438634;0.9390226,0.06843129;-0.4425085;1.301888,0.1349461;-0.4316741;1.278696,0
2898,0.05296186;-0.01466834;1.22102,0.2098688;-0.0321819;1.237049,0.2480182;-0.2549901;1.31663,0.2678368;-0.2783029;1.131755,0.2715081;-0.2605873;1.133413,-0.05588944;-0.4387319;0.939292,0.06875895;-0.4425696;1.302147,0.135241;-0.4317006;1.27899,0
2932,0.05269179;-0.0147861;1.221589,0.2097515;-0.03206997;1.237364,0.2484361;-0.2545046;1.317567,0.2677677;-0.278079;1.132671,0.2706933;-0.2586936;1.133222,-0.05596372;-0.438889;0.9402435,0.06908717;-0.4425881;1.302991,0.1355175;-0.4316758;1.279767,0
2969,0.05239584;-0.01477581;1.222613,0.2096516;-0.03206035;1.237765,0.2485506;-0.2542613;1.3184,0.26773;-0.2766635;1.133334,0.2691622;-0.2568812;1.132166,-0.05608426;-0.4392181;0.9407449,0.06932757;-0.4428003;1.303611,0.1356582;-0.4319066;1.280625,0
3000,0.05205266;-0.01477646;1.223089,0.2092468;-0.03273551;1.243544,0.2494513;-0.2561261;1.32084,0.2664179;-0.2741162;1.135038,0.266413;-0.2547112;1.128695,-0.05596822;-0.4392965;0.9411574,0.06933961;-0.4428317;1.304263,0.1357521;-0.4319972;1.281504,1
3033,0.05192612;-0.01474523;1.223186,0.2091324;-0.03320064;1.245863,0.2498924;-0.2574628;1.320812,0.2647998;-0.2716139;1.13447,0.2637852;-0.2504306;1.124772,-0.05587367;-0.4393364;0.9411631,0.06935405;-0.4428388;1.304284,0.1357574;-0.4320092;1.281525,1
3066,0.05292551;-0.01510824;1.222277,0.2090621;-0.0335163;1.247289,0.2500657;-0.2582039;1.321075,0.263271;-0.2631903;1.134081,0.2620457;-0.2435701;1.120638,-0.05587735;-0.4393283;0.9410177,0.06910141;-0.4430572;1.304166,0.1353492;-0.4323749;1.281404,1
3099,0.05276678;-0.01514848;1.222688,0.2090774;-0.03380466;1.248566,0.2507013;-0.2586029;1.321764,0.261594;-0.2587854;1.134524,0.261392;-0.2363136;1.120397,-0.0558892;-0.4393375;0.9410753,0.06899104;-0.4431463;1.304294,0.135216;-0.4325184;1.281594,1
3133,0.05258486;-0.0152351;1.222491,0.2091478;-0.03392923;1.249021,0.2483953;-0.254032;1.313886,0.261138;-0.2458275;1.126919,0.259981;-0.2255555;1.111899,-0.05578049;-0.4392523;0.9406966,0.06891644;-0.4432654;1.304058,0.1351536;-0.43266;1.281422,1
3174,0.05260141;-0.01528652;1.222499,0.2093009;-0.03426062;1.249739,0.2473198;-0.2511811;1.311455,0.2611527;-0.2265057;1.125992,0.261153;-0.219307;1.113185,-0.05571482;-0.4391645;0.940537,0.06910342;-0.4434951;1.303915,0.1352652;-0.4328813;1.281311,1
3213,0.05253194;-0.01538416;1.222652,0.2094048;-0.03455819;1.250393,0.2438155;-0.2374632;1.304113,0.2614543;-0.2200066;1.118175,0.2615415;-0.2063728;1.110986,-0.0556109;-0.4391617;0.9406413,0.06902932;-0.4435788;1.304075,0.1352172;-0.4330135;1.281494,1
3231,0.05260319;-0.01547556;1.222569,0.2094912;-0.03473319;1.250559,0.2426566;-0.2342721;1.298495,0.26133;-0.2128787;1.113067,0.2607001;-0.1960318;1.106928,-0.05501377;-0.4390535;0.9404104,0.0689305;-0.4435904;1.304005,0.1351608;-0.4330602;1.281434,1
3267,0.05277328;-0.0156203;1.222836,0.209826;-0.03495237;1.251272,0.2423425;-0.2299786;1.291223,0.2615372;-0.2055565;1.10622,0.2582471;-0.1870348;1.121079,-0.05484293;-0.439113;0.9404703,0.06887136;-0.4436576;1.304129,0.1351232;-0.4332027;1.281598,1
3298,0.05295876;-0.0157547;1.222705,0.2098514;-0.03502752;1.251313,0.2426901;-0.2291052;1.289241,0.259947;-0.1903456;1.106497,0.2561615;-0.1761707;1.11699,-0.0546132;-0.4387522;0.9402047,0.06881189;-0.4437078;1.304024,0.1350928;-0.4332736;1.281545,1
3331,0.05326951;-0.01584835;1.222961,0.2099824;-0.03514135;1.251648,0.2430679;-0.2290071;1.288869,0.2599607;-0.1882861;1.106518,0.2551053;-0.1671158;1.121827,-0.05444745;-0.4388916;0.9401723,0.06884903;-0.4438729;1.304041,0.1350797;-0.4335176;1.281612,1
3367,0.05371308;-0.01604148;1.223225,0.2102366;-0.03581962;1.251898,0.2452975;-0.2204132;1.277082,0.2588885;-0.1641684;1.098637,0.2529078;-0.1550658;1.120559,-0.0541146;-0.4388005;0.9400991,0.06890478;-0.4440995;1.304037,0.1351434;-0.4338582;1.281637,1
3401,0.05415584;-0.0160815;1.223293,0.2104778;-0.03656731;1.252191,0.2464358;-0.2200743;1.274452,0.2572356;-0.1551711;1.098793,0.2513971;-0.142688;1.121398,-0.05401139;-0.4388365;0.9400843,0.06890611;-0.4441217;1.304073,0.1351672;-0.4339672;1.281769,1
3432,0.05475785;-0.01624089;1.223465,0.2106182;-0.0370108;1.252289,0.248137;-0.2185867;1.270453,0.2546228;-0.1193452;1.111639,0.2489983;-0.1295774;1.117777,-0.05393132;-0.4388086;0.9400631,0.06887735;-0.44417;1.304127,0.1351613;-0.4341305;1.28196,1
3467,0.05538322;-0.01634038;1.223578,0.2107152;-0.03754161;1.252333,0.2495112;-0.2175239;1.271784,0.2544194;-0.1188806;1.111174,0.2458412;-0.116889;1.120225,-0.05391207;-0.4386749;0.9397365,0.06934639;-0.4444797;1.303969,0.1355325;-0.4343499;1.281971,1
3499,0.05594093;-0.01645616;1.223512,0.2109784;-0.03824498;1.252261,0.252526;-0.2174325;1.274276,0.2519483;-0.1103713;1.111363,0.2433343;-0.1055771;1.118514,-0.05355484;-0.4383664;0.9395876,0.06931114;-0.4445106;1.30397,0.1355323;-0.4344607;1.282029,1
3532,0.05641887;-0.01651409;1.223331,0.2110827;-0.03886607;1.252035,0.2544094;-0.216777;1.275698,0.248402;-0.09634424;1.114691,0.244259;-0.09454276;1.113038,-0.05329723;-0.4384997;0.9389258,0.06972662;-0.444728;1.303634,0.135902;-0.4347298;1.281924,1
3566,0.05704278;-0.0165002;1.223858,0.2113085;-0.03921483;1.252189,0.2578079;-0.2183333;1.279576,0.2390821;-0.1533428;1.093058,0.2441959;-0.08879028;1.114857,-0.05324554;-0.4385351;0.9389724,0.06977313;-0.4449376;1.303835,0.1359546;-0.4350478;1.282377,1
3602,0.05753416;-0.01658578;1.223831,0.2114163;-0.03954532;1.252068,0.2600529;-0.2192848;1.27939,0.2385329;-0.1499868;1.091798,0.2424958;-0.07762929;1.111044,-0.05328855;-0.4385519;0.9388006,0.0697576;-0.4450615;1.303751,0.1359123;-0.4352706;1.282362,1
3632,0.05804273;-0.01677977;1.22391,0.2113394;-0.04027903;1.251576,0.2628873;-0.2192339;1.278523,0.2366636;-0.1418617;1.091358,0.2410902;-0.06641635;1.107862,-0.05302245;-0.4385785;0.9385745,0.06937847;-0.4452883;1.303736,0.1355083;-0.4357238;1.282465,1
3666,0.05855704;-0.01678085;1.22452,0.2113388;-0.04073835;1.251292,0.266352;-0.2155277;1.271836,0.2399366;-0.04689557;1.118546,0.2365093;-0.04875606;1.116188,-0.05285492;-0.4387042;0.9389387,0.06924344;-0.4455209;1.304493,0.1354165;-0.4360553;1.283652,1
3699,0.05880591;-0.01680022;1.224657,0.2113058;-0.04139559;1.250624,0.2771215;-0.2590442;1.297274,0.2185997;-0.05103489;1.17181,0.2379777;-0.03738226;1.109136,-0.05216811;-0.4391509;0.9387794,0.06924657;-0.4455949;1.304475,0.1354104;-0.4361923;1.283678,1
3732,0.0590881;-0.01683496;1.224825,0.2115199;-0.0422249;1.24973,0.2820206;-0.2570082;1.290781,0.2240971;-0.05403726;1.167742,0.2360073;-0.02718854;1.109766,-0.0520636;-0.4393875;0.938835,0.06920066;-0.4456327;1.30463,0.1353862;-0.4363115;1.283947,1
3767,0.05946348;-0.01691165;1.225,0.2117313;-0.04261162;1.249233,0.282218;-0.2574588;1.285598,0.2317934;-0.06419747;1.160817,0.2334436;-0.01914085;1.114542,-0.05183094;-0.4400958;0.938854,0.06914179;-0.4456305;1.304785,0.1353248;-0.4363751;1.284274,1
3802,0.0596386;-0.01695846;1.225198,0.2118607;-0.04271835;1.248904,0.2795425;-0.2506578;1.263196,0.2360225;-0.06264034;1.151312,0.2326078;-0.007336701;1.10889,-0.05144013;-0.440778;0.938962,0.06909125;-0.4456027;1.305007,0.1352967;-0.4364032;1.28455,1
3833,0.06006077;-0.01704635;1.225245,0.2119082;-0.0428871;1.248176,0.2799326;-0.2491275;1.254464,0.2392025;-0.06115775;1.142928,0.2298917;-0.0001409921;1.109952,-0.05114191;-0.4411214;0.9389526,0.06927678;-0.4456106;1.305055,0.1354836;-0.4364208;1.284633,1
3867,0.06031423;-0.01705397;1.225279,0.2120856;-0.04300368;1.247257,0.2823772;-0.2474938;1.244037,0.238979;-0.06006913;1.142803,0.227204;0.00603129;1.112988,-0.05078086;-0.4417063;0.9389428,0.06929341;-0.4455796;1.305075,0.1354957;-0.4364103;1.284644,1
3899,0.0608479;-0.01699111;1.22545,0.2124379;-0.04295129;1.24516,0.2819536;-0.2455591;1.237565,0.2372353;-0.04700628;1.137748,0.224502;0.0132128;1.11543,-0.05104413;-0.4418399;0.9394086,0.0700031;-0.4454853;1.305519,0.1362029;-0.4362777;1.285197,1
3932,0.06154503;-0.01706175;1.224413,0.2126592;-0.0430771;1.241532,0.2778135;-0.2443287;1.227664,0.2346404;-0.03588797;1.130336,0.2206257;0.01712781;1.116929,-0.05091717;-0.4418918;0.9398003,0.07010736;-0.4452541;1.305817,0.1363274;-0.4361024;1.2854,1
3967,0.06215776;-0.01700161;1.223289,0.2126306;-0.04299198;1.239963,0.2760296;-0.245895;1.222358,0.233652;-0.03816994;1.130105,0.2177837;0.01891189;1.118661,-0.0508212;-0.4419962;0.939974,0.07029025;-0.4449432;1.305941,0.1366188;-0.4357707;1.285469,1
3999,0.06228112;-0.01692075;1.223388,0.2127628;-0.04269946;1.237855,0.2740858;-0.2467602;1.217529,0.233057;-0.03728195;1.12915,0.2169376;0.02154521;1.119401,-0.05085942;-0.4420005;0.9401504,0.07049248;-0.444787;1.305996,0.1368609;-0.4355814;1.285428,1
4032,0.06242167;-0.01668254;1.223858,0.2127559;-0.04264921;1.237499,0.2731436;-0.2467943;1.214299,0.2323569;-0.03648216;1.129321,0.2165992;0.02433591;1.120458,-0.0510505;-0.4424906;0.9411933,0.07144078;-0.4443414;1.306546,0.1377044;-0.435126;1.285723,1
4069,0.06250553;-0.01659666;1.223629,0.2125907;-0.04261499;1.236132,0.2712832;-0.2478188;1.211163,0.2315931;-0.03495695;1.127311,0.2140118;0.02244958;1.118132,-0.05093815;-0.4425243;0.9412389,0.07135813;-0.444125;1.306536,0.1376563;-0.4349386;1.285624,1
4100,0.06259992;-0.01653978;1.223731,0.2125263;-0.04252656;1.235538,0.2698622;-0.2467135;1.206605,0.2314029;-0.03708145;1.12945,0.2133545;0.02595688;1.114914,-0.05096545;-0.4427867;0.9420618,0.07151893;-0.4438225;1.307022,0.1378224;-0.4346932;1.285871,1
4133,0.06279492;-0.01651848;1.223342,0.2124881;-0.04250459;1.235073,0.2701901;-0.246837;1.204358,0.2300705;-0.03551886;1.128611,0.2116165;0.02632334;1.111843,-0.05090047;-0.4428967;0.9425449,0.07138533;-0.4436764;1.307397,0.1377247;-0.4345954;1.286096,1
4166,0.06288859;-0.01647097;1.223338,0.2124299;-0.04258838;1.233541,0.2711416;-0.2463976;1.200867,0.2284837;-0.03563676;1.126213,0.2072318;0.02529208;1.101911,-0.0509075;-0.4429103;0.9425682,0.07144161;-0.4436742;1.30737,0.1377985;-0.4345811;1.285988,1
4199,0.06297373;-0.01643843;1.223233,0.2123374;-0.04274946;1.23314,0.2712527;-0.2453479;1.197131,0.224654;-0.03926361;1.123625,0.2023151;0.02578965;1.086135,-0.05101122;-0.4428497;0.9425081,0.07165081;-0.4438136;1.307165,0.1380453;-0.4346254;1.285597,1
4317,0.06313135;-0.0163382;1.220829,0.2128501;-0.04402979;1.232579,0.2719745;-0.2366511;1.170631,0.1999336;-0.062093;1.058973,0.1759298;0.0107841;1.038794,-0.05092705;-0.4420735;0.9419108,0.0709066;-0.444285;1.306044,0.1373455;-0.4353163;1.283436,1
4412,0.06190523;-0.01553137;1.219928,0.214704;-0.04206064;1.23421,0.2770427;-0.2211915;1.137166,0.1548235;-0.04163808;1.012612,0.1322198;-0.02674692;0.9908699,-0.05068307;-0.4415986;0.9422268,0.07008854;-0.445174;1.305753,0.136786;-0.4360584;1.282496,1
4433,0.06154954;-0.01518755;1.220077,0.2152478;-0.03966079;1.234957,0.2777831;-0.2214122;1.132431,0.1564185;-0.09031285;1.019178,0.1153773;-0.04258949;0.9757462,-0.05073389;-0.4417776;0.942248,0.07002872;-0.4451764;1.305745,0.1367324;-0.4360306;1.282461,1
4470,0.06177753;-0.01526835;1.219912,0.2155274;-0.03874157;1.23518,0.2780631;-0.2220167;1.131482,0.1534391;-0.0934158;1.018426,0.09786893;-0.0608152;0.9658429,-0.05080293;-0.4419053;0.9422275,0.06995341;-0.4452036;1.305699,0.1366284;-0.4360181;1.282387,1
4503,0.06199378;-0.01498125;1.220072,0.2156256;-0.03823391;1.234969,0.2770987;-0.2206965;1.11824,0.1322683;-0.1087588;0.9989709,0.07958739;-0.07756115;0.954527,-0.05092067;-0.4419098;0.9420586,0.06981398;-0.4449674;1.305255,0.136391;-0.4355977;1.281567,1
4535,0.06221697;-0.01485115;1.220654,0.2157515;-0.03798546;1.234868,0.2772643;-0.2209355;1.118452,0.1292607;-0.1258147;1.000189,0.06502946;-0.09789057;0.9526637,-0.05110066;-0.4419372;0.9421473,0.06989441;-0.444653;1.304954,0.1362718;-0.4349189;1.280497,1
4568,0.06256151;-0.01477;1.22132,0.2158018;-0.03787094;1.234773,0.2774617;-0.2204964;1.131648,0.121011;-0.1396735;0.9977346,0.05048866;-0.1170066;0.9471742,-0.05120108;-0.4421163;0.9423521,0.07002396;-0.4438673;1.304577,0.1360812;-0.4337482;1.279397,1
4598,0.06277636;-0.01454642;1.221611,0.215854;-0.0377709;1.234499,0.2768416;-0.2199559;1.132725,0.1089374;-0.1539309;0.9924901,0.03730005;-0.1357799;0.944538,-0.05113555;-0.4426289;0.9433038,0.06986317;-0.441858;1.304307,0.1355298;-0.4315809;1.278021,1
4632,0.06350438;-0.01439885;1.222413,0.2158785;-0.03766379;1.234431,0.2739685;-0.2182869;1.129222,0.09910963;-0.1660976;0.9906722,0.02298259;-0.1549823;0.9436168,-0.05173543;-0.4431739;0.9440075,0.07031854;-0.4406102;1.304148,0.1355631;-0.430351;1.277478,1
4670,0.06357227;-0.01432004;1.222443,0.2158694;-0.03761154;1.234273,0.2665956;-0.2164016;1.118287,0.08757669;-0.1827683;0.984654,0.01229656;-0.1739262;0.9391811,-0.05320518;-0.4435789;0.9437078,0.07070599;-0.4395265;1.303177,0.1355252;-0.4293003;1.276388,1
4703,0.06364869;-0.0143136;1.222103,0.2158476;-0.03748565;1.233652,0.2534568;-0.2115584;1.10254,0.07522808;-0.1933945;0.9759515,0.001320929;-0.1932588;0.9333242,-0.05439687;-0.4434843;0.9404039,0.07020114;-0.439963;1.298519,0.1337894;-0.4297682;1.270645,1
4732,0.06370019;-0.01416032;1.222457,0.2158794;-0.03735815;1.233766,0.2476411;-0.2122626;1.100848,0.06199176;-0.2090572;0.9750239,-0.00796657;-0.2136832;0.9366906,-0.05516721;-0.4437252;0.9403669,0.07023725;-0.4400209;1.298322,0.1337154;-0.4298119;1.270469,1
4768,0.06377298;-0.01433439;1.221753,0.2157279;-0.03710861;1.233642,0.2156883;-0.2510751;1.114601,0.05262838;-0.2204905;0.9720346,-0.01528669;-0.2324342;0.9328603,-0.05578641;-0.4434956;0.9390407,0.06942298;-0.441112;1.295756,0.1316939;-0.4312697;1.266523,1
4800,0.06376985;-0.01424914;1.221799,0.2155627;-0.03692814;1.233497,0.220522;-0.2491602;1.124823,0.07238735;-0.2356489;0.9867189,-0.02107741;-0.2521425;0.9335095,-0.05726536;-0.4431921;0.9364779,0.06998073;-0.4425041;1.292007,0.1312616;-0.4326603;1.262191,1
4834,0.06379244;-0.01421627;1.221792,0.2150918;-0.03673165;1.233201,0.2192653;-0.2473731;1.112721,0.04129193;-0.2601205;0.9718208,-0.02168776;-0.2698625;0.9334683,-0.06036586;-0.4307148;0.9288836,0.07722452;-0.4459813;1.282098,0.1353675;-0.4350277;1.253129,1
4866,0.06468913;-0.01447301;1.219568,0.2138912;-0.03639229;1.232032,0.1580728;-0.2169705;1.061778,0.02069687;-0.2803591;0.953151,-0.02642002;-0.2893221;0.9297968,-0.06666194;-0.4130002;0.924674,0.09767684;-0.448492;1.270183,0.154085;-0.4354483;1.242898,1
4902,0.06455176;-0.01461442;1.219104,0.2129737;-0.03604553;1.231562,0.1579452;-0.2175814;1.062101,0.02239704;-0.288695;0.956252,-0.03197796;-0.3093815;0.930199,-0.06331418;-0.4047777;0.9251418,0.0910237;-0.4500037;1.271453,0.1474814;-0.4374699;1.242891,1
4935,0.0639683;-0.01439216;1.219156,0.2119739;-0.03567768;1.2309,0.1571826;-0.2182685;1.062538,0.02501494;-0.2999645;0.9605088,-0.03107421;-0.3202672;0.9273419,-0.06181958;-0.4021439;0.9256351,0.08592854;-0.4492901;1.273146,0.1436491;-0.4372475;1.243869,1
4967,0.06382614;-0.01445489;1.218923,0.2111767;-0.03537235;1.230555,0.155237;-0.2203242;1.065288,0.02700287;-0.3134353;0.9687406,-0.02191165;-0.3352461;0.9334434,-0.06115362;-0.4009573;0.9283384,0.0824234;-0.4484062;1.275927,0.140723;-0.4368612;1.245625,1
5000,0.06276221;-0.013929;1.219792,0.2104064;-0.03508238;1.230396,0.153771;-0.222463;1.068256,0.02847835;-0.3158242;0.9679767,-0.00424963;-0.3315283;0.942179,-0.06014615;-0.4008462;0.9310816,0.07958569;-0.4481553;1.278488,0.1383918;-0.4367574;1.247082,1
5032,0.06194725;-0.01365413;1.220253,0.209726;-0.03496589;1.23021,0.1476017;-0.2238522;1.072006,0.02877602;-0.3189349;0.9654081,-0.02090678;-0.3520961;0.9270973,-0.05930395;-0.4003529;0.9322751,0.07810088;-0.4479344;1.279719,0.1368224;-0.4365479;1.247835,1
5067,0.06071942;-0.01334213;1.221819,0.2091113;-0.03489436;1.230272,0.1474088;-0.227268;1.07637,0.03073685;-0.3211677;0.9662392,-0.01677824;-0.3575952;0.9314128,-0.05845423;-0.400891;0.9349471,0.0764899;-0.4477174;1.282398,0.1352751;-0.4363508;1.249804,1
5097,0.06010988;-0.01317247;1.222227,0.2085687;-0.03478197;1.230275,0.1477659;-0.2285562;1.07786,0.0355079;-0.330531;0.9706798,-0.01321313;-0.3655509;0.9313195,-0.0587758;-0.4018915;0.9354898,0.0757848;-0.4471308;1.2832,0.1347291;-0.4358142;1.250489,1
5133,0.05940201;-0.01306952;1.2226,0.2081625;-0.03473269;1.230364,0.1490326;-0.2299337;1.079843,0.03365034;-0.3477513;0.9704224,-0.003277212;-0.3658229;0.939536,-0.05402711;-0.4019676;0.9349989,0.07519106;-0.4469656;1.283778,0.1342617;-0.43571;1.250892,1
5169,0.05865009;-0.01300876;1.223133,0.2079433;-0.03475205;1.230497,0.1576124;-0.2281058;1.089723,0.03981692;-0.3450713;0.9746994,-0.0006410874;-0.3687295;0.9423623,-0.05478261;-0.4028148;0.9350675,0.07477897;-0.4470463;1.283882,0.1338551;-0.435753;1.251005,1
5198,0.05843318;-0.01302221;1.223395,0.2078947;-0.03463472;1.230946,0.1643592;-0.2276934;1.097517,0.04182155;-0.3458095;0.9765888,0.005022109;-0.3779126;0.9498553,-0.05563195;-0.4050301;0.9349313,0.07471924;-0.4471756;1.283834,0.133786;-0.4358401;1.250981,1
5235,0.05821856;-0.01305115;1.223446,0.2078994;-0.0344937;1.2315,0.180261;-0.2273049;1.113626,0.07463472;-0.3360526;1.006471,0.009448037;-0.3812201;0.9539341,-0.0569259;-0.4064534;0.9340943,0.07454512;-0.4477026;1.283277,0.1335553;-0.4361931;1.250718,1
5266,0.05810954;-0.01316757;1.223587,0.2083284;-0.03450014;1.232224,0.1932065;-0.226438;1.124395,0.07937153;-0.3344646;1.010904,0.01406092;-0.3814491;0.9593449,-0.05752769;-0.407685;0.9327356,0.07408287;-0.4484025;1.282332,0.1330924;-0.4368161;1.2501,1
5297,0.05807058;-0.01338101;1.223816,0.2091648;-0.03495567;1.23367,0.205594;-0.226;1.138834,0.07484758;-0.3437377;1.009604,0.01751288;-0.3835217;0.9681032,-0.05903796;-0.4096061;0.93134,0.07387231;-0.4494004;1.281554,0.1327645;-0.437675;1.249893,1
5333,0.0580609;-0.01365922;1.223945,0.2103908;-0.03586741;1.235459,0.2181834;-0.2284707;1.151135,0.06970244;-0.3564174;1.008241,0.01829703;-0.3884173;0.9721894,-0.05989698;-0.4122412;0.9295405,0.07356596;-0.4508654;1.280537,0.1322747;-0.4392813;1.249573,1
5369,0.0581259;-0.01398259;1.224052,0.2111943;-0.03638225;1.236686,0.2286241;-0.2296923;1.161483,0.07418133;-0.3559605;1.012891,0.03072465;-0.3840223;0.981266,-0.06170099;-0.4164931;0.9286723,0.0725847;-0.4510316;1.280611,0.1315801;-0.4396775;1.250198,1
5397,0.05808243;-0.01428316;1.224087,0.2120194;-0.03689086;1.238115,0.2399153;-0.2302786;1.176351,0.08633149;-0.3542437;1.023127,0.04638636;-0.3788669;0.9946486,-0.06202283;-0.417764;0.9279054,0.07138117;-0.451132;1.280823,0.1308899;-0.4400381;1.250864,1
5434,0.05799523;-0.01483105;1.223745,0.212567;-0.0370728;1.238931,0.2526225;-0.2310956;1.191486,0.09961984;-0.3510416;1.034422,0.06297805;-0.3704096;1.008176,-0.06197383;-0.4194813;0.9268725,0.07056431;-0.4510478;1.28092,0.1305206;-0.4401442;1.251441,1
5467,0.05783244;-0.01522905;1.223739,0.2133697;-0.0372155;1.240512,0.2619343;-0.2295124;1.207765,0.1144096;-0.3502368;1.046062,0.0784854;-0.3649399;1.032407,-0.06258302;-0.4214932;0.9265645,0.07018594;-0.4512011;1.281027,0.1302129;-0.4405009;1.252121,1
5497,0.05783521;-0.01548594;1.223761,0.2141295;-0.03754646;1.242381,0.2713097;-0.2305021;1.230913,0.1864087;-0.3351684;1.102418,0.1309892;-0.3487244;1.061855,-0.06353974;-0.4250652;0.9264655,0.06954484;-0.4511327;1.281568,0.1298286;-0.4406672;1.253576,1
5531,0.05754254;-0.01584019;1.223674,0.2146882;-0.03794597;1.244069,0.2739038;-0.2312668;1.238843,0.1644947;-0.3451163;1.084722,0.1237955;-0.3462242;1.064003,-0.06371287;-0.4262973;0.9261789,0.06937298;-0.4512222;1.281611,0.1296992;-0.4409138;1.253999,1
5568,0.05712501;-0.01614402;1.224122,0.2151696;-0.03797399;1.246359,0.2770338;-0.2331164;1.250116,0.1714486;-0.3423638;1.101142,0.1436262;-0.3598508;1.08409,-0.06256551;-0.42894;0.9270961,0.068615;-0.4500575;1.284343,0.1300357;-0.4398438;1.258525,1
5603,0.0570107;-0.01625742;1.223975,0.2152982;-0.03797299;1.247302,0.2789994;-0.2340574;1.260589,0.2077537;-0.375097;1.128514,0.1634867;-0.3610864;1.101702,-0.06163346;-0.4309457;0.9267075,0.06759927;-0.4496092;1.284952,0.1295412;-0.4396902;1.259357,1
5654,0.05694636;-0.01631265;1.223999,0.2155937;-0.03793657;1.24872,0.2793531;-0.2337264;1.272026,0.2112833;-0.3807061;1.129913,0.1715126;-0.3639026;1.108403,-0.06179168;-0.4326743;0.9267902,0.06754573;-0.4496948;1.285355,0.1296603;-0.4397646;1.26019,1
5673,0.05676609;-0.01645551;1.223831,0.2155326;-0.03802903;1.249433,0.2774392;-0.2371191;1.275789,0.2218889;-0.3842309;1.131504,0.1820715;-0.3664528;1.115175,-0.06171358;-0.4332776;0.9267333,0.06756409;-0.4497967;1.28545,0.1297768;-0.439983;1.260557,1
5699,0.05658436;-0.01659925;1.223769,0.215491;-0.03783782;1.250225,0.2749186;-0.2401647;1.280555,0.2172033;-0.3891861;1.126668,0.1978772;-0.426108;1.082048,-0.06136115;-0.4336796;0.9267999,0.06747714;-0.4499227;1.285839,0.1298077;-0.4401587;1.261114,1
5734,0.05631294;-0.01684666;1.223258,0.2152895;-0.03777865;1.250409,0.2725292;-0.241945;1.283347,0.2162318;-0.3895099;1.126923,0.1978232;-0.4254548;1.081469,-0.06066373;-0.4341678;0.9266506,0.0674191;-0.4499666;1.2859,0.1298151;-0.4402061;1.261189,1
5768,0.05675844;-0.01704621;1.222296,0.2149353;-0.03771228;1.251136,0.2696301;-0.2444503;1.295083,0.2153079;-0.388427;1.129765,0.1985138;-0.4264584;1.082503,-0.05906484;-0.4347873;0.9287393,0.06642292;-0.4488407;1.289142,0.1299002;-0.4393533;1.264788,1
5804,0.05628706;-0.01730242;1.222209,0.2145787;-0.03754594;1.25173,0.2655949;-0.2457534;1.298727,0.2106827;-0.3841451;1.133794,0.1975549;-0.4245957;1.087973,-0.05891591;-0.4350573;0.9287528,0.06623141;-0.4491585;1.289369,0.129703;-0.4396323;1.265133,1
5834,0.05658133;-0.01750549;1.221291,0.2141845;-0.03732808;1.252241,0.2620887;-0.245317;1.303639,0.2133984;-0.3840143;1.136691,0.1987218;-0.4228238;1.088423,-0.05830311;-0.4355902;0.9293971,0.06654489;-0.4489226;1.290501,0.1303826;-0.4393123;1.26656,1
5868,0.0560095;-0.01746148;1.221591,0.2138428;-0.03713627;1.252729,0.256492;-0.2477006;1.305185,0.2128241;-0.3850368;1.137251,0.1998305;-0.4241729;1.089428,-0.05746289;-0.4358473;0.9304996,0.0659773;-0.4487584;1.291824,0.1301212;-0.4390934;1.267666,1
5900,0.05547533;-0.01748715;1.221629,0.2134525;-0.03692096;1.252973,0.2520972;-0.2497992;1.305467,0.2133717;-0.3852687;1.13725,0.2000502;-0.4231921;1.088279,-0.05711584;-0.4361682;0.9306294,0.06591006;-0.4486261;1.292172,0.1301355;-0.4388944;1.268123,1
5931,0.05493328;-0.01754445;1.221766,0.213198;-0.03681646;1.253463,0.2480861;-0.2517016;1.305944,0.2175306;-0.3837899;1.165195,0.1973945;-0.4141339;1.120523,-0.05698233;-0.4363029;0.9308147,0.06573287;-0.4484159;1.292688,0.1300458;-0.4387232;1.268957,1
5967,0.05464919;-0.01743464;1.221784,0.21286;-0.0365857;1.253784,0.2437692;-0.253451;1.3057,0.2267974;-0.3926201;1.098701,0.2176899;-0.430212;1.032915,-0.05680308;-0.4365174;0.9308956,0.06577121;-0.4481325;1.293002,0.13015;-0.4384116;1.269504,1
6001,0.05442123;-0.01735831;1.221732,0.2125513;-0.03644403;1.253859,0.2412601;-0.254722;1.304859,0.224474;-0.3962602;1.099503,0.2136526;-0.4328216;1.036131,-0.05658256;-0.4367784;0.9308963,0.06572708;-0.4480127;1.293141,0.1301526;-0.4382716;1.269723,1
6034,0.05411255;-0.01731049;1.221527,0.2122001;-0.03629273;1.253848,0.2400254;-0.2549523;1.303864,0.2269102;-0.3959787;1.097887,0.2153651;-0.4317981;1.032691,-0.05646751;-0.4367118;0.9308884,0.06583387;-0.4478553;1.293283,0.1304261;-0.4380224;1.270065,1
6066,0.05380985;-0.01731639;1.222076,0.2117886;-0.03609978;1.253976,0.2391934;-0.2553434;1.304668,0.2272297;-0.3958823;1.098284,0.2190894;-0.4333854;1.031442,-0.05569601;-0.4371656;0.9328873,0.06546451;-0.4469869;1.29597,0.1304864;-0.437217;1.273019,1
6099,0.05373291;-0.01731831;1.222047,0.2114793;-0.03592329;1.253915,0.2392795;-0.2546708;1.30496,0.2273566;-0.3954968;1.098774,0.2165925;-0.4322208;1.033017,-0.05531713;-0.4373106;0.9329865,0.06570198;-0.4466876;1.296151,0.130791;-0.4368685;1.2732,1
6131,0.05430305;-0.01736296;1.221684,0.2112189;-0.03582814;1.253973,0.2418374;-0.2500332;1.315441,0.2316721;-0.3867809;1.168519,0.2145277;-0.4010761;1.128727,-0.05524828;-0.4374405;0.933653,0.06623387;-0.4465029;1.296991,0.1314875;-0.4365858;1.274193,1
6166,0.05411219;-0.01733022;1.221679,0.2109386;-0.03567769;1.253954,0.2417952;-0.2499935;1.315825,0.230031;-0.3915118;1.110122,0.2157563;-0.4266501;1.047929,-0.0549657;-0.437421;0.9338869,0.0661802;-0.4462896;1.297216,0.1315206;-0.4364003;1.274332,1
6200,0.05380381;-0.01719337;1.221809,0.2107805;-0.03557984;1.254,0.2419641;-0.2506351;1.316061,0.2331524;-0.3783462;1.173443,0.218423;-0.3957633;1.138036,-0.05501857;-0.4374717;0.9340784,0.06646829;-0.4461819;1.297392,0.1318528;-0.4362494;1.274505,1
6236,0.05352076;-0.01706928;1.222075,0.2105889;-0.03548471;1.254046,0.2423565;-0.2511727;1.317107,0.2335141;-0.3963791;1.124438,0.2160031;-0.4199082;1.069735,-0.05470766;-0.4376566;0.9353279,0.06653297;-0.4455928;1.298632,0.1321222;-0.4356379;1.275612,2
6266,0.05436856;-0.01710106;1.221485,0.2104126;-0.03536674;1.254057,0.2342546;-0.2740595;1.292117,0.2348113;-0.3961333;1.124756,0.221547;-0.4101269;1.082219,-0.05457272;-0.4377151;0.9360497,0.06678855;-0.445273;1.299442,0.1325713;-0.4352421;1.276468,2
6298,0.05423173;-0.01704994;1.221603,0.2102412;-0.03528529;1.254067,0.2350751;-0.2738865;1.29204,0.2400618;-0.3975545;1.153748,0.2234351;-0.3991463;1.117466,-0.05468887;-0.4377807;0.9362458,0.06719465;-0.4451208;1.299582,0.1330181;-0.4350125;1.276609,2
6334,0.05472814;-0.01702285;1.221311,0.2101361;-0.03523375;1.254124,0.236272;-0.2735997;1.292446,0.2380128;-0.3984235;1.109735,0.225157;-0.4163914;1.061629,-0.05487627;-0.4381585;0.9369529,0.06783024;-0.4449919;1.300401,0.1337598;-0.4347565;1.277651,2
6367,0.05451918;-0.01694302;1.222135,0.2100768;-0.03518843;1.254267,0.2478169;-0.257909;1.322687,0.2384779;-0.3978682;1.115969,0.2213512;-0.4254105;1.052736,-0.05540213;-0.4388209;0.9380263,0.06817371;-0.4448307;1.301375,0.1341019;-0.4345438;1.278629,2
6398,0.05426272;-0.01686275;1.222772,0.2100167;-0.0351989;1.254441,0.2475995;-0.2576272;1.322284,0.2394642;-0.3975619;1.118726,0.2163166;-0.436307;1.045785,-0.05555465;-0.4390489;0.9386725,0.06852184;-0.444951;1.302024,0.1343916;-0.4346148;1.279364,2
6434,0.05406242;-0.01683223;1.222645,0.2099261;-0.03519253;1.254322,0.247419;-0.2575858;1.319253,0.2413508;-0.3915706;1.138965,0.2227906;-0.4050648;1.089626,-0.05559449;-0.4389481;0.9385966,0.06853711;-0.4449258;1.302003,0.1344304;-0.4345821;1.279371,2
6468,0.05395553;-0.01686589;1.222691,0.2098717;-0.03522299;1.2543,0.2469836;-0.2575365;1.318573,0.2533871;-0.2561598;1.131068,0.2574192;-0.2476111;1.116778,-0.05563693;-0.4389527;0.9386421,0.06871788;-0.4449356;1.302024,0.1346297;-0.4345711;1.279396,2
6499,0.05387713;-0.01687133;1.222724,0.2098263;-0.03523267;1.254264,0.2468042;-0.2573768;1.317896,0.2535761;-0.2539575;1.130424,0.2585594;-0.2394435;1.114576,-0.05573;-0.4388554;0.9386515,0.06878302;-0.4450021;1.301998,0.1346616;-0.4345915;1.27937,2
6532,0.05473762;-0.01704128;1.221518,0.2097287;-0.03525209;1.254066,0.2459663;-0.2575128;1.315416,0.2555014;-0.2441746;1.128491,0.2591881;-0.2299794;1.111617,-0.05568441;-0.438661;0.938528,0.06870776;-0.4449847;1.301933,0.1346229;-0.4345899;1.27932,2
6566,0.05467869;-0.01703203;1.221606,0.2096924;-0.03528079;1.254018,0.2448542;-0.2507684;1.313023,0.2577666;-0.2365033;1.12638,0.2612471;-0.2212867;1.111627,-0.05567739;-0.4386672;0.9385229,0.06883685;-0.4449957;1.301891,0.1347234;-0.4345843;1.279263,2
6599,0.05468905;-0.01703689;1.221687,0.2096889;-0.03528461;1.25402,0.2448576;-0.2481944;1.313457,0.2604609;-0.2211248;1.123106,0.2615633;-0.2129478;1.108662,-0.05562065;-0.4386126;0.938545,0.06892215;-0.445045;1.301908,0.1347679;-0.434599;1.279279,2
6632,0.05465428;-0.01702006;1.221849,0.2096742;-0.03532125;1.254012,0.2434798;-0.2352361;1.303109,0.2613822;-0.2148653;1.117456,0.2616348;-0.1955479;1.108569,-0.05538999;-0.438745;0.9385205,0.06893991;-0.4450706;1.301928,0.1347897;-0.4346351;1.27931,2
6668,0.05476305;-0.01697768;1.221967,0.2097201;-0.03547567;1.25405,0.2424498;-0.2327237;1.3001,0.2623833;-0.1965783;1.114396,0.2583688;-0.1800923;1.116761,-0.05514433;-0.4386826;0.9386401,0.06892912;-0.4450993;1.302106,0.1348027;-0.4346535;1.279496,2
6698,0.05494548;-0.0170105;1.222006,0.2098386;-0.03621175;1.253828,0.2412851;-0.2373385;1.29828,0.2531528;-0.1970917;1.172541,0.2573785;-0.1611061;1.110781,-0.05475132;-0.4381993;0.9383688,0.06919359;-0.4453175;1.30203,0.1350669;-0.4348393;1.279551,2
6732,0.05521295;-0.01700494;1.222272,0.2101632;-0.03665131;1.253968,0.2425714;-0.2483729;1.298815,0.2575533;-0.1418032;1.106635,0.2567798;-0.1390639;1.107326,-0.05465532;-0.4381819;0.9381996,0.0692521;-0.445447;1.301955,0.1350769;-0.4350579;1.279544,2
6766,0.05582764;-0.01695932;1.223219,0.2105915;-0.0373283;1.254117,0.2615858;-0.2093556;1.264211,0.2565407;-0.1213065;1.098697,0.2547003;-0.1162041;1.106733,-0.05428962;-0.4384426;0.9384786,0.06894819;-0.4454271;1.302796,0.1348295;-0.4353561;1.281155,2
6799,0.05654915;-0.01693743;1.223497,0.211281;-0.03832105;1.253822,0.2661339;-0.2520927;1.344275,0.2396439;-0.1403727;1.13157,0.2516953;-0.09470712;1.098075,-0.05376926;-0.4385087;0.9382896,0.06892648;-0.445425;1.302828,0.1348555;-0.4353898;1.281417,2
6832,0.05760472;-0.01679052;1.223918,0.2117991;-0.03896529;1.25368,0.2677383;-0.2537413;1.341529,0.250111;-0.159268;1.109975,0.2532013;-0.07944876;1.092661,-0.05363375;-0.4387286;0.9380966,0.06913431;-0.4454243;1.302887,0.135211;-0.435521;1.28185,2
6866,0.05859317;-0.01653694;1.224596,0.2120802;-0.03964758;1.253441,0.2706422;-0.2556038;1.337326,0.2370972;-0.09549776;1.149596,0.251708;-0.05656474;1.091657,-0.05351852;-0.4387788;0.938096,0.069166;-0.4454116;1.303082,0.1353147;-0.4355648;1.282345,2
6901,0.05971676;-0.01651903;1.225049,0.2123881;-0.0401477;1.252847,0.2780689;-0.2543215;1.279179,0.2388516;-0.09213813;1.145257,0.2471126;-0.03445308;1.091171,-0.05273116;-0.4392612;0.9380237,0.06918718;-0.445334;1.303377,0.135412;-0.4355108;1.282986,2
6933,0.06011707;-0.0164136;1.225385,0.2127228;-0.04064728;1.252084,0.2791879;-0.2544139;1.274356,0.2405536;-0.08618115;1.143157,0.2442532;-0.01949074;1.095535,-0.05234309;-0.4396712;0.9380159,0.06914207;-0.4453287;1.303548,0.1353638;-0.4355616;1.283255,2
6966,0.06053653;-0.01638406;1.225486,0.213017;-0.04098138;1.250977,0.2804851;-0.2503099;1.254386,0.2424332;-0.07320893;1.135874,0.240353;-0.003232621;1.09436,-0.05204346;-0.4400924;0.9379783,0.06925073;-0.4451738;1.30365,0.1355286;-0.435396;1.283452,2
6999,0.06086224;-0.01609625;1.226084,0.2132149;-0.04057365;1.250431,0.2800283;-0.2440315;1.23704,0.2397634;-0.05808758;1.133919,0.2380138;0.01165224;1.098861,-0.05178679;-0.4408296;0.9387223,0.07018013;-0.4447644;1.304583,0.1363892;-0.4350108;1.284539,2
7031,0.06098992;-0.01579736;1.226324,0.2134775;-0.04025751;1.248948,0.2832138;-0.2380412;1.222257,0.2400402;-0.04716719;1.132255,0.2343153;0.02328756;1.097531,-0.05151717;-0.4415396;0.939073,0.07036265;-0.4443723;1.305226,0.1366422;-0.4346672;1.28545,2
7066,0.0611316;-0.01556204;1.226436,0.2136618;-0.03971042;1.247093,0.2858624;-0.2341862;1.21127,0.2413435;-0.03396249;1.122131,0.2316828;0.03313226;1.097485,-0.05125684;-0.4420994;0.9393554,0.07035618;-0.4440572;1.305575,0.1366485;-0.4344518;1.285777,2
7101,0.0613548;-0.01522932;1.22667,0.2137054;-0.03913075;1.245693,0.2852672;-0.2237194;1.194661,0.2409804;-0.02613144;1.122208,0.2286001;0.04432013;1.098541,-0.05152224;-0.4421994;0.9398987,0.07047962;-0.4434855;1.306266,0.1368033;-0.4339228;1.286629,2
7135,0.06206613;-0.01522914;1.225792,0.2138675;-0.03839268;1.24373,0.2855475;-0.2242092;1.192592,0.2410059;-0.02554981;1.122607,0.2265432;0.04758372;1.098622,-0.05140435;-0.4425585;0.9402921,0.07096028;-0.4428259;1.306899,0.1373913;-0.4331734;1.287554,2
7171,0.06217716;-0.01511114;1.225858,0.2138571;-0.03793382;1.242021,0.2861403;-0.2246401;1.190427,0.2401243;-0.0227834;1.122342,0.2248462;0.04922237;1.097355,-0.05109641;-0.4428682;0.9404264,0.07117072;-0.4424557;1.307072,0.1376175;-0.4328346;1.287717,2
7203,0.06261607;-0.01510835;1.22498,0.2139673;-0.03778589;1.240612,0.286925;-0.2255984;1.187174,0.2386893;-0.02052038;1.1244,0.2231655;0.04979678;1.096976,-0.05106563;-0.4430716;0.9404861,0.071257;-0.4421784;1.307135,0.1377316;-0.4326167;1.28777,2
7233,0.0626111;-0.01498683;1.224787,0.213941;-0.03763866;1.238652,0.2859564;-0.2258657;1.184062,0.2371494;-0.01771036;1.11881,0.2211168;0.04773591;1.092658,-0.05103835;-0.443045;0.9401356,0.07131898;-0.4418215;1.306867,0.1378055;-0.4323287;1.287534,2
7266,0.06273556;-0.0149219;1.225011,0.2137974;-0.03781896;1.238345,0.2860402;-0.2265688;1.183712,0.2370849;-0.01804625;1.118702,0.2203082;0.04703137;1.093071,-0.0507553;-0.4433319;0.9403669,0.07137004;-0.4418055;1.307015,0.1378442;-0.4323314;1.287586,2
7300,0.06289831;-0.01496744;1.224748,0.2136923;-0.03803718;1.238291,0.2859923;-0.2266654;1.183709,0.2365282;-0.0211138;1.119156,0.2186476;0.0442755;1.089449,-0.05061106;-0.4433238;0.941518,0.07166193;-0.4415984;1.308162,0.1381859;-0.4321739;1.288651,2
7334,0.06316314;-0.01514678;1.223741,0.2132869;-0.03865033;1.23756,0.2851185;-0.2279476;1.183605,0.2183036;-0.04381347;1.06472,0.2151304;0.03717072;1.074959,-0.05094687;-0.4431048;0.9412102,0.0718915;-0.4417547;1.307756,0.1383575;-0.4323427;1.288194,2
7366,0.06307032;-0.01497249;1.224304,0.2129133;-0.03930036;1.237444,0.2847326;-0.2282877;1.183516,0.2206808;-0.01861462;1.088313,0.2100431;0.0314908;1.06752,-0.05077936;-0.4432862;0.9414838,0.07183706;-0.4417914;1.307953,0.1383311;-0.4323907;1.288292,2
7399,0.06308033;-0.01496326;1.224325,0.212008;-0.04149998;1.236834,0.2842539;-0.2291582;1.183673,0.2199233;-0.0225869;1.085588,0.2002869;0.02041323;1.0516,-0.05079468;-0.4430426;0.9415754,0.07163395;-0.4420124;1.308026,0.1381662;-0.4326859;1.288286,2
7431,0.06305721;-0.01492747;1.224385,0.2123217;-0.04457726;1.23689,0.2838233;-0.2283214;1.182025,0.209161;-0.04471201;1.076329,0.1843703;0.00852418;1.03122,-0.05048959;-0.4428909;0.941638,0.07095067;-0.4427187;1.30792,0.1375464;-0.4337682;1.287696,2
7467,0.06281715;-0.01478981;1.22416,0.2130141;-0.04495307;1.237159,0.2881709;-0.2266119;1.175505,0.1733853;-0.09568577;1.014932,0.1636016;-0.01618072;1.010573,-0.05070909;-0.4423361;0.9408956,0.07036215;-0.4448226;1.306243,0.1367104;-0.4361619;1.284521,2
7498,0.06207086;-0.01441898;1.22387,0.2139868;-0.04394228;1.238016,0.2844774;-0.2155768;1.146188,0.1749388;-0.08820111;1.024806,0.14289;-0.03495299;0.9941665,-0.05081509;-0.4421416;0.9407104,0.0703041;-0.4453031;1.305844,0.1366214;-0.4364548;1.283904,2
7533,0.06182367;-0.01416993;1.224599,0.2150083;-0.04159132;1.23984,0.2844497;-0.2152776;1.139358,0.1729596;-0.08969893;1.026012,0.1229975;-0.05657601;0.9822373,-0.05094313;-0.4421834;0.9412783,0.07019092;-0.4453382;1.306146,0.1365748;-0.4364323;1.28406,2
7568,0.06190844;-0.01412208;1.225036,0.2157053;-0.04016788;1.240798,0.2828136;-0.2173556;1.133298,0.1568919;-0.1100618;1.018564,0.1041253;-0.07827265;0.9658138,-0.05124918;-0.4421727;0.941349,0.07015812;-0.445299;1.306155,0.1365278;-0.4363227;1.284058,2
7598,0.0619252;-0.01411043;1.225019,0.2157843;-0.0397275;1.240768,0.2832071;-0.2155132;1.127304,0.141537;-0.1308848;1.005651,0.0862437;-0.09862962;0.949641,-0.05125785;-0.4418846;0.9408556,0.07013923;-0.4446004;1.305433,0.1364745;-0.4354053;1.283121,2
7632,0.06203936;-0.0139473;1.225468,0.2158754;-0.03941695;1.240824,0.2773475;-0.2131708;1.111895,0.1330267;-0.1403958;0.9980366,0.06919223;-0.1194583;0.940743,-0.05182532;-0.4420516;0.9410397,0.07086063;-0.4437343;1.304978,0.1369856;-0.4341236;1.282193,2
7666,0.06224779;-0.01385761;1.225834,0.2159988;-0.03914404;1.240835,0.2764014;-0.2110917;1.115043,0.1228859;-0.154997;0.9910129,0.05468096;-0.1395882;0.9310358,-0.05230299;-0.4422334;0.9410304,0.07044572;-0.4424972;1.304383,0.1360135;-0.4326068;1.280952,2
7699,0.06284726;-0.01396412;1.224926,0.215961;-0.03900398;1.240587,0.2727049;-0.2070825;1.145941,0.1121818;-0.1705271;0.9805889,0.04470989;-0.159489;0.9223523,-0.05309667;-0.44227;0.9410257,0.07126604;-0.4409219;1.303149,0.1364058;-0.4306522;1.278612,2
7732,0.0632379;-0.01383953;1.225562,0.2158176;-0.03921929;1.239837,0.2524307;-0.2002431;1.102863,0.0973485;-0.1851627;0.9709203,0.02892481;-0.1780466;0.9126479,-0.05346216;-0.442527;0.9411442,0.07098304;-0.4398999;1.302717,0.1357784;-0.429717;1.27777,2
7768,0.06362645;-0.01402238;1.22461,0.2155581;-0.03926732;1.238912,0.1969902;-0.1983677;1.062971,0.05740559;-0.2015453;0.938353,0.01385906;-0.1974024;0.9013894,-0.05435274;-0.4427536;0.9401418,0.06985462;-0.4397528;1.300477,0.1336431;-0.4298001;1.274391,2
7798,0.06385977;-0.01382813;1.225113,0.2150847;-0.03949713;1.237771,0.191835;-0.1982566;1.061733,0.0541278;-0.2096936;0.9355423,0.006429484;-0.2181957;0.8996962,-0.05619856;-0.4428594;0.9376599,0.069653;-0.4409679;1.296375,0.1324373;-0.4312696;1.26921,2
7832,0.06392946;-0.01371221;1.225266,0.2143014;-0.04015853;1.235929,0.1858449;-0.1973851;1.059789,0.04961635;-0.2261366;0.9349295,-0.001135317;-0.2408178;0.8959354,-0.05748447;-0.442862;0.9368073,0.06951136;-0.4415485;1.294173,0.1313361;-0.4321876;1.265752,2
7866,0.06403791;-0.01354252;1.22512,0.2129863;-0.04034594;1.233782,0.1730245;-0.1995968;1.052589,0.04129103;-0.2436011;0.9274959,-0.00542988;-0.2587914;0.8933834,-0.06085011;-0.4367709;0.9269747,0.07854319;-0.444159;1.281607,0.1376605;-0.4336446;1.254126,2
7899,0.06457094;-0.0133494;1.2256,0.2122543;-0.04033271;1.233164,0.1670726;-0.2027202;1.05214,0.0354186;-0.2586568;0.9321483,-0.006530278;-0.2789718;0.9023645,-0.06780382;-0.4275758;0.9275732,0.0975731;-0.4474363;1.274969,0.1547198;-0.4352312;1.24854,2
7931,0.06474173;-0.01325943;1.225577,0.2116425;-0.04045441;1.232517,0.1589329;-0.2090167;1.050006,0.02335994;-0.2847984;0.9304162,-0.01229045;-0.2977405;0.8990058,-0.06408785;-0.4118489;0.9262087,0.1008019;-0.4489015;1.272733,0.1579204;-0.4366583;1.2464,2
7968,0.06480838;-0.01324054;1.225591,0.2111253;-0.04061705;1.232082,0.1571292;-0.2107905;1.053559,0.02612414;-0.2881097;0.9345206,-0.008239237;-0.3083315;0.905439,-0.06276027;-0.406639;0.9257314,0.1030465;-0.4502006;1.271117,0.160014;-0.4380075;1.244665,2
7999,0.06483219;-0.01322129;1.225649,0.2108477;-0.04069546;1.232018,0.1627176;-0.2115076;1.068137,0.03701541;-0.294275;0.947342,-0.003933606;-0.3187298;0.91224,-0.06185253;-0.4038113;0.9257678,0.103483;-0.4505181;1.270911,0.1603379;-0.4382878;1.244478,2
8033,0.06488136;-0.01321318;1.22566,0.2106888;-0.04082177;1.232094,0.1624765;-0.2139115;1.071408,0.04331042;-0.2982981;0.9537544,0.003238302;-0.325583;0.921801,-0.06933835;-0.4046162;0.9280108,0.1042505;-0.4512699;1.270241,0.1609753;-0.4390319;1.243833,2
8066,0.0649694;-0.01322005;1.225675,0.2104793;-0.04096703;1.232253,0.1648018;-0.2168111;1.076341,0.02382697;-0.3367429;0.9334965,0.009189881;-0.3359696;0.9253434,-0.0660836;-0.4024039;0.9267672,0.1048055;-0.4520135;1.269703,0.1613666;-0.4395777;1.243477,2
8100,0.06496632;-0.01323488;1.225738,0.2102595;-0.04106203;1.232683,0.1678266;-0.2202871;1.082066,0.02604347;-0.3492185;0.9422495,-0.01020201;-0.3861589;0.936484,-0.06472371;-0.4018422;0.9253413,0.1054659;-0.4532601;1.268656,0.1617934;-0.4406021;1.242857,2
8131,0.0649766;-0.01322589;1.225748,0.2102303;-0.0410932;1.232993,0.1738075;-0.2208757;1.08779,0.03949471;-0.3476599;0.9577381,0.01281254;-0.3636565;0.9423002,-0.07055453;-0.4045388;0.9259003,0.1062405;-0.4542215;1.267348,0.1623305;-0.4413205;1.241975,2
8168,0.06495238;-0.01319653;1.225755,0.2103828;-0.04090056;1.233651,0.1794758;-0.2228497;1.093058,0.04419497;-0.3479402;0.9604434,0.03370324;-0.3546702;0.9489954,-0.07296869;-0.4044109;0.9249454,0.1069357;-0.4550698;1.265856,0.1628113;-0.441879;1.24122,2
8201,0.06497245;-0.01321271;1.225603,0.2105623;-0.04072055;1.233955,0.1924454;-0.221476;1.099972,0.07814682;-0.3336818;0.9845979,0.03815711;-0.3606428;0.9520514,-0.07556102;-0.403937;0.9237478,0.1077482;-0.4561608;1.263616,0.1634993;-0.4427377;1.239633,2
8232,0.06500732;-0.01320258;1.2256,0.2110142;-0.04054126;1.234912,0.1892698;-0.2355953;1.096265,0.06042111;-0.3575251;0.9815261,0.04537107;-0.3661373;0.969692,-0.07839839;-0.4044607;0.922804,0.1088152;-0.4570562;1.261883,0.1644439;-0.4434387;1.238686,2
8268,0.06506114;-0.01324508;1.225608,0.2115479;-0.03998288;1.236223,0.2314064;-0.2152792;1.134154,0.07363759;-0.3496768;0.9948257,0.01967542;-0.3949247;0.9603097,-0.08043564;-0.409251;0.9223647,0.108634;-0.4574827;1.261451,0.1643113;-0.4438019;1.238457,2
8298,0.0652917;-0.0133526;1.225697,0.2123033;-0.03973221;1.237729,0.2349702;-0.2157858;1.13934,0.0770789;-0.3508651;1.00087,0.02386515;-0.3975073;0.9667544,-0.08334105;-0.4119848;0.9227174,0.108494;-0.4576286;1.261298,0.1642293;-0.4439009;1.238483,2
8331,0.06566549;-0.01357868;1.225887,0.2130832;-0.03965366;1.23894,0.2449687;-0.2205282;1.154715,0.09569187;-0.3544772;1.016614,0.04523642;-0.391693;0.9804037,-0.08557321;-0.4151548;0.9228145,0.1084101;-0.4578531;1.261138,0.1642021;-0.4441055;1.238526,2
8366,0.06577381;-0.01374473;1.226038,0.2136585;-0.04012432;1.240076,0.2511204;-0.2248754;1.162289,0.1453568;-0.3291939;1.047661,0.1048724;-0.3559835;1.017289,-0.08678969;-0.4168728;0.9230177,0.1082657;-0.4579815;1.261201,0.1640621;-0.4443017;1.238872,2
8400,0.06590515;-0.01404982;1.225987,0.2144124;-0.04051746;1.241207,0.2599632;-0.2279246;1.171887,0.1502544;-0.3314737;1.052954,0.1056474;-0.361349;1.02545,-0.08718067;-0.4178286;0.92295,0.1081581;-0.4581359;1.261215,0.1640396;-0.4444996;1.239,2
8432,0.06600007;-0.01428255;1.225933,0.2152492;-0.04097884;1.242732,0.2677329;-0.230611;1.182633,0.1410094;-0.34616;1.048589,0.1064699;-0.366635;1.033701,-0.0875143;-0.4192997;0.9232314,0.1081838;-0.4579391;1.261873,0.1645425;-0.4442372;1.240275,2
8468,0.06589587;-0.01458525;1.225924,0.2159508;-0.04127228;1.244173,0.2720225;-0.2350543;1.194232,0.1419857;-0.3474925;1.051684,0.1120356;-0.3664179;1.041122,-0.08302029;-0.42002;0.9219316,0.1012911;-0.458036;1.26568,0.1589718;-0.4449843;1.243771,2
8499,0.0658149;-0.01474772;1.226128,0.216919;-0.04162621;1.246751,0.2784438;-0.2364826;1.212816,0.1457911;-0.3475687;1.063083,0.1209245;-0.3672458;1.054575,-0.08342782;-0.4234477;0.9226248,0.09949271;-0.4582554;1.267668,0.1570692;-0.4454054;1.246378,2
8531,0.06573252;-0.01512131;1.226435,0.2176815;-0.04194356;1.248484,0.2830441;-0.240467;1.224448,0.200405;-0.3533247;1.101919,0.1454888;-0.3613647;1.068195,-0.08427899;-0.426053;0.9230295,0.09957474;-0.4583101;1.268044,0.157198;-0.4454046;1.24692,2
8567,0.06572428;-0.01544728;1.226386,0.2181983;-0.04215779;1.249613,0.2871428;-0.2383772;1.236545,0.2028386;-0.3749291;1.111893,0.1637249;-0.3821771;1.082411,-0.08411949;-0.4268709;0.9230728,0.09948345;-0.4582538;1.268337,0.1571635;-0.4454006;1.247293,2
8601,0.06575321;-0.01612741;1.224724,0.2186192;-0.04249929;1.251123,0.2894566;-0.240871;1.247125,0.2033095;-0.3748404;1.113194,0.1705112;-0.3809235;1.08836,-0.08225368;-0.4280049;0.9238267,0.09780895;-0.4580843;1.270506,0.1557159;-0.4455169;1.249295,2
8635,0.06508236;-0.01637038;1.224613,0.218968;-0.04261765;1.252277,0.2893687;-0.2413293;1.257373,0.2137861;-0.3549609;1.126345,0.1742819;-0.3771364;1.091638,-0.08130496;-0.4285008;0.9238148,0.09616782;-0.4580172;1.271538,0.1540917;-0.4456891;1.250343,2
8671,0.06492939;-0.01657829;1.224559,0.2190973;-0.04254796;1.253201,0.2897445;-0.2419462;1.267218,0.2140031;-0.3523665;1.127339,0.1808396;-0.3598439;1.101515,-0.08045395;-0.42895;0.9237691,0.09527414;-0.4580541;1.272285,0.1533227;-0.4458851;1.251164,2
8700,0.06481155;-0.01670376;1.224522,0.2191124;-0.04257608;1.254001,0.2899484;-0.2444461;1.27903,0.2105924;-0.3681512;1.124095,0.1869152;-0.3612925;1.109241,-0.07989077;-0.4291575;0.9238806,0.09467634;-0.4581105;1.272898,0.1527589;-0.4460168;1.251833,2
8734,0.06463557;-0.01692272;1.224649,0.2191738;-0.04226348;1.255628,0.2874487;-0.2476978;1.285839,0.2181796;-0.3802177;1.134838,0.1931992;-0.3656023;1.118119,-0.07932712;-0.429663;0.9247385,0.09443564;-0.4584787;1.274417,0.1525373;-0.4462551;1.25378,2
8767,0.06430107;-0.01730068;1.223925,0.2204897;-0.04362629;1.259902,0.2808426;-0.2503943;1.284209,0.1906699;-0.3584858;1.11534,0.1971208;-0.3547637;1.105033,-0.07917027;-0.4296761;0.924378,0.09384777;-0.4590415;1.274251,0.1517848;-0.4470046;1.253626,2
8801,0.06399983;-0.01746852;1.224125,0.2208105;-0.04330993;1.26339,0.2793724;-0.2502307;1.284423,0.2412792;-0.3957673;1.095055,0.2189656;-0.438508;1.03034,-0.07851785;-0.4301985;0.9253843,0.09353033;-0.4594086;1.275415,0.1515386;-0.4471754;1.254589,2
8834,0.0633302;-0.01772498;1.22385,0.2207382;-0.04292286;1.264785,0.2711993;-0.2508973;1.281639,0.2391115;-0.395663;1.093482,0.2177887;-0.4378924;1.029554,-0.07767571;-0.4304527;0.9255815,0.09326758;-0.4594494;1.276086,0.1513317;-0.447193;1.255302,2
8867,0.06269255;-0.01797703;1.223498,0.2205818;-0.04246802;1.265805,0.2605919;-0.2556913;1.277265,0.2137012;-0.4061663;1.083341,0.2102307;-0.4495714;1.028256,-0.07686439;-0.4309908;0.9255971,0.09289961;-0.4593463;1.276607,0.1509908;-0.4471059;1.255861,2
8901,0.06275886;-0.01834861;1.221555,0.2201792;-0.0419726;1.266147,0.2383136;-0.2872471;1.25257,0.2406808;-0.3948108;1.08821,0.2280765;-0.4303105;1.017366,-0.07624169;-0.4311681;0.925739,0.0927946;-0.4591983;1.277021,0.1509792;-0.4469206;1.25625,2
8932,0.06284133;-0.01855523;1.220588,0.2198572;-0.04159555;1.266685,0.2391326;-0.2722669;1.264397,0.2384673;-0.3948722;1.110417,0.2251986;-0.4097699;1.070907,-0.07591868;-0.4312986;0.9260801,0.09282804;-0.4592108;1.277479,0.1510671;-0.4468076;1.256726,2
8967,0.06206965;-0.01878095;1.220343,0.2193797;-0.04118045;1.266915,0.2384636;-0.27197;1.262895,0.246079;-0.3990415;1.076168,0.2398578;-0.4322501;1.004757,-0.07549793;-0.431319;0.9264054,0.09289141;-0.4590102;1.27807,0.1512407;-0.4465421;1.257416,2
8999,0.06159525;-0.01888829;1.220098,0.2188796;-0.04079104;1.267061,0.2379479;-0.2713472;1.262662,0.2446761;-0.3979286;1.080924,0.2368938;-0.4271543;1.015328,-0.07510978;-0.4315013;0.92699,0.09311005;-0.4587089;1.278837,0.1516388;-0.4461694;1.25822,2
9032,0.06117331;-0.01894268;1.220069,0.2184351;-0.04044388;1.267292,0.2377893;-0.272346;1.263316,0.2470716;-0.3975509;1.085422,0.2373235;-0.4211231;1.027291,-0.07452711;-0.4314838;0.9274198,0.09331053;-0.4585043;1.279616,0.1519882;-0.4457902;1.259187,2
9069,0.06093485;-0.01902419;1.220173,0.2180151;-0.04015977;1.267385,0.2385191;-0.2782282;1.270538,0.2305522;-0.4004362;1.13089,0.2143548;-0.4108075;1.095665,-0.07426014;-0.4315582;0.9277898,0.0932417;-0.4583403;1.280233,0.1519964;-0.4455527;1.259899,2
9098,0.06062588;-0.01903785;1.220323,0.2176232;-0.03983136;1.267746,0.2395829;-0.2776837;1.27702,0.2374484;-0.394928;1.132597,0.2226358;-0.4075582;1.095851,-0.07352602;-0.4318039;0.9289189,0.09324137;-0.4583209;1.281818,0.1520367;-0.4455547;1.261629,2
9133,0.06036192;-0.01907345;1.220226,0.2173879;-0.03964357;1.267903,0.2397853;-0.2775919;1.277889,0.2351283;-0.3965976;1.135223,0.2190315;-0.4067026;1.097933,-0.07342117;-0.4319026;0.9291295,0.09323887;-0.4582621;1.282109,0.1520736;-0.4455012;1.261935,2
9166,0.06006679;-0.01911221;1.220427,0.217194;-0.03946954;1.268247,0.2408219;-0.2769159;1.282775,0.2271172;-0.4039849;1.111959,0.2115089;-0.4302117;1.061496,-0.07316723;-0.431997;0.9294535,0.09306394;-0.4582244;1.282672,0.1518862;-0.4454783;1.262583,2
9199,0.05974574;-0.01913466;1.220384,0.2169994;-0.039274;1.268493,0.2381202;-0.2826677;1.280842,0.2412745;-0.3953245;1.132879,0.2256242;-0.404732;1.093735,-0.07302117;-0.432032;0.9296471,0.09298675;-0.4581897;1.282874,0.1518158;-0.4454629;1.262718,2
9232,0.05960028;-0.019169;1.220401,0.2169039;-0.03918914;1.268717,0.2418332;-0.2815674;1.285809,0.2417714;-0.3935786;1.137272,0.2262193;-0.4040534;1.099009,-0.0728993;-0.4321267;0.929736,0.09293839;-0.458114;1.283032,0.1517841;-0.4454048;1.262865,2
9268,0.05936934;-0.01918842;1.220479,0.2168347;-0.03911411;1.268859,0.2426701;-0.2812488;1.286932,0.240661;-0.3932447;1.138111,0.2249575;-0.4038372;1.099689,-0.0728512;-0.4322173;0.9297696,0.09287743;-0.4580807;1.283156,0.1517236;-0.4453915;1.263048,2
9301,0.05911914;-0.01925083;1.220423,0.2167328;-0.03901586;1.268964,0.2427729;-0.2810029;1.287894,0.2570929;-0.2708029;1.101094,0.2534214;-0.2563119;1.108214,-0.072717;-0.4321815;0.9297342,0.09281341;-0.4580754;1.283195,0.1516464;-0.4453977;1.263102,2
9332,0.05978052;-0.01944063;1.219209,0.2166712;-0.0389539;1.269018,0.2381769;-0.2821824;1.282444,0.2581145;-0.2698815;1.096306,0.2518368;-0.2546816;1.107042,-0.07261708;-0.4321068;0.9296954,0.09283811;-0.458052;1.28319,0.1516809;-0.4453669;1.263104,2
